timestamp,id,name,symbol,slug,infinite_supply,circulating_supply,total_supply,max_supply,date_added,num_market_pairs,cmc_rank,last_updated,tvl_ratio,platform,self_reported_circulating_supply,self_reported_market_cap,minted_market_cap,tags,quote.USD.price,quote.USD.volume_24h,quote.USD.cex_volume_24h,quote.USD.dex_volume_24h,quote.USD.volume_change_24h,quote.USD.percent_change_1h,quote.USD.percent_change_24h,quote.USD.percent_change_7d,quote.USD.percent_change_30d,quote.USD.percent_change_60d,quote.USD.percent_change_90d,quote.USD.market_cap,quote.USD.market_cap_dominance,quote.USD.fully_diluted_market_cap,quote.USD.tvl,quote.USD.last_updated,platform.id,platform.slug,platform.name,platform.symbol,platform.token_address
2026-07-24 14:13:52.062766,1.0,Bitcoin,BTC,bitcoin,False,20060671.0,20060671.0,21000000.0,2010-07-13T00:00:00.000Z,12673.0,1.0,2026-07-24T12:11:00.000Z,,,,,1304418696870.69,"['mineable', 'pow', 'sha-256', 'store-of-value', 'state-channel', 'coinbase-ventures-portfolio', 'three-arrows-capital-portfolio', 'polychain-capital-portfolio', 'binance-labs-portfolio', 'blockchain-capital-portfolio', 'boostvc-portfolio', 'cms-holdings-portfolio', 'dcg-portfolio', 'dragonfly-capital-portfolio', 'electric-capital-portfolio', 'fabric-ventures-portfolio', 'framework-ventures-portfolio', 'galaxy-digital-portfolio', 'huobi-capital-portfolio', 'alameda-research-portfolio', 'a16z-portfolio', '1confirmation-portfolio', 'winklevoss-capital-portfolio', 'usv-portfolio', 'placeholder-ventures-portfolio', 'pantera-capital-portfolio', 'multicoin-capital-portfolio', 'paradigm-portfolio', 'bitcoin-ecosystem', 'layer-1', 'ftx-bankruptcy-estate', '2017-2018-alt-season', 'us-strategic-crypto-reserve', 'binance-ecosystem', 'binance-listing', 'sec-cftc-token-taxonomy', 'sec-cftc-digital-commodities']",65023.682252238126,25232536680.27318,25205589521.772884,26947158.50029257,17.6225,0.13576864,-0.63588891,2.87160847,3.50778579,-15.84888951,-16.31355789,1304418696870.688,58.949,1365497327297.0,,2026-07-24T12:11:00.000Z,,,,,
2026-07-24 14:13:52.062766,1027.0,Ethereum,ETH,ethereum,True,120682712.41641597,120682712.41641597,,2015-08-07T00:00:00.000Z,12237.0,2.0,2026-07-24T12:12:00.000Z,,,,,227234321577.5,"['pos', 'smart-contracts', 'ethereum-ecosystem', 'coinbase-ventures-portfolio', 'three-arrows-capital-portfolio', 'polychain-capital-portfolio', 'binance-labs-portfolio', 'blockchain-capital-portfolio', 'boostvc-portfolio', 'cms-holdings-portfolio', 'dcg-portfolio', 'dragonfly-capital-portfolio', 'electric-capital-portfolio', 'fabric-ventures-portfolio', 'framework-ventures-portfolio', 'hashkey-capital-portfolio', 'kenetic-capital-portfolio', 'huobi-capital-portfolio', 'alameda-research-portfolio', 'a16z-portfolio', '1confirmation-portfolio', 'winklevoss-capital-portfolio', 'usv-portfolio', 'placeholder-ventures-portfolio', 'pantera-capital-portfolio', 'multicoin-capital-portfolio', 'paradigm-portfolio', 'ethereum-pow-ecosystem', 'layer-1', 'ftx-bankruptcy-estate', 'sora-ecosystem', 'rsk-rbtc-ecosystem', 'world-liberty-financial-portfolio', 'us-strategic-crypto-reserve', 'binance-ecosystem', 'binance-listing', 'abstract-chain-ecosystem', 'unichain-ecosystem', 'soneium-ecosystem', 'sophon-ecosystem', 'sec-cftc-token-taxonomy', 'sec-cftc-digital-commodities', 'anubis-ecosystem', 'robinhood-ecosystem']",1882.9069800273403,10027928519.344982,9944944352.016,82984167.32898174,5.4492,0.15556796,-2.05783738,2.58720814,12.2863634,-10.88731718,-18.69575832,227234321577.5018,10.2727,227234321577.5,,2026-07-24T12:12:00.000Z,,,,,
2026-07-24 14:13:52.062766,825.0,Tether USDt,USDT,tether,True,184156916986.16385,189106724037.45197,,2015-02-25T00:00:00.000Z,191306.0,3.0,2026-07-24T12:12:00.000Z,,,,,188947538098.23,"['stablecoin', 'asset-backed-stablecoin', 'usd-stablecoin', 'ethereum-pow-ecosystem', 'fiat-stablecoin', 'tron20-ecosystem', 'rsk-rbtc-ecosystem', 'venom-ecosystem', 'world-liberty-financial-portfolio', 'binance-ecosystem', 'binance-listing', 'peaq-ecosystem', 'etherlink-ecosystem', 'duckchain-ecosystem', 'onus-ecosystem', 'sophon-ecosystem', 'xlayer-ecosystem']",0.9991582216865328,52532721606.39046,51044679656.634056,1488041949.7564476,8.3101,-0.01114318,-0.03300698,0.01271329,0.04732049,0.00756009,-0.09541341,184001897687.16992,8.3173,188947538098.23,,2026-07-24T12:12:00.000Z,1027.0,ethereum,Ethereum,ETH,0xdac17f958d2ee523a2206206994597c13d831ec7
2026-07-24 14:13:52.062766,1839.0,BNB,BNB,bnb,False,133165746.73,133165746.73,133165747.53,2017-07-25T00:00:00.000Z,3316.0,4.0,2026-07-24T12:13:00.000Z,,,,,75367791945.5,"['marketplace', 'centralized-exchange', 'payments', 'smart-contracts', 'alameda-research-portfolio', 'multicoin-capital-portfolio', 'bnb-chain-ecosystem', 'layer-1', 'alleged-sec-securities', 'celsius-bankruptcy-estate', 'binance-ecosystem', 'binance-listing', 'etherlink-ecosystem', 'made-in-china']",565.969806772567,926973415.8464906,904630232.1726644,22343183.67382631,-1.2721,-0.00222788,-0.61670541,0.40451729,-2.19040572,-14.59486329,-10.84006192,75367791945.5027,3.4068,75367792398.28,,2026-07-24T12:13:00.000Z,,,,,
2026-07-24 14:13:52.062766,3408.0,USDC,USDC,usd-coin,False,72978910168.95134,72978910168.95134,,2018-10-08T00:00:00.000Z,41807.0,5.0,2026-07-24T12:12:00.000Z,,,60901219650.23,60896208759.00158,72972905537.47,"['medium-of-exchange', 'stablecoin', 'asset-backed-stablecoin', 'stellar-ecosystem', 'coinbase-ventures-portfolio', 'usd-stablecoin', 'xdc-ecosystem', 'ethereum-pow-ecosystem', 'fiat-stablecoin', 'tron20-ecosystem', 'venom-ecosystem', 'made-in-america', 'world-liberty-financial-portfolio', 'sonic-ecosystem', 'binance-ecosystem', 'binance-listing', 'hyperevm-ecosystem', 'etherlink-ecosystem', 'unichain-ecosystem', 'vector-smart-chain-ecosystem', 'sophon-ecosystem', 'monad-ecosystem', 'xlayer-ecosystem']",0.9999177210036646,10129242309.073017,8828529923.822433,1300712385.2505841,8.8587,-0.00334049,-0.00196691,0.00313297,0.01077138,0.01428343,0.01199131,72972905537.46898,3.2969,72972905537.47,,2026-07-24T12:12:00.000Z,1027.0,ethereum,Ethereum,ETH,0xa0b86991c6218b36c1d19d4a2e9eb0ce3606eb48
2026-07-24 14:13:52.062766,52.0,XRP,XRP,xrp,False,62466503703.0,99985639695.0,100000000000.0,2013-08-04T00:00:00.000Z,1851.0,6.0,2026-07-24T12:12:00.000Z,,,,,110251764032.74,"['medium-of-exchange', 'enterprise-solutions', 'xrp-ecosystem', 'solana-ecosystem', 'arrington-xrp-capital-portfolio', 'galaxy-digital-portfolio', 'a16z-portfolio', 'pantera-capital-portfolio', 'ftx-bankruptcy-estate', '2017-2018-alt-season', 'klaytn-ecosystem', 'made-in-america', 'us-strategic-crypto-reserve', 'binance-ecosystem', 'binance-listing', 'iso-20022', 'sec-cftc-token-taxonomy', 'sec-cftc-digital-commodities']",1.10267598796241,1119482735.6646357,1118716073.4116127,766662.2530229,19.4259,-0.2403162,-2.56336099,1.89941727,0.85961119,-18.6859206,-22.9285509,68880313685.26306,3.1139,110267598796.24,,2026-07-24T12:12:00.000Z,,,,,
2026-07-24 14:13:52.062766,5426.0,Solana,SOL,solana,True,582864861.9342287,630867516.9633151,,2020-04-10T00:00:00.000Z,1147.0,7.0,2026-07-24T12:11:00.000Z,,,525236893.3,39442568345.10813,47374880690.88,"['pos', 'platform', 'solana-ecosystem', 'cms-holdings-portfolio', 'kenetic-capital-portfolio', 'alameda-research-portfolio', 'multicoin-capital-portfolio', 'okx-ventures-portfolio', 'layer-1', 'ftx-bankruptcy-estate', 'alleged-sec-securities', 'cmc-crypto-awards-2024', 'made-in-america', 'us-strategic-crypto-reserve', 'binance-ecosystem', 'binance-listing', 'sec-cftc-token-taxonomy', 'sec-cftc-digital-commodities', 'coinlist-launchpad']",75.09481692593076,1634442263.165592,1634371622.741772,70640.42381982,4.4931,-0.33704203,-3.19794083,0.5550326,7.71031651,-12.40359877,-13.07261967,43770130099.50881,1.9785,47374880690.88,,2026-07-24T12:11:00.000Z,,,,,
2026-07-24 14:13:52.062766,1958.0,TRON,TRX,tron,True,94878859029.26059,94878859501.95769,,2017-09-13T00:00:00.000Z,1352.0,8.0,2026-07-24T12:12:00.000Z,,,94667886298.43,31347206351.669037,31417065527.83,"['media', 'payments', 'tron-ecosystem', 'layer-1', 'dwf-labs-portfolio', 'alleged-sec-securities', '2017-2018-alt-season', 'tron20-ecosystem', 'world-liberty-financial-portfolio', 'binance-ecosystem', 'binance-listing', 'made-in-china']",0.3311281953930021,453673833.9218598,453588596.20450485,85237.71735492,21.1923,-0.07772442,1.22089353,2.68714508,0.05049823,-9.58753716,2.5747923,31417065371.3061,1.4198,31417065527.83,,2026-07-24T12:12:00.000Z,,,,,
2026-07-24 14:13:52.062766,32196.0,Hyperliquid,HYPE,hyperliquid,False,252727609.92386654,953084179.5974618,953084878.0666131,2024-07-15T10:14:50.000Z,293.0,9.0,2026-07-24T12:12:00.000Z,,,333931719.0,19495911119.87203,55643843929.63,"['decentralized-exchange-dex-token', 'defi', 'derivatives', 'layer-1', 'hyperliquid-ecosystem', 'binance-ecosystem', 'binance-listing', 'perpetuals']",58.3829268398191,347020076.3271213,299937502.8978312,47082573.42929011,-6.9698,-0.05368456,-1.46027531,-2.63047757,-6.50169119,-8.16432063,40.26902064,14754977560.587439,0.6666,55643884708.3,,2026-07-24T12:12:00.000Z,32196.0,hyperliquid,Hyperliquid,HYPE,0x0d01dc56dcaaca66ad901c959b4011ec
2026-07-24 14:13:52.062766,74.0,Dogecoin,DOGE,dogecoin,True,155202516383.70523,155202516383.70523,,2013-12-15T00:00:00.000Z,1456.0,10.0,2026-07-24T12:12:00.000Z,,,,,10765765310.5,"['mineable', 'pow', 'scrypt', 'medium-of-exchange', 'memes', 'payments', 'doggone-doggerel', 'doge-chain-ecosystem', 'osmosis-ecosystem', 'ftx-bankruptcy-estate', 'animal-memes', 'made-in-america', 'binance-ecosystem', 'binance-listing', 'sec-cftc-token-taxonomy', 'sec-cftc-digital-commodities']",0.06936591984041982,935590865.910601,935223036.7854987,367829.12510222,87.5381,-0.60655811,-4.02246759,-3.47189213,-12.04476679,-32.47066007,-29.17505273,10765765310.50354,0.4866,10765765310.5,,2026-07-24T12:12:00.000Z,,,,,
2026-07-24 14:13:52.062766,3957.0,UNUS SED LEO,LEO,unus-sed-leo,False,920129382.9,985239504.0,,2019-05-21T00:00:00.000Z,69.0,11.0,2026-07-24T12:13:00.000Z,,,,,9457328188.45,"['marketplace', 'centralized-exchange', 'discount-token', 'payments', 'ethereum-ecosystem', 'kenetic-capital-portfolio', 'alameda-research-portfolio']",9.599014402135897,577329.07851256,577329.07851256,0.0,180.1017,-0.00637077,-1.31264667,-2.02234711,0.79624908,-4.55709794,-6.36986804,8832335198.285515,0.3992,9457328188.45,,2026-07-24T12:13:00.000Z,1027.0,ethereum,Ethereum,ETH,0x2af5d2ad76741191d15dfe7bf6ac92d4bd912ca3
2026-07-24 14:13:52.062766,1437.0,Zcash,ZEC,zcash,False,16786844.4155448,16786844.4155448,21000000.0,2016-10-29T00:00:00.000Z,630.0,12.0,2026-07-24T12:12:00.000Z,,,,,8424237062.49,"['mineable', 'pow', 'equihash', 'medium-of-exchange', 'privacy', 'zero-knowledge-proofs', 'quantum-resistant', 'binance-chain', 'boostvc-portfolio', 'dcg-portfolio', 'electric-capital-portfolio', 'fenbushi-capital-portfolio', 'hashkey-capital-portfolio', 'winklevoss-capital-portfolio', 'placeholder-ventures-portfolio', 'pantera-capital-portfolio', 'layer-1', 'standard-crypto-portfolio', '2017-2018-alt-season', 'made-in-america', 'binance-ecosystem', 'binance-listing', 'privacy-coins']",501.83565498995034,401249781.6591342,369627070.5201262,31622711.13900804,13.2049,0.43343848,-2.86543956,-6.11349714,19.67640832,-25.41522598,40.44574473,8424237062.489315,0.3807,10538548754.79,,2026-07-24T12:12:00.000Z,,,,,
2026-07-24 14:13:52.062766,328.0,Monero,XMR,monero,True,18782099.14058,18782099.14058,,2014-05-21T00:00:00.000Z,372.0,13.0,2026-07-24T12:12:00.000Z,,,,,6602277787.69,"['mineable', 'pow', 'medium-of-exchange', 'privacy', 'ringct', 'boostvc-portfolio', 'electric-capital-portfolio', 'galaxy-digital-portfolio', 'layer-1', '2017-2018-alt-season', 'binance-ecosystem', 'binance-listing', 'privacy-coins']",351.51969640206585,101460645.65229817,101460645.65229817,0.0,48.3884,-0.53107127,1.34351897,8.55955983,8.34988481,-9.06333433,-5.15206874,6602277787.690184,0.2984,6602277787.69,,2026-07-24T12:12:00.000Z,,,,,
2026-07-24 14:13:52.062766,1975.0,Chainlink,LINK,chainlink,False,748099970.424884,1000000000.0,1000000000.0,2017-09-20T00:00:00.000Z,2259.0,14.0,2026-07-24T12:12:00.000Z,,,,,8446999895.09,"['platform', 'cosmos-ecosystem', 'defi', 'privacy', 'interoperability', 'iot', 'oracles', 'smart-contracts', 'ethereum-ecosystem', 'tron-ecosystem', 'polkadot', 'polkadot-ecosystem', 'heco-ecosystem', 'avalanche-ecosystem', 'solana-ecosystem', 'framework-ventures-portfolio', 'hedera-hashgraph-ecosystem', 'polygon-ecosystem', 'fantom-ecosystem', 'cardano-ecosystem', 'terra-ecosystem', 'web3', 'near-protocol-ecosystem', 'arbitrum-ecosystem', 'celo-ecosystem', 'defi-2', 'cross-chain', 'cronos-ecosystem', 'cardano', 'injective-ecosystem', 'bnb-chain-ecosystem', 'oasis-ecosystem', 'moonbeam-ecosystem', 'xdc-ecosystem', 'metisdao-ecosystem', 'velas-ecosystem', 'doge-chain-ecosystem', 'aptos-ecosystem', 'sui-ecosystem', 'optimism-ecosystem', 'bitcoin-ecosystem', 'real-world-assets-protocols', 'zksync-era-ecosystem', 'kadena-ecosystem', 'base-ecosystem', 'linea-ecosystem', 'sei-ecosystem', 'toncoin-ecosystem', 'paal-ecosystem', 'blast-ecosystem', 'atomicals-ecosystem', 'move-vm', 'eigenlayer-ecosystem', 'hyperliquid-ecosystem', 'gnosis-chain-ecosystem', 'ronin-ecosystem', 'astar-ecosystem', 'core-ecosystem', 'starknet-ecosystem', 'mantle-ecosystem', 'opbnb-ecosystem', 'scroll-ecosystem', 'merlin-ecosystem', 'b²-network-ecosystem', 'mode-ecosystem', 'world-chain-mainnet-ecosystem', 'made-in-america', 'btcfi', 'world-liberty-financial-portfolio', 'corn-ecosystem', 'bonk-fun-ecosystem', 'sonic-ecosystem', 'binance-ecosystem', 'binance-listing', 'bittensor-ecosystem', 'hyperevm-ecosystem', 'etherlink-ecosystem', 'bera-chain-ecosystem', 'abstract-chain-ecosystem', 'unichain-ecosystem', 'soneium-ecosystem', 'fraxtal-ecosystem', 'monad-ecosystem', 'hashkey-chain-ecosystem', 'wlfi-ecosystem', 'plasma-ecosystem', 'x402-ecosystem', 'iso-20022', 'megaeth-ecosystem', 'sec-cftc-token-taxonomy', 'sec-cftc-digital-commodities', 'robinhood-ecosystem']",8.446999895092311,190411962.7970625,185338457.8070544,5073504.99000804,-4.3391,-0.19799248,-2.03898263,3.20193627,10.89088235,-11.34620273,-10.03402531,6319200371.697556,0.2856,8446999895.09,,2026-07-24T12:12:00.000Z,1027.0,ethereum,Ethereum,ETH,0x514910771af9ca656af840dff83e8264ecf986ca
2026-07-24 14:13:52.062766,512.0,Stellar,XLM,stellar,False,34174900114.233486,50001786839.912476,50001806812.0,2014-08-05T00:00:00.000Z,827.0,15.0,2026-07-24T12:12:00.000Z,,,31531408660.0,5750379778.711941,9118820761.99,"['medium-of-exchange', 'enterprise-solutions', 'decentralized-exchange-dex-token', 'defi', 'smart-contracts', 'hashkey-capital-portfolio', 'real-world-assets-protocols', '2017-2018-alt-season', 'made-in-america', 'binance-ecosystem', 'binance-listing', 'iso-20022', 'sec-cftc-token-taxonomy', 'sec-cftc-digital-commodities']",0.18236989792361344,124944606.47578843,124793890.69214332,150715.7836451,-12.0894,-0.11418208,-1.2140572,-0.75639829,-4.96260514,21.01457549,5.881498,6232473045.382446,0.2818,9118824404.3,,2026-07-24T12:12:00.000Z,,,,,
2026-07-24 14:13:52.062766,2010.0,Cardano,ADA,cardano,False,36489899411.97189,44993202652.386566,45000000000.0,2017-10-01T00:00:00.000Z,1718.0,16.0,2026-07-24T12:12:00.000Z,,,37997904336.0,6310608160.877713,7472371879.55,"['dpos', 'pos', 'platform', 'research', 'smart-contracts', 'staking', 'cardano-ecosystem', 'cardano', 'layer-1', 'alleged-sec-securities', '2017-2018-alt-season', 'made-in-america', 'us-strategic-crypto-reserve', 'binance-ecosystem', 'binance-listing', 'iso-20022', 'sec-cftc-token-taxonomy', 'sec-cftc-digital-commodities']",0.16607779484562027,234017672.84210464,233153872.4917243,863800.35038044,-15.5205,-0.2229368,-4.81626717,3.45248251,12.08319479,-32.08893379,-34.03495535,6060162028.478788,0.2739,7473500768.05,,2026-07-24T12:12:00.000Z,,,,,
2026-07-24 14:13:52.062766,37263.0,Canton,CC,canton-network,True,39145141881.92199,39145141881.92199,,2025-07-08T04:07:45.000Z,108.0,17.0,2026-07-24T12:12:00.000Z,,,39145141881.92,4684921127.105878,4684921127.11,"['proof-of-authority', 'store-of-value', 'enterprise-solutions', 'privacy', 'interoperability', 'scaling', 'smart-contracts', 'layer-1', 'binance-ecosystem', 'binance-listing', 'privacy-blockchain']",0.11968078034402799,12479749.89958139,10410910.57886952,2068839.32071187,6.3739,-0.34432729,-0.46562459,-7.74347222,-20.46069442,-27.67741553,-21.18971404,4684921127.106115,0.2117,4684921127.11,,2026-07-24T12:12:00.000Z,,,,,
2026-07-24 14:13:52.062766,4943.0,Dai,DAI,multi-collateral-dai,True,4647076141.403908,4647076141.403908,,2019-11-22T00:00:00.000Z,3771.0,18.0,2026-07-24T12:12:00.000Z,,,,,4646348022.55,"['defi', 'stablecoin', 'asset-backed-stablecoin', 'usd-stablecoin', 'xlayer-ecosystem', 'anubis-ecosystem']",0.9998433167805905,37010666.47890818,380483.61652185,36630182.86238632,8.7318,-0.00418017,0.03619549,0.00895897,0.02666186,0.0256376,0.01260397,4646348022.553231,0.21,4646348022.55,,2026-07-24T12:12:00.000Z,1027.0,ethereum,Ethereum,ETH,0x6b175474e89094c44da98b954eedeac495271d0f
2026-07-24 14:13:52.062766,1831.0,Bitcoin Cash,BCH,bitcoin-cash,False,20065618.75,20065618.75,21000000.0,2017-07-23T00:00:00.000Z,1173.0,19.0,2026-07-24T12:12:00.000Z,,,,,4213984951.81,"['mineable', 'pow', 'sha-256', 'marketplace', 'medium-of-exchange', 'store-of-value', 'enterprise-solutions', 'payments', 'layer-1', '2017-2018-alt-season', 'made-in-america', 'binance-ecosystem', 'binance-listing', 'sec-cftc-token-taxonomy', 'sec-cftc-digital-commodities']",210.01021719344308,99124846.35020079,99118320.24135812,6526.10884267,24.4101,-0.0963769,-2.87047299,-3.82074611,8.36842469,-39.88114309,-53.70762054,4213984951.808324,0.1905,4410214561.06,,2026-07-24T12:12:00.000Z,,,,,
2026-07-24 14:13:52.062766,36148.0,World Liberty Financial USD,USD1,usd1,False,4152511634.4574523,4152511634.4574523,,2025-04-13T05:37:56.000Z,1229.0,20.0,2026-07-24T12:12:00.000Z,,,,,4147245638.11,"['stablecoin', 'asset-backed-stablecoin', 'usd-stablecoin', 'tron20-ecosystem', 'made-in-america', 'world-liberty-financial-portfolio', 'binance-ecosystem', 'binance-listing', 'wlfi-ecosystem']",0.9987318527162753,945485984.170863,908440889.5820392,37045094.58882382,38.4457,-0.01763356,-0.04325915,-0.02143601,-0.04610715,-0.02529719,-0.1001525,4147245638.1075797,0.1874,4147245638.11,,2026-07-24T12:12:00.000Z,1027.0,ethereum,Ethereum,ETH,0x8d0D000Ee44948FC98c9B98A4FA4921476f08B0d
2026-07-24 14:13:52.062766,1.0,Bitcoin,BTC,bitcoin,False,20060671.0,20060671.0,21000000.0,2010-07-13T00:00:00.000Z,12673.0,1.0,2026-07-24T12:11:00.000Z,,,,,1304418696870.69,"['mineable', 'pow', 'sha-256', 'store-of-value', 'state-channel', 'coinbase-ventures-portfolio', 'three-arrows-capital-portfolio', 'polychain-capital-portfolio', 'binance-labs-portfolio', 'blockchain-capital-portfolio', 'boostvc-portfolio', 'cms-holdings-portfolio', 'dcg-portfolio', 'dragonfly-capital-portfolio', 'electric-capital-portfolio', 'fabric-ventures-portfolio', 'framework-ventures-portfolio', 'galaxy-digital-portfolio', 'huobi-capital-portfolio', 'alameda-research-portfolio', 'a16z-portfolio', '1confirmation-portfolio', 'winklevoss-capital-portfolio', 'usv-portfolio', 'placeholder-ventures-portfolio', 'pantera-capital-portfolio', 'multicoin-capital-portfolio', 'paradigm-portfolio', 'bitcoin-ecosystem', 'layer-1', 'ftx-bankruptcy-estate', '2017-2018-alt-season', 'us-strategic-crypto-reserve', 'binance-ecosystem', 'binance-listing', 'sec-cftc-token-taxonomy', 'sec-cftc-digital-commodities']",65023.682252238126,25232536680.27318,25205589521.772884,26947158.50029257,17.6225,0.13576864,-0.63588891,2.87160847,3.50778579,-15.84888951,-16.31355789,1304418696870.688,58.949,1365497327297.0,,2026-07-24T12:11:00.000Z,,,,,
2026-07-24 14:13:52.062766,1027.0,Ethereum,ETH,ethereum,True,120682712.41641597,120682712.41641597,,2015-08-07T00:00:00.000Z,12237.0,2.0,2026-07-24T12:12:00.000Z,,,,,227234321577.5,"['pos', 'smart-contracts', 'ethereum-ecosystem', 'coinbase-ventures-portfolio', 'three-arrows-capital-portfolio', 'polychain-capital-portfolio', 'binance-labs-portfolio', 'blockchain-capital-portfolio', 'boostvc-portfolio', 'cms-holdings-portfolio', 'dcg-portfolio', 'dragonfly-capital-portfolio', 'electric-capital-portfolio', 'fabric-ventures-portfolio', 'framework-ventures-portfolio', 'hashkey-capital-portfolio', 'kenetic-capital-portfolio', 'huobi-capital-portfolio', 'alameda-research-portfolio', 'a16z-portfolio', '1confirmation-portfolio', 'winklevoss-capital-portfolio', 'usv-portfolio', 'placeholder-ventures-portfolio', 'pantera-capital-portfolio', 'multicoin-capital-portfolio', 'paradigm-portfolio', 'ethereum-pow-ecosystem', 'layer-1', 'ftx-bankruptcy-estate', 'sora-ecosystem', 'rsk-rbtc-ecosystem', 'world-liberty-financial-portfolio', 'us-strategic-crypto-reserve', 'binance-ecosystem', 'binance-listing', 'abstract-chain-ecosystem', 'unichain-ecosystem', 'soneium-ecosystem', 'sophon-ecosystem', 'sec-cftc-token-taxonomy', 'sec-cftc-digital-commodities', 'anubis-ecosystem', 'robinhood-ecosystem']",1882.9069800273403,10027928519.344982,9944944352.016,82984167.32898174,5.4492,0.15556796,-2.05783738,2.58720814,12.2863634,-10.88731718,-18.69575832,227234321577.5018,10.2727,227234321577.5,,2026-07-24T12:12:00.000Z,,,,,
2026-07-24 14:13:52.062766,825.0,Tether USDt,USDT,tether,True,184156916986.16385,189106724037.45197,,2015-02-25T00:00:00.000Z,191306.0,3.0,2026-07-24T12:12:00.000Z,,,,,188947538098.23,"['stablecoin', 'asset-backed-stablecoin', 'usd-stablecoin', 'ethereum-pow-ecosystem', 'fiat-stablecoin', 'tron20-ecosystem', 'rsk-rbtc-ecosystem', 'venom-ecosystem', 'world-liberty-financial-portfolio', 'binance-ecosystem', 'binance-listing', 'peaq-ecosystem', 'etherlink-ecosystem', 'duckchain-ecosystem', 'onus-ecosystem', 'sophon-ecosystem', 'xlayer-ecosystem']",0.9991582216865328,52532721606.39046,51044679656.634056,1488041949.7564476,8.3101,-0.01114318,-0.03300698,0.01271329,0.04732049,0.00756009,-0.09541341,184001897687.16992,8.3173,188947538098.23,,2026-07-24T12:12:00.000Z,1027.0,ethereum,Ethereum,ETH,0xdac17f958d2ee523a2206206994597c13d831ec7
2026-07-24 14:13:52.062766,1839.0,BNB,BNB,bnb,False,133165746.73,133165746.73,133165747.53,2017-07-25T00:00:00.000Z,3316.0,4.0,2026-07-24T12:13:00.000Z,,,,,75367791945.5,"['marketplace', 'centralized-exchange', 'payments', 'smart-contracts', 'alameda-research-portfolio', 'multicoin-capital-portfolio', 'bnb-chain-ecosystem', 'layer-1', 'alleged-sec-securities', 'celsius-bankruptcy-estate', 'binance-ecosystem', 'binance-listing', 'etherlink-ecosystem', 'made-in-china']",565.969806772567,926973415.8464906,904630232.1726644,22343183.67382631,-1.2721,-0.00222788,-0.61670541,0.40451729,-2.19040572,-14.59486329,-10.84006192,75367791945.5027,3.4068,75367792398.28,,2026-07-24T12:13:00.000Z,,,,,
2026-07-24 14:13:52.062766,3408.0,USDC,USDC,usd-coin,False,72978910168.95134,72978910168.95134,,2018-10-08T00:00:00.000Z,41807.0,5.0,2026-07-24T12:12:00.000Z,,,60901219650.23,60896208759.00158,72972905537.47,"['medium-of-exchange', 'stablecoin', 'asset-backed-stablecoin', 'stellar-ecosystem', 'coinbase-ventures-portfolio', 'usd-stablecoin', 'xdc-ecosystem', 'ethereum-pow-ecosystem', 'fiat-stablecoin', 'tron20-ecosystem', 'venom-ecosystem', 'made-in-america', 'world-liberty-financial-portfolio', 'sonic-ecosystem', 'binance-ecosystem', 'binance-listing', 'hyperevm-ecosystem', 'etherlink-ecosystem', 'unichain-ecosystem', 'vector-smart-chain-ecosystem', 'sophon-ecosystem', 'monad-ecosystem', 'xlayer-ecosystem']",0.9999177210036646,10129242309.073017,8828529923.822433,1300712385.2505841,8.8587,-0.00334049,-0.00196691,0.00313297,0.01077138,0.01428343,0.01199131,72972905537.46898,3.2969,72972905537.47,,2026-07-24T12:12:00.000Z,1027.0,ethereum,Ethereum,ETH,0xa0b86991c6218b36c1d19d4a2e9eb0ce3606eb48
2026-07-24 14:13:52.062766,52.0,XRP,XRP,xrp,False,62466503703.0,99985639695.0,100000000000.0,2013-08-04T00:00:00.000Z,1851.0,6.0,2026-07-24T12:12:00.000Z,,,,,110251764032.74,"['medium-of-exchange', 'enterprise-solutions', 'xrp-ecosystem', 'solana-ecosystem', 'arrington-xrp-capital-portfolio', 'galaxy-digital-portfolio', 'a16z-portfolio', 'pantera-capital-portfolio', 'ftx-bankruptcy-estate', '2017-2018-alt-season', 'klaytn-ecosystem', 'made-in-america', 'us-strategic-crypto-reserve', 'binance-ecosystem', 'binance-listing', 'iso-20022', 'sec-cftc-token-taxonomy', 'sec-cftc-digital-commodities']",1.10267598796241,1119482735.6646357,1118716073.4116127,766662.2530229,19.4259,-0.2403162,-2.56336099,1.89941727,0.85961119,-18.6859206,-22.9285509,68880313685.26306,3.1139,110267598796.24,,2026-07-24T12:12:00.000Z,,,,,
2026-07-24 14:13:52.062766,5426.0,Solana,SOL,solana,True,582864861.9342287,630867516.9633151,,2020-04-10T00:00:00.000Z,1147.0,7.0,2026-07-24T12:11:00.000Z,,,525236893.3,39442568345.10813,47374880690.88,"['pos', 'platform', 'solana-ecosystem', 'cms-holdings-portfolio', 'kenetic-capital-portfolio', 'alameda-research-portfolio', 'multicoin-capital-portfolio', 'okx-ventures-portfolio', 'layer-1', 'ftx-bankruptcy-estate', 'alleged-sec-securities', 'cmc-crypto-awards-2024', 'made-in-america', 'us-strategic-crypto-reserve', 'binance-ecosystem', 'binance-listing', 'sec-cftc-token-taxonomy', 'sec-cftc-digital-commodities', 'coinlist-launchpad']",75.09481692593076,1634442263.165592,1634371622.741772,70640.42381982,4.4931,-0.33704203,-3.19794083,0.5550326,7.71031651,-12.40359877,-13.07261967,43770130099.50881,1.9785,47374880690.88,,2026-07-24T12:11:00.000Z,,,,,
2026-07-24 14:13:52.062766,1958.0,TRON,TRX,tron,True,94878859029.26059,94878859501.95769,,2017-09-13T00:00:00.000Z,1352.0,8.0,2026-07-24T12:12:00.000Z,,,94667886298.43,31347206351.669037,31417065527.83,"['media', 'payments', 'tron-ecosystem', 'layer-1', 'dwf-labs-portfolio', 'alleged-sec-securities', '2017-2018-alt-season', 'tron20-ecosystem', 'world-liberty-financial-portfolio', 'binance-ecosystem', 'binance-listing', 'made-in-china']",0.3311281953930021,453673833.9218598,453588596.20450485,85237.71735492,21.1923,-0.07772442,1.22089353,2.68714508,0.05049823,-9.58753716,2.5747923,31417065371.3061,1.4198,31417065527.83,,2026-07-24T12:12:00.000Z,,,,,
2026-07-24 14:13:52.062766,32196.0,Hyperliquid,HYPE,hyperliquid,False,252727609.92386654,953084179.5974618,953084878.0666131,2024-07-15T10:14:50.000Z,293.0,9.0,2026-07-24T12:12:00.000Z,,,333931719.0,19495911119.87203,55643843929.63,"['decentralized-exchange-dex-token', 'defi', 'derivatives', 'layer-1', 'hyperliquid-ecosystem', 'binance-ecosystem', 'binance-listing', 'perpetuals']",58.3829268398191,347020076.3271213,299937502.8978312,47082573.42929011,-6.9698,-0.05368456,-1.46027531,-2.63047757,-6.50169119,-8.16432063,40.26902064,14754977560.587439,0.6666,55643884708.3,,2026-07-24T12:12:00.000Z,32196.0,hyperliquid,Hyperliquid,HYPE,0x0d01dc56dcaaca66ad901c959b4011ec
2026-07-24 14:13:52.062766,74.0,Dogecoin,DOGE,dogecoin,True,155202516383.70523,155202516383.70523,,2013-12-15T00:00:00.000Z,1456.0,10.0,2026-07-24T12:12:00.000Z,,,,,10765765310.5,"['mineable', 'pow', 'scrypt', 'medium-of-exchange', 'memes', 'payments', 'doggone-doggerel', 'doge-chain-ecosystem', 'osmosis-ecosystem', 'ftx-bankruptcy-estate', 'animal-memes', 'made-in-america', 'binance-ecosystem', 'binance-listing', 'sec-cftc-token-taxonomy', 'sec-cftc-digital-commodities']",0.06936591984041982,935590865.910601,935223036.7854987,367829.12510222,87.5381,-0.60655811,-4.02246759,-3.47189213,-12.04476679,-32.47066007,-29.17505273,10765765310.50354,0.4866,10765765310.5,,2026-07-24T12:12:00.000Z,,,,,
2026-07-24 14:13:52.062766,3957.0,UNUS SED LEO,LEO,unus-sed-leo,False,920129382.9,985239504.0,,2019-05-21T00:00:00.000Z,69.0,11.0,2026-07-24T12:13:00.000Z,,,,,9457328188.45,"['marketplace', 'centralized-exchange', 'discount-token', 'payments', 'ethereum-ecosystem', 'kenetic-capital-portfolio', 'alameda-research-portfolio']",9.599014402135897,577329.07851256,577329.07851256,0.0,180.1017,-0.00637077,-1.31264667,-2.02234711,0.79624908,-4.55709794,-6.36986804,8832335198.285515,0.3992,9457328188.45,,2026-07-24T12:13:00.000Z,1027.0,ethereum,Ethereum,ETH,0x2af5d2ad76741191d15dfe7bf6ac92d4bd912ca3
2026-07-24 14:13:52.062766,1437.0,Zcash,ZEC,zcash,False,16786844.4155448,16786844.4155448,21000000.0,2016-10-29T00:00:00.000Z,630.0,12.0,2026-07-24T12:12:00.000Z,,,,,8424237062.49,"['mineable', 'pow', 'equihash', 'medium-of-exchange', 'privacy', 'zero-knowledge-proofs', 'quantum-resistant', 'binance-chain', 'boostvc-portfolio', 'dcg-portfolio', 'electric-capital-portfolio', 'fenbushi-capital-portfolio', 'hashkey-capital-portfolio', 'winklevoss-capital-portfolio', 'placeholder-ventures-portfolio', 'pantera-capital-portfolio', 'layer-1', 'standard-crypto-portfolio', '2017-2018-alt-season', 'made-in-america', 'binance-ecosystem', 'binance-listing', 'privacy-coins']",501.83565498995034,401249781.6591342,369627070.5201262,31622711.13900804,13.2049,0.43343848,-2.86543956,-6.11349714,19.67640832,-25.41522598,40.44574473,8424237062.489315,0.3807,10538548754.79,,2026-07-24T12:12:00.000Z,,,,,
2026-07-24 14:13:52.062766,328.0,Monero,XMR,monero,True,18782099.14058,18782099.14058,,2014-05-21T00:00:00.000Z,372.0,13.0,2026-07-24T12:12:00.000Z,,,,,6602277787.69,"['mineable', 'pow', 'medium-of-exchange', 'privacy', 'ringct', 'boostvc-portfolio', 'electric-capital-portfolio', 'galaxy-digital-portfolio', 'layer-1', '2017-2018-alt-season', 'binance-ecosystem', 'binance-listing', 'privacy-coins']",351.51969640206585,101460645.65229817,101460645.65229817,0.0,48.3884,-0.53107127,1.34351897,8.55955983,8.34988481,-9.06333433,-5.15206874,6602277787.690184,0.2984,6602277787.69,,2026-07-24T12:12:00.000Z,,,,,
2026-07-24 14:13:52.062766,1975.0,Chainlink,LINK,chainlink,False,748099970.424884,1000000000.0,1000000000.0,2017-09-20T00:00:00.000Z,2259.0,14.0,2026-07-24T12:12:00.000Z,,,,,8446999895.09,"['platform', 'cosmos-ecosystem', 'defi', 'privacy', 'interoperability', 'iot', 'oracles', 'smart-contracts', 'ethereum-ecosystem', 'tron-ecosystem', 'polkadot', 'polkadot-ecosystem', 'heco-ecosystem', 'avalanche-ecosystem', 'solana-ecosystem', 'framework-ventures-portfolio', 'hedera-hashgraph-ecosystem', 'polygon-ecosystem', 'fantom-ecosystem', 'cardano-ecosystem', 'terra-ecosystem', 'web3', 'near-protocol-ecosystem', 'arbitrum-ecosystem', 'celo-ecosystem', 'defi-2', 'cross-chain', 'cronos-ecosystem', 'cardano', 'injective-ecosystem', 'bnb-chain-ecosystem', 'oasis-ecosystem', 'moonbeam-ecosystem', 'xdc-ecosystem', 'metisdao-ecosystem', 'velas-ecosystem', 'doge-chain-ecosystem', 'aptos-ecosystem', 'sui-ecosystem', 'optimism-ecosystem', 'bitcoin-ecosystem', 'real-world-assets-protocols', 'zksync-era-ecosystem', 'kadena-ecosystem', 'base-ecosystem', 'linea-ecosystem', 'sei-ecosystem', 'toncoin-ecosystem', 'paal-ecosystem', 'blast-ecosystem', 'atomicals-ecosystem', 'move-vm', 'eigenlayer-ecosystem', 'hyperliquid-ecosystem', 'gnosis-chain-ecosystem', 'ronin-ecosystem', 'astar-ecosystem', 'core-ecosystem', 'starknet-ecosystem', 'mantle-ecosystem', 'opbnb-ecosystem', 'scroll-ecosystem', 'merlin-ecosystem', 'b²-network-ecosystem', 'mode-ecosystem', 'world-chain-mainnet-ecosystem', 'made-in-america', 'btcfi', 'world-liberty-financial-portfolio', 'corn-ecosystem', 'bonk-fun-ecosystem', 'sonic-ecosystem', 'binance-ecosystem', 'binance-listing', 'bittensor-ecosystem', 'hyperevm-ecosystem', 'etherlink-ecosystem', 'bera-chain-ecosystem', 'abstract-chain-ecosystem', 'unichain-ecosystem', 'soneium-ecosystem', 'fraxtal-ecosystem', 'monad-ecosystem', 'hashkey-chain-ecosystem', 'wlfi-ecosystem', 'plasma-ecosystem', 'x402-ecosystem', 'iso-20022', 'megaeth-ecosystem', 'sec-cftc-token-taxonomy', 'sec-cftc-digital-commodities', 'robinhood-ecosystem']",8.446999895092311,190411962.7970625,185338457.8070544,5073504.99000804,-4.3391,-0.19799248,-2.03898263,3.20193627,10.89088235,-11.34620273,-10.03402531,6319200371.697556,0.2856,8446999895.09,,2026-07-24T12:12:00.000Z,1027.0,ethereum,Ethereum,ETH,0x514910771af9ca656af840dff83e8264ecf986ca
2026-07-24 14:13:52.062766,512.0,Stellar,XLM,stellar,False,34174900114.233486,50001786839.912476,50001806812.0,2014-08-05T00:00:00.000Z,827.0,15.0,2026-07-24T12:12:00.000Z,,,31531408660.0,5750379778.711941,9118820761.99,"['medium-of-exchange', 'enterprise-solutions', 'decentralized-exchange-dex-token', 'defi', 'smart-contracts', 'hashkey-capital-portfolio', 'real-world-assets-protocols', '2017-2018-alt-season', 'made-in-america', 'binance-ecosystem', 'binance-listing', 'iso-20022', 'sec-cftc-token-taxonomy', 'sec-cftc-digital-commodities']",0.18236989792361344,124944606.47578843,124793890.69214332,150715.7836451,-12.0894,-0.11418208,-1.2140572,-0.75639829,-4.96260514,21.01457549,5.881498,6232473045.382446,0.2818,9118824404.3,,2026-07-24T12:12:00.000Z,,,,,
2026-07-24 14:13:52.062766,2010.0,Cardano,ADA,cardano,False,36489899411.97189,44993202652.386566,45000000000.0,2017-10-01T00:00:00.000Z,1718.0,16.0,2026-07-24T12:12:00.000Z,,,37997904336.0,6310608160.877713,7472371879.55,"['dpos', 'pos', 'platform', 'research', 'smart-contracts', 'staking', 'cardano-ecosystem', 'cardano', 'layer-1', 'alleged-sec-securities', '2017-2018-alt-season', 'made-in-america', 'us-strategic-crypto-reserve', 'binance-ecosystem', 'binance-listing', 'iso-20022', 'sec-cftc-token-taxonomy', 'sec-cftc-digital-commodities']",0.16607779484562027,234017672.84210464,233153872.4917243,863800.35038044,-15.5205,-0.2229368,-4.81626717,3.45248251,12.08319479,-32.08893379,-34.03495535,6060162028.478788,0.2739,7473500768.05,,2026-07-24T12:12:00.000Z,,,,,
2026-07-24 14:13:52.062766,37263.0,Canton,CC,canton-network,True,39145141881.92199,39145141881.92199,,2025-07-08T04:07:45.000Z,108.0,17.0,2026-07-24T12:12:00.000Z,,,39145141881.92,4684921127.105878,4684921127.11,"['proof-of-authority', 'store-of-value', 'enterprise-solutions', 'privacy', 'interoperability', 'scaling', 'smart-contracts', 'layer-1', 'binance-ecosystem', 'binance-listing', 'privacy-blockchain']",0.11968078034402799,12479749.89958139,10410910.57886952,2068839.32071187,6.3739,-0.34432729,-0.46562459,-7.74347222,-20.46069442,-27.67741553,-21.18971404,4684921127.106115,0.2117,4684921127.11,,2026-07-24T12:12:00.000Z,,,,,
2026-07-24 14:13:52.062766,4943.0,Dai,DAI,multi-collateral-dai,True,4647076141.403908,4647076141.403908,,2019-11-22T00:00:00.000Z,3771.0,18.0,2026-07-24T12:12:00.000Z,,,,,4646348022.55,"['defi', 'stablecoin', 'asset-backed-stablecoin', 'usd-stablecoin', 'xlayer-ecosystem', 'anubis-ecosystem']",0.9998433167805905,37010666.47890818,380483.61652185,36630182.86238632,8.7318,-0.00418017,0.03619549,0.00895897,0.02666186,0.0256376,0.01260397,4646348022.553231,0.21,4646348022.55,,2026-07-24T12:12:00.000Z,1027.0,ethereum,Ethereum,ETH,0x6b175474e89094c44da98b954eedeac495271d0f
2026-07-24 14:13:52.062766,1831.0,Bitcoin Cash,BCH,bitcoin-cash,False,20065618.75,20065618.75,21000000.0,2017-07-23T00:00:00.000Z,1173.0,19.0,2026-07-24T12:12:00.000Z,,,,,4213984951.81,"['mineable', 'pow', 'sha-256', 'marketplace', 'medium-of-exchange', 'store-of-value', 'enterprise-solutions', 'payments', 'layer-1', '2017-2018-alt-season', 'made-in-america', 'binance-ecosystem', 'binance-listing', 'sec-cftc-token-taxonomy', 'sec-cftc-digital-commodities']",210.01021719344308,99124846.35020079,99118320.24135812,6526.10884267,24.4101,-0.0963769,-2.87047299,-3.82074611,8.36842469,-39.88114309,-53.70762054,4213984951.808324,0.1905,4410214561.06,,2026-07-24T12:12:00.000Z,,,,,
2026-07-24 14:13:52.062766,36148.0,World Liberty Financial USD,USD1,usd1,False,4152511634.4574523,4152511634.4574523,,2025-04-13T05:37:56.000Z,1229.0,20.0,2026-07-24T12:12:00.000Z,,,,,4147245638.11,"['stablecoin', 'asset-backed-stablecoin', 'usd-stablecoin', 'tron20-ecosystem', 'made-in-america', 'world-liberty-financial-portfolio', 'binance-ecosystem', 'binance-listing', 'wlfi-ecosystem']",0.9987318527162753,945485984.170863,908440889.5820392,37045094.58882382,38.4457,-0.01763356,-0.04325915,-0.02143601,-0.04610715,-0.02529719,-0.1001525,4147245638.1075797,0.1874,4147245638.11,,2026-07-24T12:12:00.000Z,1027.0,ethereum,Ethereum,ETH,0x8d0D000Ee44948FC98c9B98A4FA4921476f08B0d
2026-07-24 14:14:52.234572,1.0,Bitcoin,BTC,bitcoin,False,20060671.0,20060671.0,21000000.0,2010-07-13T00:00:00.000Z,12673.0,1.0,2026-07-24T12:12:00.000Z,,,,,1304784998858.93,"['mineable', 'pow', 'sha-256', 'store-of-value', 'state-channel', 'coinbase-ventures-portfolio', 'three-arrows-capital-portfolio', 'polychain-capital-portfolio', 'binance-labs-portfolio', 'blockchain-capital-portfolio', 'boostvc-portfolio', 'cms-holdings-portfolio', 'dcg-portfolio', 'dragonfly-capital-portfolio', 'electric-capital-portfolio', 'fabric-ventures-portfolio', 'framework-ventures-portfolio', 'galaxy-digital-portfolio', 'huobi-capital-portfolio', 'alameda-research-portfolio', 'a16z-portfolio', '1confirmation-portfolio', 'winklevoss-capital-portfolio', 'usv-portfolio', 'placeholder-ventures-portfolio', 'pantera-capital-portfolio', 'multicoin-capital-portfolio', 'paradigm-portfolio', 'bitcoin-ecosystem', 'layer-1', 'ftx-bankruptcy-estate', '2017-2018-alt-season', 'us-strategic-crypto-reserve', 'binance-ecosystem', 'binance-listing', 'sec-cftc-token-taxonomy', 'sec-cftc-digital-commodities']",65041.94195991411,25230775570.243237,25203828748.798866,26946821.44436864,17.5983,0.1491514,-0.67038173,2.89692857,3.5922717,-15.85082234,-16.28194317,1304784998858.9321,58.9655,1365880781158.2,,2026-07-24T12:12:00.000Z,,,,,
2026-07-24 14:14:52.234572,1027.0,Ethereum,ETH,ethereum,True,120682712.41641597,120682712.41641597,,2015-08-07T00:00:00.000Z,12237.0,2.0,2026-07-24T12:13:00.000Z,,,,,227156208114.16,"['pos', 'smart-contracts', 'ethereum-ecosystem', 'coinbase-ventures-portfolio', 'three-arrows-capital-portfolio', 'polychain-capital-portfolio', 'binance-labs-portfolio', 'blockchain-capital-portfolio', 'boostvc-portfolio', 'cms-holdings-portfolio', 'dcg-portfolio', 'dragonfly-capital-portfolio', 'electric-capital-portfolio', 'fabric-ventures-portfolio', 'framework-ventures-portfolio', 'hashkey-capital-portfolio', 'kenetic-capital-portfolio', 'huobi-capital-portfolio', 'alameda-research-portfolio', 'a16z-portfolio', '1confirmation-portfolio', 'winklevoss-capital-portfolio', 'usv-portfolio', 'placeholder-ventures-portfolio', 'pantera-capital-portfolio', 'multicoin-capital-portfolio', 'paradigm-portfolio', 'ethereum-pow-ecosystem', 'layer-1', 'ftx-bankruptcy-estate', 'sora-ecosystem', 'rsk-rbtc-ecosystem', 'world-liberty-financial-portfolio', 'us-strategic-crypto-reserve', 'binance-ecosystem', 'binance-listing', 'abstract-chain-ecosystem', 'unichain-ecosystem', 'soneium-ecosystem', 'sophon-ecosystem', 'sec-cftc-token-taxonomy', 'sec-cftc-digital-commodities', 'anubis-ecosystem', 'robinhood-ecosystem']",1882.259716953926,10169154456.321669,10086375268.325542,82779187.99612232,6.9011,0.07475587,-2.08159273,2.59942173,12.27277996,-10.92005215,-18.72963449,227156208114.15518,10.2627,227156208114.16,,2026-07-24T12:13:00.000Z,,,,,
2026-07-24 14:14:52.234572,825.0,Tether USDt,USDT,tether,True,184156916986.16385,189106724037.45197,,2015-02-25T00:00:00.000Z,191306.0,3.0,2026-07-24T12:13:00.000Z,,,,,188948619274.53,"['stablecoin', 'asset-backed-stablecoin', 'usd-stablecoin', 'ethereum-pow-ecosystem', 'fiat-stablecoin', 'tron20-ecosystem', 'rsk-rbtc-ecosystem', 'venom-ecosystem', 'world-liberty-financial-portfolio', 'binance-ecosystem', 'binance-listing', 'peaq-ecosystem', 'etherlink-ecosystem', 'duckchain-ecosystem', 'onus-ecosystem', 'sophon-ecosystem', 'xlayer-ecosystem']",0.9991639389676485,52651228801.69088,51162561349.69522,1488667451.9957592,9.925,-0.0173428,-0.03741985,0.00815408,0.05068418,0.00995393,-0.09340152,184002950564.03372,8.3173,188948619274.53,,2026-07-24T12:13:00.000Z,1027.0,ethereum,Ethereum,ETH,0xdac17f958d2ee523a2206206994597c13d831ec7
2026-07-24 14:14:52.234572,1839.0,BNB,BNB,bnb,False,133165746.73,133165746.73,133165747.53,2017-07-25T00:00:00.000Z,3316.0,4.0,2026-07-24T12:13:00.000Z,,,,,75367791945.5,"['marketplace', 'centralized-exchange', 'payments', 'smart-contracts', 'alameda-research-portfolio', 'multicoin-capital-portfolio', 'bnb-chain-ecosystem', 'layer-1', 'alleged-sec-securities', 'celsius-bankruptcy-estate', 'binance-ecosystem', 'binance-listing', 'etherlink-ecosystem', 'made-in-china']",565.969806772567,926973415.8464906,904630232.1726644,22343183.67382631,-1.2721,-0.00222788,-0.61670541,0.40451729,-2.19040572,-14.59486329,-10.84006192,75367791945.5027,3.4068,75367792398.28,,2026-07-24T12:13:00.000Z,,,,,
2026-07-24 14:14:52.234572,3408.0,USDC,USDC,usd-coin,False,72978910168.95134,72978910168.95134,,2018-10-08T00:00:00.000Z,41807.0,5.0,2026-07-24T12:12:00.000Z,,,60901219650.23,60896208759.00158,72972905537.47,"['medium-of-exchange', 'stablecoin', 'asset-backed-stablecoin', 'stellar-ecosystem', 'coinbase-ventures-portfolio', 'usd-stablecoin', 'xdc-ecosystem', 'ethereum-pow-ecosystem', 'fiat-stablecoin', 'tron20-ecosystem', 'venom-ecosystem', 'made-in-america', 'world-liberty-financial-portfolio', 'sonic-ecosystem', 'binance-ecosystem', 'binance-listing', 'hyperevm-ecosystem', 'etherlink-ecosystem', 'unichain-ecosystem', 'vector-smart-chain-ecosystem', 'sophon-ecosystem', 'monad-ecosystem', 'xlayer-ecosystem']",0.9999177210036646,10129242309.073017,8828529923.822433,1300712385.2505841,8.8587,-0.00334049,-0.00196691,0.00313297,0.01077138,0.01428343,0.01199131,72972905537.46898,3.2969,72972905537.47,,2026-07-24T12:12:00.000Z,1027.0,ethereum,Ethereum,ETH,0xa0b86991c6218b36c1d19d4a2e9eb0ce3606eb48
2026-07-24 14:14:52.234572,52.0,XRP,XRP,xrp,False,62466503703.0,99985639695.0,100000000000.0,2013-08-04T00:00:00.000Z,1851.0,6.0,2026-07-24T12:13:00.000Z,,,,,110300414769.88,"['medium-of-exchange', 'enterprise-solutions', 'xrp-ecosystem', 'solana-ecosystem', 'arrington-xrp-capital-portfolio', 'galaxy-digital-portfolio', 'a16z-portfolio', 'pantera-capital-portfolio', 'ftx-bankruptcy-estate', '2017-2018-alt-season', 'klaytn-ecosystem', 'made-in-america', 'us-strategic-crypto-reserve', 'binance-ecosystem', 'binance-listing', 'iso-20022', 'sec-cftc-token-taxonomy', 'sec-cftc-digital-commodities']",1.103162565207823,1119831449.1766279,1119065867.2494872,765581.92714068,19.5409,-0.16944506,-2.52877183,1.95367673,0.90603818,-18.64986338,-22.89480954,68910708464.56546,3.1133,110316256520.78,,2026-07-24T12:13:00.000Z,,,,,
2026-07-24 14:14:52.234572,5426.0,Solana,SOL,solana,True,582864861.9342287,630867516.9633151,,2020-04-10T00:00:00.000Z,1147.0,7.0,2026-07-24T12:13:00.000Z,,,525236893.3,39462356255.59538,47398648156.78,"['pos', 'platform', 'solana-ecosystem', 'cms-holdings-portfolio', 'kenetic-capital-portfolio', 'alameda-research-portfolio', 'multicoin-capital-portfolio', 'okx-ventures-portfolio', 'layer-1', 'ftx-bankruptcy-estate', 'alleged-sec-securities', 'cmc-crypto-awards-2024', 'made-in-america', 'us-strategic-crypto-reserve', 'binance-ecosystem', 'binance-listing', 'sec-cftc-token-taxonomy', 'sec-cftc-digital-commodities', 'coinlist-launchpad']",75.13249118442187,1634834440.7056592,1634763785.9039147,70654.80174455,4.4966,-0.29806734,-3.1602207,0.63855053,7.70945863,-12.37501232,-13.00922108,43792089100.982704,1.9795,47398648156.78,,2026-07-24T12:13:00.000Z,,,,,
2026-07-24 14:14:52.234572,1958.0,TRON,TRX,tron,True,94878859029.26059,94878859501.95769,,2017-09-13T00:00:00.000Z,1352.0,8.0,2026-07-24T12:13:00.000Z,,,94667886298.43,31345162490.793156,31415017112.08,"['media', 'payments', 'tron-ecosystem', 'layer-1', 'dwf-labs-portfolio', 'alleged-sec-securities', '2017-2018-alt-season', 'tron20-ecosystem', 'world-liberty-financial-portfolio', 'binance-ecosystem', 'binance-listing', 'made-in-china']",0.3311066055914781,453597930.18483937,453512694.10467994,85236.0801594,21.2583,-0.10110374,1.20514281,2.67992804,0.04324693,-9.59365691,2.56979775,31415016955.570835,1.4197,31415017112.08,,2026-07-24T12:13:00.000Z,,,,,
2026-07-24 14:14:52.234572,32196.0,Hyperliquid,HYPE,hyperliquid,False,252727609.92386654,953084179.5974618,953084878.0666131,2024-07-15T10:14:50.000Z,293.0,9.0,2026-07-24T12:13:00.000Z,,,333931719.0,19486792540.44197,55617818328.28,"['decentralized-exchange-dex-token', 'defi', 'derivatives', 'layer-1', 'hyperliquid-ecosystem', 'binance-ecosystem', 'binance-listing', 'perpetuals']",58.35562012137568,347748667.26711863,300555865.4215813,47192801.84553728,-6.7075,-0.09722529,-1.56733441,-2.62988947,-6.54679228,-8.21303886,40.19766646,14748076398.90037,0.6663,55617859087.88,,2026-07-24T12:13:00.000Z,32196.0,hyperliquid,Hyperliquid,HYPE,0x0d01dc56dcaaca66ad901c959b4011ec
2026-07-24 14:14:52.234572,74.0,Dogecoin,DOGE,dogecoin,True,155202516383.70523,155202516383.70523,,2013-12-15T00:00:00.000Z,1456.0,10.0,2026-07-24T12:13:00.000Z,,,,,10776589621.3,"['mineable', 'pow', 'scrypt', 'medium-of-exchange', 'memes', 'payments', 'doggone-doggerel', 'doge-chain-ecosystem', 'osmosis-ecosystem', 'ftx-bankruptcy-estate', 'animal-memes', 'made-in-america', 'binance-ecosystem', 'binance-listing', 'sec-cftc-token-taxonomy', 'sec-cftc-digital-commodities']",0.06943566298019793,935461507.1538427,935093441.2243286,368065.92951386,87.3979,-0.50490834,-3.95181956,-3.37335012,-11.95837043,-32.40234885,-29.1065893,10776589621.297604,0.4871,10776589621.3,,2026-07-24T12:13:00.000Z,,,,,
2026-07-24 14:14:52.234572,3957.0,UNUS SED LEO,LEO,unus-sed-leo,False,920129382.9,985239504.0,,2019-05-21T00:00:00.000Z,69.0,11.0,2026-07-24T12:14:00.000Z,,,,,9457182883.17,"['marketplace', 'centralized-exchange', 'discount-token', 'payments', 'ethereum-ecosystem', 'kenetic-capital-portfolio', 'alameda-research-portfolio']",9.598866919943701,577319.49535193,577319.49535193,0.0,180.0981,-0.00724749,-1.31391962,-2.02282555,0.79205637,-4.5586157,-6.37146582,8832199495.58702,0.3991,9457182883.17,,2026-07-24T12:14:00.000Z,1027.0,ethereum,Ethereum,ETH,0x2af5d2ad76741191d15dfe7bf6ac92d4bd912ca3
2026-07-24 14:14:52.234572,1437.0,Zcash,ZEC,zcash,False,16786844.4155448,16786844.4155448,21000000.0,2016-10-29T00:00:00.000Z,630.0,12.0,2026-07-24T12:12:00.000Z,,,,,8424237062.49,"['mineable', 'pow', 'equihash', 'medium-of-exchange', 'privacy', 'zero-knowledge-proofs', 'quantum-resistant', 'binance-chain', 'boostvc-portfolio', 'dcg-portfolio', 'electric-capital-portfolio', 'fenbushi-capital-portfolio', 'hashkey-capital-portfolio', 'winklevoss-capital-portfolio', 'placeholder-ventures-portfolio', 'pantera-capital-portfolio', 'layer-1', 'standard-crypto-portfolio', '2017-2018-alt-season', 'made-in-america', 'binance-ecosystem', 'binance-listing', 'privacy-coins']",501.83565498995034,401249781.6591342,369627070.5201262,31622711.13900804,13.2049,0.43343848,-2.86543956,-6.11349714,19.67640832,-25.41522598,40.44574473,8424237062.489315,0.3807,10538548754.79,,2026-07-24T12:12:00.000Z,,,,,
2026-07-24 14:14:52.234572,328.0,Monero,XMR,monero,True,18782099.14058,18782099.14058,,2014-05-21T00:00:00.000Z,372.0,13.0,2026-07-24T12:13:00.000Z,,,,,6601230435.11,"['mineable', 'pow', 'medium-of-exchange', 'privacy', 'ringct', 'boostvc-portfolio', 'electric-capital-portfolio', 'galaxy-digital-portfolio', 'layer-1', '2017-2018-alt-season', 'binance-ecosystem', 'binance-listing', 'privacy-coins']",351.46393306187764,101388677.4312897,101388677.4312897,0.0,48.0263,-0.33364086,1.30361216,8.54885591,8.33982425,-9.06962407,-5.18540653,6601230435.106359,0.2983,6601230435.11,,2026-07-24T12:13:00.000Z,,,,,
2026-07-24 14:14:52.234572,1975.0,Chainlink,LINK,chainlink,False,748099970.424884,1000000000.0,1000000000.0,2017-09-20T00:00:00.000Z,2259.0,14.0,2026-07-24T12:13:00.000Z,,,,,8451022373.27,"['platform', 'cosmos-ecosystem', 'defi', 'privacy', 'interoperability', 'iot', 'oracles', 'smart-contracts', 'ethereum-ecosystem', 'tron-ecosystem', 'polkadot', 'polkadot-ecosystem', 'heco-ecosystem', 'avalanche-ecosystem', 'solana-ecosystem', 'framework-ventures-portfolio', 'hedera-hashgraph-ecosystem', 'polygon-ecosystem', 'fantom-ecosystem', 'cardano-ecosystem', 'terra-ecosystem', 'web3', 'near-protocol-ecosystem', 'arbitrum-ecosystem', 'celo-ecosystem', 'defi-2', 'cross-chain', 'cronos-ecosystem', 'cardano', 'injective-ecosystem', 'bnb-chain-ecosystem', 'oasis-ecosystem', 'moonbeam-ecosystem', 'xdc-ecosystem', 'metisdao-ecosystem', 'velas-ecosystem', 'doge-chain-ecosystem', 'aptos-ecosystem', 'sui-ecosystem', 'optimism-ecosystem', 'bitcoin-ecosystem', 'real-world-assets-protocols', 'zksync-era-ecosystem', 'kadena-ecosystem', 'base-ecosystem', 'linea-ecosystem', 'sei-ecosystem', 'toncoin-ecosystem', 'paal-ecosystem', 'blast-ecosystem', 'atomicals-ecosystem', 'move-vm', 'eigenlayer-ecosystem', 'hyperliquid-ecosystem', 'gnosis-chain-ecosystem', 'ronin-ecosystem', 'astar-ecosystem', 'core-ecosystem', 'starknet-ecosystem', 'mantle-ecosystem', 'opbnb-ecosystem', 'scroll-ecosystem', 'merlin-ecosystem', 'b²-network-ecosystem', 'mode-ecosystem', 'world-chain-mainnet-ecosystem', 'made-in-america', 'btcfi', 'world-liberty-financial-portfolio', 'corn-ecosystem', 'bonk-fun-ecosystem', 'sonic-ecosystem', 'binance-ecosystem', 'binance-listing', 'bittensor-ecosystem', 'hyperevm-ecosystem', 'etherlink-ecosystem', 'bera-chain-ecosystem', 'abstract-chain-ecosystem', 'unichain-ecosystem', 'soneium-ecosystem', 'fraxtal-ecosystem', 'monad-ecosystem', 'hashkey-chain-ecosystem', 'wlfi-ecosystem', 'plasma-ecosystem', 'x402-ecosystem', 'iso-20022', 'megaeth-ecosystem', 'sec-cftc-token-taxonomy', 'sec-cftc-digital-commodities', 'robinhood-ecosystem']",8.451022373270048,190311660.4636384,185240886.03260624,5070774.43103211,-4.4596,-0.14186957,-1.99544678,3.2662036,10.96100257,-11.30571348,-9.99497998,6322209587.503356,0.2858,8451022373.27,,2026-07-24T12:13:00.000Z,1027.0,ethereum,Ethereum,ETH,0x514910771af9ca656af840dff83e8264ecf986ca
2026-07-24 14:14:52.234572,512.0,Stellar,XLM,stellar,False,34174900114.233486,50001786839.912476,50001806812.0,2014-08-05T00:00:00.000Z,827.0,15.0,2026-07-24T12:14:00.000Z,,,31531408660.0,5753615876.842538,9123952492.41,"['medium-of-exchange', 'enterprise-solutions', 'decentralized-exchange-dex-token', 'defi', 'smart-contracts', 'hashkey-capital-portfolio', 'real-world-assets-protocols', '2017-2018-alt-season', 'made-in-america', 'binance-ecosystem', 'binance-listing', 'iso-20022', 'sec-cftc-token-taxonomy', 'sec-cftc-digital-commodities']",0.18247252886425716,124972676.54898924,124821642.69607924,151033.85291,-12.0562,-0.01485647,-1.18081324,-0.68575442,-4.9124485,21.08084063,5.93137259,6235980447.5275755,0.2817,9123956136.77,,2026-07-24T12:14:00.000Z,,,,,
2026-07-24 14:14:52.234572,2010.0,Cardano,ADA,cardano,False,36489899411.97189,44993202652.386566,45000000000.0,2017-10-01T00:00:00.000Z,1718.0,16.0,2026-07-24T12:13:00.000Z,,,37997904336.0,6314749124.436519,7477275181.87,"['dpos', 'pos', 'platform', 'research', 'smart-contracts', 'staking', 'cardano-ecosystem', 'cardano', 'layer-1', 'alleged-sec-securities', '2017-2018-alt-season', 'made-in-america', 'us-strategic-crypto-reserve', 'binance-ecosystem', 'binance-listing', 'iso-20022', 'sec-cftc-token-taxonomy', 'sec-cftc-digital-commodities']",0.166186773580926,234007538.44959497,233143909.9398469,863628.50974814,-15.5505,-0.13645795,-4.80444096,3.52190374,12.1412848,-32.04654003,-33.99255366,6064138651.568138,0.274,7478404811.14,,2026-07-24T12:13:00.000Z,,,,,
2026-07-24 14:14:52.234572,37263.0,Canton,CC,canton-network,True,39145141881.92199,39145141881.92199,,2025-07-08T04:07:45.000Z,108.0,17.0,2026-07-24T12:13:00.000Z,,,39145141881.92,4682537106.104672,4682537106.1,"['proof-of-authority', 'store-of-value', 'enterprise-solutions', 'privacy', 'interoperability', 'scaling', 'smart-contracts', 'layer-1', 'binance-ecosystem', 'binance-listing', 'privacy-blockchain']",0.11961987825282094,12485626.07851063,10413823.01307281,2071803.06543783,6.8234,-0.37446311,-0.49414205,-7.77817181,-20.48556229,-27.71828517,-21.23909135,4682537106.10491,0.2116,4682537106.1,,2026-07-24T12:13:00.000Z,,,,,
2026-07-24 14:14:52.234572,4943.0,Dai,DAI,multi-collateral-dai,True,4647076141.403908,4647076141.403908,,2019-11-22T00:00:00.000Z,3771.0,18.0,2026-07-24T12:13:00.000Z,,,,,4645814711.81,"['defi', 'stablecoin', 'asset-backed-stablecoin', 'usd-stablecoin', 'xlayer-ecosystem', 'anubis-ecosystem']",0.999728554136587,36999206.08532215,380498.68195522,36618707.40336693,8.9008,-0.01416495,0.02457223,-0.00067896,0.01841871,0.01475044,0.00105226,4645814711.808358,0.21,4645814711.81,,2026-07-24T12:13:00.000Z,1027.0,ethereum,Ethereum,ETH,0x6b175474e89094c44da98b954eedeac495271d0f
2026-07-24 14:14:52.234572,1831.0,Bitcoin Cash,BCH,bitcoin-cash,False,20065618.75,20065618.75,21000000.0,2017-07-23T00:00:00.000Z,1173.0,19.0,2026-07-24T12:13:00.000Z,,,,,4214458923.51,"['mineable', 'pow', 'sha-256', 'marketplace', 'medium-of-exchange', 'store-of-value', 'enterprise-solutions', 'payments', 'layer-1', '2017-2018-alt-season', 'made-in-america', 'binance-ecosystem', 'binance-listing', 'sec-cftc-token-taxonomy', 'sec-cftc-digital-commodities']",210.03383827913677,99156900.45298763,99150381.01005036,6519.44293727,24.5452,-0.06412738,-2.88056617,-3.80429836,8.38311002,-39.87371805,-53.70321932,4214458923.5083146,0.1905,4410710603.86,,2026-07-24T12:13:00.000Z,,,,,
2026-07-24 14:14:52.234572,36148.0,World Liberty Financial USD,USD1,usd1,False,4152511634.4574523,4152511634.4574523,,2025-04-13T05:37:56.000Z,1229.0,20.0,2026-07-24T12:12:00.000Z,,,,,4147245638.11,"['stablecoin', 'asset-backed-stablecoin', 'usd-stablecoin', 'tron20-ecosystem', 'made-in-america', 'world-liberty-financial-portfolio', 'binance-ecosystem', 'binance-listing', 'wlfi-ecosystem']",0.9987318527162753,945485984.170863,908440889.5820392,37045094.58882382,38.4457,-0.01763356,-0.04325915,-0.02143601,-0.04610715,-0.02529719,-0.1001525,4147245638.1075797,0.1874,4147245638.11,,2026-07-24T12:12:00.000Z,1027.0,ethereum,Ethereum,ETH,0x8d0D000Ee44948FC98c9B98A4FA4921476f08B0d
2026-07-24 14:13:52.062766,1.0,Bitcoin,BTC,bitcoin,False,20060671.0,20060671.0,21000000.0,2010-07-13T00:00:00.000Z,12673.0,1.0,2026-07-24T12:11:00.000Z,,,,,1304418696870.69,"['mineable', 'pow', 'sha-256', 'store-of-value', 'state-channel', 'coinbase-ventures-portfolio', 'three-arrows-capital-portfolio', 'polychain-capital-portfolio', 'binance-labs-portfolio', 'blockchain-capital-portfolio', 'boostvc-portfolio', 'cms-holdings-portfolio', 'dcg-portfolio', 'dragonfly-capital-portfolio', 'electric-capital-portfolio', 'fabric-ventures-portfolio', 'framework-ventures-portfolio', 'galaxy-digital-portfolio', 'huobi-capital-portfolio', 'alameda-research-portfolio', 'a16z-portfolio', '1confirmation-portfolio', 'winklevoss-capital-portfolio', 'usv-portfolio', 'placeholder-ventures-portfolio', 'pantera-capital-portfolio', 'multicoin-capital-portfolio', 'paradigm-portfolio', 'bitcoin-ecosystem', 'layer-1', 'ftx-bankruptcy-estate', '2017-2018-alt-season', 'us-strategic-crypto-reserve', 'binance-ecosystem', 'binance-listing', 'sec-cftc-token-taxonomy', 'sec-cftc-digital-commodities']",65023.682252238126,25232536680.27318,25205589521.772884,26947158.50029257,17.6225,0.13576864,-0.63588891,2.87160847,3.50778579,-15.84888951,-16.31355789,1304418696870.688,58.949,1365497327297.0,,2026-07-24T12:11:00.000Z,,,,,
2026-07-24 14:13:52.062766,1027.0,Ethereum,ETH,ethereum,True,120682712.41641597,120682712.41641597,,2015-08-07T00:00:00.000Z,12237.0,2.0,2026-07-24T12:12:00.000Z,,,,,227234321577.5,"['pos', 'smart-contracts', 'ethereum-ecosystem', 'coinbase-ventures-portfolio', 'three-arrows-capital-portfolio', 'polychain-capital-portfolio', 'binance-labs-portfolio', 'blockchain-capital-portfolio', 'boostvc-portfolio', 'cms-holdings-portfolio', 'dcg-portfolio', 'dragonfly-capital-portfolio', 'electric-capital-portfolio', 'fabric-ventures-portfolio', 'framework-ventures-portfolio', 'hashkey-capital-portfolio', 'kenetic-capital-portfolio', 'huobi-capital-portfolio', 'alameda-research-portfolio', 'a16z-portfolio', '1confirmation-portfolio', 'winklevoss-capital-portfolio', 'usv-portfolio', 'placeholder-ventures-portfolio', 'pantera-capital-portfolio', 'multicoin-capital-portfolio', 'paradigm-portfolio', 'ethereum-pow-ecosystem', 'layer-1', 'ftx-bankruptcy-estate', 'sora-ecosystem', 'rsk-rbtc-ecosystem', 'world-liberty-financial-portfolio', 'us-strategic-crypto-reserve', 'binance-ecosystem', 'binance-listing', 'abstract-chain-ecosystem', 'unichain-ecosystem', 'soneium-ecosystem', 'sophon-ecosystem', 'sec-cftc-token-taxonomy', 'sec-cftc-digital-commodities', 'anubis-ecosystem', 'robinhood-ecosystem']",1882.9069800273403,10027928519.344982,9944944352.016,82984167.32898174,5.4492,0.15556796,-2.05783738,2.58720814,12.2863634,-10.88731718,-18.69575832,227234321577.5018,10.2727,227234321577.5,,2026-07-24T12:12:00.000Z,,,,,
2026-07-24 14:13:52.062766,825.0,Tether USDt,USDT,tether,True,184156916986.16385,189106724037.45197,,2015-02-25T00:00:00.000Z,191306.0,3.0,2026-07-24T12:12:00.000Z,,,,,188947538098.23,"['stablecoin', 'asset-backed-stablecoin', 'usd-stablecoin', 'ethereum-pow-ecosystem', 'fiat-stablecoin', 'tron20-ecosystem', 'rsk-rbtc-ecosystem', 'venom-ecosystem', 'world-liberty-financial-portfolio', 'binance-ecosystem', 'binance-listing', 'peaq-ecosystem', 'etherlink-ecosystem', 'duckchain-ecosystem', 'onus-ecosystem', 'sophon-ecosystem', 'xlayer-ecosystem']",0.9991582216865328,52532721606.39046,51044679656.634056,1488041949.7564476,8.3101,-0.01114318,-0.03300698,0.01271329,0.04732049,0.00756009,-0.09541341,184001897687.16992,8.3173,188947538098.23,,2026-07-24T12:12:00.000Z,1027.0,ethereum,Ethereum,ETH,0xdac17f958d2ee523a2206206994597c13d831ec7
2026-07-24 14:13:52.062766,1839.0,BNB,BNB,bnb,False,133165746.73,133165746.73,133165747.53,2017-07-25T00:00:00.000Z,3316.0,4.0,2026-07-24T12:13:00.000Z,,,,,75367791945.5,"['marketplace', 'centralized-exchange', 'payments', 'smart-contracts', 'alameda-research-portfolio', 'multicoin-capital-portfolio', 'bnb-chain-ecosystem', 'layer-1', 'alleged-sec-securities', 'celsius-bankruptcy-estate', 'binance-ecosystem', 'binance-listing', 'etherlink-ecosystem', 'made-in-china']",565.969806772567,926973415.8464906,904630232.1726644,22343183.67382631,-1.2721,-0.00222788,-0.61670541,0.40451729,-2.19040572,-14.59486329,-10.84006192,75367791945.5027,3.4068,75367792398.28,,2026-07-24T12:13:00.000Z,,,,,
2026-07-24 14:13:52.062766,3408.0,USDC,USDC,usd-coin,False,72978910168.95134,72978910168.95134,,2018-10-08T00:00:00.000Z,41807.0,5.0,2026-07-24T12:12:00.000Z,,,60901219650.23,60896208759.00158,72972905537.47,"['medium-of-exchange', 'stablecoin', 'asset-backed-stablecoin', 'stellar-ecosystem', 'coinbase-ventures-portfolio', 'usd-stablecoin', 'xdc-ecosystem', 'ethereum-pow-ecosystem', 'fiat-stablecoin', 'tron20-ecosystem', 'venom-ecosystem', 'made-in-america', 'world-liberty-financial-portfolio', 'sonic-ecosystem', 'binance-ecosystem', 'binance-listing', 'hyperevm-ecosystem', 'etherlink-ecosystem', 'unichain-ecosystem', 'vector-smart-chain-ecosystem', 'sophon-ecosystem', 'monad-ecosystem', 'xlayer-ecosystem']",0.9999177210036646,10129242309.073017,8828529923.822433,1300712385.2505841,8.8587,-0.00334049,-0.00196691,0.00313297,0.01077138,0.01428343,0.01199131,72972905537.46898,3.2969,72972905537.47,,2026-07-24T12:12:00.000Z,1027.0,ethereum,Ethereum,ETH,0xa0b86991c6218b36c1d19d4a2e9eb0ce3606eb48
2026-07-24 14:13:52.062766,52.0,XRP,XRP,xrp,False,62466503703.0,99985639695.0,100000000000.0,2013-08-04T00:00:00.000Z,1851.0,6.0,2026-07-24T12:12:00.000Z,,,,,110251764032.74,"['medium-of-exchange', 'enterprise-solutions', 'xrp-ecosystem', 'solana-ecosystem', 'arrington-xrp-capital-portfolio', 'galaxy-digital-portfolio', 'a16z-portfolio', 'pantera-capital-portfolio', 'ftx-bankruptcy-estate', '2017-2018-alt-season', 'klaytn-ecosystem', 'made-in-america', 'us-strategic-crypto-reserve', 'binance-ecosystem', 'binance-listing', 'iso-20022', 'sec-cftc-token-taxonomy', 'sec-cftc-digital-commodities']",1.10267598796241,1119482735.6646357,1118716073.4116127,766662.2530229,19.4259,-0.2403162,-2.56336099,1.89941727,0.85961119,-18.6859206,-22.9285509,68880313685.26306,3.1139,110267598796.24,,2026-07-24T12:12:00.000Z,,,,,
2026-07-24 14:13:52.062766,5426.0,Solana,SOL,solana,True,582864861.9342287,630867516.9633151,,2020-04-10T00:00:00.000Z,1147.0,7.0,2026-07-24T12:11:00.000Z,,,525236893.3,39442568345.10813,47374880690.88,"['pos', 'platform', 'solana-ecosystem', 'cms-holdings-portfolio', 'kenetic-capital-portfolio', 'alameda-research-portfolio', 'multicoin-capital-portfolio', 'okx-ventures-portfolio', 'layer-1', 'ftx-bankruptcy-estate', 'alleged-sec-securities', 'cmc-crypto-awards-2024', 'made-in-america', 'us-strategic-crypto-reserve', 'binance-ecosystem', 'binance-listing', 'sec-cftc-token-taxonomy', 'sec-cftc-digital-commodities', 'coinlist-launchpad']",75.09481692593076,1634442263.165592,1634371622.741772,70640.42381982,4.4931,-0.33704203,-3.19794083,0.5550326,7.71031651,-12.40359877,-13.07261967,43770130099.50881,1.9785,47374880690.88,,2026-07-24T12:11:00.000Z,,,,,
2026-07-24 14:13:52.062766,1958.0,TRON,TRX,tron,True,94878859029.26059,94878859501.95769,,2017-09-13T00:00:00.000Z,1352.0,8.0,2026-07-24T12:12:00.000Z,,,94667886298.43,31347206351.669037,31417065527.83,"['media', 'payments', 'tron-ecosystem', 'layer-1', 'dwf-labs-portfolio', 'alleged-sec-securities', '2017-2018-alt-season', 'tron20-ecosystem', 'world-liberty-financial-portfolio', 'binance-ecosystem', 'binance-listing', 'made-in-china']",0.3311281953930021,453673833.9218598,453588596.20450485,85237.71735492,21.1923,-0.07772442,1.22089353,2.68714508,0.05049823,-9.58753716,2.5747923,31417065371.3061,1.4198,31417065527.83,,2026-07-24T12:12:00.000Z,,,,,
2026-07-24 14:13:52.062766,32196.0,Hyperliquid,HYPE,hyperliquid,False,252727609.92386654,953084179.5974618,953084878.0666131,2024-07-15T10:14:50.000Z,293.0,9.0,2026-07-24T12:12:00.000Z,,,333931719.0,19495911119.87203,55643843929.63,"['decentralized-exchange-dex-token', 'defi', 'derivatives', 'layer-1', 'hyperliquid-ecosystem', 'binance-ecosystem', 'binance-listing', 'perpetuals']",58.3829268398191,347020076.3271213,299937502.8978312,47082573.42929011,-6.9698,-0.05368456,-1.46027531,-2.63047757,-6.50169119,-8.16432063,40.26902064,14754977560.587439,0.6666,55643884708.3,,2026-07-24T12:12:00.000Z,32196.0,hyperliquid,Hyperliquid,HYPE,0x0d01dc56dcaaca66ad901c959b4011ec
2026-07-24 14:13:52.062766,74.0,Dogecoin,DOGE,dogecoin,True,155202516383.70523,155202516383.70523,,2013-12-15T00:00:00.000Z,1456.0,10.0,2026-07-24T12:12:00.000Z,,,,,10765765310.5,"['mineable', 'pow', 'scrypt', 'medium-of-exchange', 'memes', 'payments', 'doggone-doggerel', 'doge-chain-ecosystem', 'osmosis-ecosystem', 'ftx-bankruptcy-estate', 'animal-memes', 'made-in-america', 'binance-ecosystem', 'binance-listing', 'sec-cftc-token-taxonomy', 'sec-cftc-digital-commodities']",0.06936591984041982,935590865.910601,935223036.7854987,367829.12510222,87.5381,-0.60655811,-4.02246759,-3.47189213,-12.04476679,-32.47066007,-29.17505273,10765765310.50354,0.4866,10765765310.5,,2026-07-24T12:12:00.000Z,,,,,
2026-07-24 14:13:52.062766,3957.0,UNUS SED LEO,LEO,unus-sed-leo,False,920129382.9,985239504.0,,2019-05-21T00:00:00.000Z,69.0,11.0,2026-07-24T12:13:00.000Z,,,,,9457328188.45,"['marketplace', 'centralized-exchange', 'discount-token', 'payments', 'ethereum-ecosystem', 'kenetic-capital-portfolio', 'alameda-research-portfolio']",9.599014402135897,577329.07851256,577329.07851256,0.0,180.1017,-0.00637077,-1.31264667,-2.02234711,0.79624908,-4.55709794,-6.36986804,8832335198.285515,0.3992,9457328188.45,,2026-07-24T12:13:00.000Z,1027.0,ethereum,Ethereum,ETH,0x2af5d2ad76741191d15dfe7bf6ac92d4bd912ca3
2026-07-24 14:13:52.062766,1437.0,Zcash,ZEC,zcash,False,16786844.4155448,16786844.4155448,21000000.0,2016-10-29T00:00:00.000Z,630.0,12.0,2026-07-24T12:12:00.000Z,,,,,8424237062.49,"['mineable', 'pow', 'equihash', 'medium-of-exchange', 'privacy', 'zero-knowledge-proofs', 'quantum-resistant', 'binance-chain', 'boostvc-portfolio', 'dcg-portfolio', 'electric-capital-portfolio', 'fenbushi-capital-portfolio', 'hashkey-capital-portfolio', 'winklevoss-capital-portfolio', 'placeholder-ventures-portfolio', 'pantera-capital-portfolio', 'layer-1', 'standard-crypto-portfolio', '2017-2018-alt-season', 'made-in-america', 'binance-ecosystem', 'binance-listing', 'privacy-coins']",501.83565498995034,401249781.6591342,369627070.5201262,31622711.13900804,13.2049,0.43343848,-2.86543956,-6.11349714,19.67640832,-25.41522598,40.44574473,8424237062.489315,0.3807,10538548754.79,,2026-07-24T12:12:00.000Z,,,,,
2026-07-24 14:13:52.062766,328.0,Monero,XMR,monero,True,18782099.14058,18782099.14058,,2014-05-21T00:00:00.000Z,372.0,13.0,2026-07-24T12:12:00.000Z,,,,,6602277787.69,"['mineable', 'pow', 'medium-of-exchange', 'privacy', 'ringct', 'boostvc-portfolio', 'electric-capital-portfolio', 'galaxy-digital-portfolio', 'layer-1', '2017-2018-alt-season', 'binance-ecosystem', 'binance-listing', 'privacy-coins']",351.51969640206585,101460645.65229817,101460645.65229817,0.0,48.3884,-0.53107127,1.34351897,8.55955983,8.34988481,-9.06333433,-5.15206874,6602277787.690184,0.2984,6602277787.69,,2026-07-24T12:12:00.000Z,,,,,
2026-07-24 14:13:52.062766,1975.0,Chainlink,LINK,chainlink,False,748099970.424884,1000000000.0,1000000000.0,2017-09-20T00:00:00.000Z,2259.0,14.0,2026-07-24T12:12:00.000Z,,,,,8446999895.09,"['platform', 'cosmos-ecosystem', 'defi', 'privacy', 'interoperability', 'iot', 'oracles', 'smart-contracts', 'ethereum-ecosystem', 'tron-ecosystem', 'polkadot', 'polkadot-ecosystem', 'heco-ecosystem', 'avalanche-ecosystem', 'solana-ecosystem', 'framework-ventures-portfolio', 'hedera-hashgraph-ecosystem', 'polygon-ecosystem', 'fantom-ecosystem', 'cardano-ecosystem', 'terra-ecosystem', 'web3', 'near-protocol-ecosystem', 'arbitrum-ecosystem', 'celo-ecosystem', 'defi-2', 'cross-chain', 'cronos-ecosystem', 'cardano', 'injective-ecosystem', 'bnb-chain-ecosystem', 'oasis-ecosystem', 'moonbeam-ecosystem', 'xdc-ecosystem', 'metisdao-ecosystem', 'velas-ecosystem', 'doge-chain-ecosystem', 'aptos-ecosystem', 'sui-ecosystem', 'optimism-ecosystem', 'bitcoin-ecosystem', 'real-world-assets-protocols', 'zksync-era-ecosystem', 'kadena-ecosystem', 'base-ecosystem', 'linea-ecosystem', 'sei-ecosystem', 'toncoin-ecosystem', 'paal-ecosystem', 'blast-ecosystem', 'atomicals-ecosystem', 'move-vm', 'eigenlayer-ecosystem', 'hyperliquid-ecosystem', 'gnosis-chain-ecosystem', 'ronin-ecosystem', 'astar-ecosystem', 'core-ecosystem', 'starknet-ecosystem', 'mantle-ecosystem', 'opbnb-ecosystem', 'scroll-ecosystem', 'merlin-ecosystem', 'b²-network-ecosystem', 'mode-ecosystem', 'world-chain-mainnet-ecosystem', 'made-in-america', 'btcfi', 'world-liberty-financial-portfolio', 'corn-ecosystem', 'bonk-fun-ecosystem', 'sonic-ecosystem', 'binance-ecosystem', 'binance-listing', 'bittensor-ecosystem', 'hyperevm-ecosystem', 'etherlink-ecosystem', 'bera-chain-ecosystem', 'abstract-chain-ecosystem', 'unichain-ecosystem', 'soneium-ecosystem', 'fraxtal-ecosystem', 'monad-ecosystem', 'hashkey-chain-ecosystem', 'wlfi-ecosystem', 'plasma-ecosystem', 'x402-ecosystem', 'iso-20022', 'megaeth-ecosystem', 'sec-cftc-token-taxonomy', 'sec-cftc-digital-commodities', 'robinhood-ecosystem']",8.446999895092311,190411962.7970625,185338457.8070544,5073504.99000804,-4.3391,-0.19799248,-2.03898263,3.20193627,10.89088235,-11.34620273,-10.03402531,6319200371.697556,0.2856,8446999895.09,,2026-07-24T12:12:00.000Z,1027.0,ethereum,Ethereum,ETH,0x514910771af9ca656af840dff83e8264ecf986ca
2026-07-24 14:13:52.062766,512.0,Stellar,XLM,stellar,False,34174900114.233486,50001786839.912476,50001806812.0,2014-08-05T00:00:00.000Z,827.0,15.0,2026-07-24T12:12:00.000Z,,,31531408660.0,5750379778.711941,9118820761.99,"['medium-of-exchange', 'enterprise-solutions', 'decentralized-exchange-dex-token', 'defi', 'smart-contracts', 'hashkey-capital-portfolio', 'real-world-assets-protocols', '2017-2018-alt-season', 'made-in-america', 'binance-ecosystem', 'binance-listing', 'iso-20022', 'sec-cftc-token-taxonomy', 'sec-cftc-digital-commodities']",0.18236989792361344,124944606.47578843,124793890.69214332,150715.7836451,-12.0894,-0.11418208,-1.2140572,-0.75639829,-4.96260514,21.01457549,5.881498,6232473045.382446,0.2818,9118824404.3,,2026-07-24T12:12:00.000Z,,,,,
2026-07-24 14:13:52.062766,2010.0,Cardano,ADA,cardano,False,36489899411.97189,44993202652.386566,45000000000.0,2017-10-01T00:00:00.000Z,1718.0,16.0,2026-07-24T12:12:00.000Z,,,37997904336.0,6310608160.877713,7472371879.55,"['dpos', 'pos', 'platform', 'research', 'smart-contracts', 'staking', 'cardano-ecosystem', 'cardano', 'layer-1', 'alleged-sec-securities', '2017-2018-alt-season', 'made-in-america', 'us-strategic-crypto-reserve', 'binance-ecosystem', 'binance-listing', 'iso-20022', 'sec-cftc-token-taxonomy', 'sec-cftc-digital-commodities']",0.16607779484562027,234017672.84210464,233153872.4917243,863800.35038044,-15.5205,-0.2229368,-4.81626717,3.45248251,12.08319479,-32.08893379,-34.03495535,6060162028.478788,0.2739,7473500768.05,,2026-07-24T12:12:00.000Z,,,,,
2026-07-24 14:13:52.062766,37263.0,Canton,CC,canton-network,True,39145141881.92199,39145141881.92199,,2025-07-08T04:07:45.000Z,108.0,17.0,2026-07-24T12:12:00.000Z,,,39145141881.92,4684921127.105878,4684921127.11,"['proof-of-authority', 'store-of-value', 'enterprise-solutions', 'privacy', 'interoperability', 'scaling', 'smart-contracts', 'layer-1', 'binance-ecosystem', 'binance-listing', 'privacy-blockchain']",0.11968078034402799,12479749.89958139,10410910.57886952,2068839.32071187,6.3739,-0.34432729,-0.46562459,-7.74347222,-20.46069442,-27.67741553,-21.18971404,4684921127.106115,0.2117,4684921127.11,,2026-07-24T12:12:00.000Z,,,,,
2026-07-24 14:13:52.062766,4943.0,Dai,DAI,multi-collateral-dai,True,4647076141.403908,4647076141.403908,,2019-11-22T00:00:00.000Z,3771.0,18.0,2026-07-24T12:12:00.000Z,,,,,4646348022.55,"['defi', 'stablecoin', 'asset-backed-stablecoin', 'usd-stablecoin', 'xlayer-ecosystem', 'anubis-ecosystem']",0.9998433167805905,37010666.47890818,380483.61652185,36630182.86238632,8.7318,-0.00418017,0.03619549,0.00895897,0.02666186,0.0256376,0.01260397,4646348022.553231,0.21,4646348022.55,,2026-07-24T12:12:00.000Z,1027.0,ethereum,Ethereum,ETH,0x6b175474e89094c44da98b954eedeac495271d0f
2026-07-24 14:13:52.062766,1831.0,Bitcoin Cash,BCH,bitcoin-cash,False,20065618.75,20065618.75,21000000.0,2017-07-23T00:00:00.000Z,1173.0,19.0,2026-07-24T12:12:00.000Z,,,,,4213984951.81,"['mineable', 'pow', 'sha-256', 'marketplace', 'medium-of-exchange', 'store-of-value', 'enterprise-solutions', 'payments', 'layer-1', '2017-2018-alt-season', 'made-in-america', 'binance-ecosystem', 'binance-listing', 'sec-cftc-token-taxonomy', 'sec-cftc-digital-commodities']",210.01021719344308,99124846.35020079,99118320.24135812,6526.10884267,24.4101,-0.0963769,-2.87047299,-3.82074611,8.36842469,-39.88114309,-53.70762054,4213984951.808324,0.1905,4410214561.06,,2026-07-24T12:12:00.000Z,,,,,
2026-07-24 14:13:52.062766,36148.0,World Liberty Financial USD,USD1,usd1,False,4152511634.4574523,4152511634.4574523,,2025-04-13T05:37:56.000Z,1229.0,20.0,2026-07-24T12:12:00.000Z,,,,,4147245638.11,"['stablecoin', 'asset-backed-stablecoin', 'usd-stablecoin', 'tron20-ecosystem', 'made-in-america', 'world-liberty-financial-portfolio', 'binance-ecosystem', 'binance-listing', 'wlfi-ecosystem']",0.9987318527162753,945485984.170863,908440889.5820392,37045094.58882382,38.4457,-0.01763356,-0.04325915,-0.02143601,-0.04610715,-0.02529719,-0.1001525,4147245638.1075797,0.1874,4147245638.11,,2026-07-24T12:12:00.000Z,1027.0,ethereum,Ethereum,ETH,0x8d0D000Ee44948FC98c9B98A4FA4921476f08B0d
2026-07-24 14:14:52.234572,1.0,Bitcoin,BTC,bitcoin,False,20060671.0,20060671.0,21000000.0,2010-07-13T00:00:00.000Z,12673.0,1.0,2026-07-24T12:12:00.000Z,,,,,1304784998858.93,"['mineable', 'pow', 'sha-256', 'store-of-value', 'state-channel', 'coinbase-ventures-portfolio', 'three-arrows-capital-portfolio', 'polychain-capital-portfolio', 'binance-labs-portfolio', 'blockchain-capital-portfolio', 'boostvc-portfolio', 'cms-holdings-portfolio', 'dcg-portfolio', 'dragonfly-capital-portfolio', 'electric-capital-portfolio', 'fabric-ventures-portfolio', 'framework-ventures-portfolio', 'galaxy-digital-portfolio', 'huobi-capital-portfolio', 'alameda-research-portfolio', 'a16z-portfolio', '1confirmation-portfolio', 'winklevoss-capital-portfolio', 'usv-portfolio', 'placeholder-ventures-portfolio', 'pantera-capital-portfolio', 'multicoin-capital-portfolio', 'paradigm-portfolio', 'bitcoin-ecosystem', 'layer-1', 'ftx-bankruptcy-estate', '2017-2018-alt-season', 'us-strategic-crypto-reserve', 'binance-ecosystem', 'binance-listing', 'sec-cftc-token-taxonomy', 'sec-cftc-digital-commodities']",65041.94195991411,25230775570.243237,25203828748.798866,26946821.44436864,17.5983,0.1491514,-0.67038173,2.89692857,3.5922717,-15.85082234,-16.28194317,1304784998858.9321,58.9655,1365880781158.2,,2026-07-24T12:12:00.000Z,,,,,
2026-07-24 14:14:52.234572,1027.0,Ethereum,ETH,ethereum,True,120682712.41641597,120682712.41641597,,2015-08-07T00:00:00.000Z,12237.0,2.0,2026-07-24T12:13:00.000Z,,,,,227156208114.16,"['pos', 'smart-contracts', 'ethereum-ecosystem', 'coinbase-ventures-portfolio', 'three-arrows-capital-portfolio', 'polychain-capital-portfolio', 'binance-labs-portfolio', 'blockchain-capital-portfolio', 'boostvc-portfolio', 'cms-holdings-portfolio', 'dcg-portfolio', 'dragonfly-capital-portfolio', 'electric-capital-portfolio', 'fabric-ventures-portfolio', 'framework-ventures-portfolio', 'hashkey-capital-portfolio', 'kenetic-capital-portfolio', 'huobi-capital-portfolio', 'alameda-research-portfolio', 'a16z-portfolio', '1confirmation-portfolio', 'winklevoss-capital-portfolio', 'usv-portfolio', 'placeholder-ventures-portfolio', 'pantera-capital-portfolio', 'multicoin-capital-portfolio', 'paradigm-portfolio', 'ethereum-pow-ecosystem', 'layer-1', 'ftx-bankruptcy-estate', 'sora-ecosystem', 'rsk-rbtc-ecosystem', 'world-liberty-financial-portfolio', 'us-strategic-crypto-reserve', 'binance-ecosystem', 'binance-listing', 'abstract-chain-ecosystem', 'unichain-ecosystem', 'soneium-ecosystem', 'sophon-ecosystem', 'sec-cftc-token-taxonomy', 'sec-cftc-digital-commodities', 'anubis-ecosystem', 'robinhood-ecosystem']",1882.259716953926,10169154456.321669,10086375268.325542,82779187.99612232,6.9011,0.07475587,-2.08159273,2.59942173,12.27277996,-10.92005215,-18.72963449,227156208114.15518,10.2627,227156208114.16,,2026-07-24T12:13:00.000Z,,,,,
2026-07-24 14:14:52.234572,825.0,Tether USDt,USDT,tether,True,184156916986.16385,189106724037.45197,,2015-02-25T00:00:00.000Z,191306.0,3.0,2026-07-24T12:13:00.000Z,,,,,188948619274.53,"['stablecoin', 'asset-backed-stablecoin', 'usd-stablecoin', 'ethereum-pow-ecosystem', 'fiat-stablecoin', 'tron20-ecosystem', 'rsk-rbtc-ecosystem', 'venom-ecosystem', 'world-liberty-financial-portfolio', 'binance-ecosystem', 'binance-listing', 'peaq-ecosystem', 'etherlink-ecosystem', 'duckchain-ecosystem', 'onus-ecosystem', 'sophon-ecosystem', 'xlayer-ecosystem']",0.9991639389676485,52651228801.69088,51162561349.69522,1488667451.9957592,9.925,-0.0173428,-0.03741985,0.00815408,0.05068418,0.00995393,-0.09340152,184002950564.03372,8.3173,188948619274.53,,2026-07-24T12:13:00.000Z,1027.0,ethereum,Ethereum,ETH,0xdac17f958d2ee523a2206206994597c13d831ec7
2026-07-24 14:14:52.234572,1839.0,BNB,BNB,bnb,False,133165746.73,133165746.73,133165747.53,2017-07-25T00:00:00.000Z,3316.0,4.0,2026-07-24T12:13:00.000Z,,,,,75367791945.5,"['marketplace', 'centralized-exchange', 'payments', 'smart-contracts', 'alameda-research-portfolio', 'multicoin-capital-portfolio', 'bnb-chain-ecosystem', 'layer-1', 'alleged-sec-securities', 'celsius-bankruptcy-estate', 'binance-ecosystem', 'binance-listing', 'etherlink-ecosystem', 'made-in-china']",565.969806772567,926973415.8464906,904630232.1726644,22343183.67382631,-1.2721,-0.00222788,-0.61670541,0.40451729,-2.19040572,-14.59486329,-10.84006192,75367791945.5027,3.4068,75367792398.28,,2026-07-24T12:13:00.000Z,,,,,
2026-07-24 14:14:52.234572,3408.0,USDC,USDC,usd-coin,False,72978910168.95134,72978910168.95134,,2018-10-08T00:00:00.000Z,41807.0,5.0,2026-07-24T12:12:00.000Z,,,60901219650.23,60896208759.00158,72972905537.47,"['medium-of-exchange', 'stablecoin', 'asset-backed-stablecoin', 'stellar-ecosystem', 'coinbase-ventures-portfolio', 'usd-stablecoin', 'xdc-ecosystem', 'ethereum-pow-ecosystem', 'fiat-stablecoin', 'tron20-ecosystem', 'venom-ecosystem', 'made-in-america', 'world-liberty-financial-portfolio', 'sonic-ecosystem', 'binance-ecosystem', 'binance-listing', 'hyperevm-ecosystem', 'etherlink-ecosystem', 'unichain-ecosystem', 'vector-smart-chain-ecosystem', 'sophon-ecosystem', 'monad-ecosystem', 'xlayer-ecosystem']",0.9999177210036646,10129242309.073017,8828529923.822433,1300712385.2505841,8.8587,-0.00334049,-0.00196691,0.00313297,0.01077138,0.01428343,0.01199131,72972905537.46898,3.2969,72972905537.47,,2026-07-24T12:12:00.000Z,1027.0,ethereum,Ethereum,ETH,0xa0b86991c6218b36c1d19d4a2e9eb0ce3606eb48
2026-07-24 14:14:52.234572,52.0,XRP,XRP,xrp,False,62466503703.0,99985639695.0,100000000000.0,2013-08-04T00:00:00.000Z,1851.0,6.0,2026-07-24T12:13:00.000Z,,,,,110300414769.88,"['medium-of-exchange', 'enterprise-solutions', 'xrp-ecosystem', 'solana-ecosystem', 'arrington-xrp-capital-portfolio', 'galaxy-digital-portfolio', 'a16z-portfolio', 'pantera-capital-portfolio', 'ftx-bankruptcy-estate', '2017-2018-alt-season', 'klaytn-ecosystem', 'made-in-america', 'us-strategic-crypto-reserve', 'binance-ecosystem', 'binance-listing', 'iso-20022', 'sec-cftc-token-taxonomy', 'sec-cftc-digital-commodities']",1.103162565207823,1119831449.1766279,1119065867.2494872,765581.92714068,19.5409,-0.16944506,-2.52877183,1.95367673,0.90603818,-18.64986338,-22.89480954,68910708464.56546,3.1133,110316256520.78,,2026-07-24T12:13:00.000Z,,,,,
2026-07-24 14:14:52.234572,5426.0,Solana,SOL,solana,True,582864861.9342287,630867516.9633151,,2020-04-10T00:00:00.000Z,1147.0,7.0,2026-07-24T12:13:00.000Z,,,525236893.3,39462356255.59538,47398648156.78,"['pos', 'platform', 'solana-ecosystem', 'cms-holdings-portfolio', 'kenetic-capital-portfolio', 'alameda-research-portfolio', 'multicoin-capital-portfolio', 'okx-ventures-portfolio', 'layer-1', 'ftx-bankruptcy-estate', 'alleged-sec-securities', 'cmc-crypto-awards-2024', 'made-in-america', 'us-strategic-crypto-reserve', 'binance-ecosystem', 'binance-listing', 'sec-cftc-token-taxonomy', 'sec-cftc-digital-commodities', 'coinlist-launchpad']",75.13249118442187,1634834440.7056592,1634763785.9039147,70654.80174455,4.4966,-0.29806734,-3.1602207,0.63855053,7.70945863,-12.37501232,-13.00922108,43792089100.982704,1.9795,47398648156.78,,2026-07-24T12:13:00.000Z,,,,,
2026-07-24 14:14:52.234572,1958.0,TRON,TRX,tron,True,94878859029.26059,94878859501.95769,,2017-09-13T00:00:00.000Z,1352.0,8.0,2026-07-24T12:13:00.000Z,,,94667886298.43,31345162490.793156,31415017112.08,"['media', 'payments', 'tron-ecosystem', 'layer-1', 'dwf-labs-portfolio', 'alleged-sec-securities', '2017-2018-alt-season', 'tron20-ecosystem', 'world-liberty-financial-portfolio', 'binance-ecosystem', 'binance-listing', 'made-in-china']",0.3311066055914781,453597930.18483937,453512694.10467994,85236.0801594,21.2583,-0.10110374,1.20514281,2.67992804,0.04324693,-9.59365691,2.56979775,31415016955.570835,1.4197,31415017112.08,,2026-07-24T12:13:00.000Z,,,,,
2026-07-24 14:14:52.234572,32196.0,Hyperliquid,HYPE,hyperliquid,False,252727609.92386654,953084179.5974618,953084878.0666131,2024-07-15T10:14:50.000Z,293.0,9.0,2026-07-24T12:13:00.000Z,,,333931719.0,19486792540.44197,55617818328.28,"['decentralized-exchange-dex-token', 'defi', 'derivatives', 'layer-1', 'hyperliquid-ecosystem', 'binance-ecosystem', 'binance-listing', 'perpetuals']",58.35562012137568,347748667.26711863,300555865.4215813,47192801.84553728,-6.7075,-0.09722529,-1.56733441,-2.62988947,-6.54679228,-8.21303886,40.19766646,14748076398.90037,0.6663,55617859087.88,,2026-07-24T12:13:00.000Z,32196.0,hyperliquid,Hyperliquid,HYPE,0x0d01dc56dcaaca66ad901c959b4011ec
2026-07-24 14:14:52.234572,74.0,Dogecoin,DOGE,dogecoin,True,155202516383.70523,155202516383.70523,,2013-12-15T00:00:00.000Z,1456.0,10.0,2026-07-24T12:13:00.000Z,,,,,10776589621.3,"['mineable', 'pow', 'scrypt', 'medium-of-exchange', 'memes', 'payments', 'doggone-doggerel', 'doge-chain-ecosystem', 'osmosis-ecosystem', 'ftx-bankruptcy-estate', 'animal-memes', 'made-in-america', 'binance-ecosystem', 'binance-listing', 'sec-cftc-token-taxonomy', 'sec-cftc-digital-commodities']",0.06943566298019793,935461507.1538427,935093441.2243286,368065.92951386,87.3979,-0.50490834,-3.95181956,-3.37335012,-11.95837043,-32.40234885,-29.1065893,10776589621.297604,0.4871,10776589621.3,,2026-07-24T12:13:00.000Z,,,,,
2026-07-24 14:14:52.234572,3957.0,UNUS SED LEO,LEO,unus-sed-leo,False,920129382.9,985239504.0,,2019-05-21T00:00:00.000Z,69.0,11.0,2026-07-24T12:14:00.000Z,,,,,9457182883.17,"['marketplace', 'centralized-exchange', 'discount-token', 'payments', 'ethereum-ecosystem', 'kenetic-capital-portfolio', 'alameda-research-portfolio']",9.598866919943701,577319.49535193,577319.49535193,0.0,180.0981,-0.00724749,-1.31391962,-2.02282555,0.79205637,-4.5586157,-6.37146582,8832199495.58702,0.3991,9457182883.17,,2026-07-24T12:14:00.000Z,1027.0,ethereum,Ethereum,ETH,0x2af5d2ad76741191d15dfe7bf6ac92d4bd912ca3
2026-07-24 14:14:52.234572,1437.0,Zcash,ZEC,zcash,False,16786844.4155448,16786844.4155448,21000000.0,2016-10-29T00:00:00.000Z,630.0,12.0,2026-07-24T12:12:00.000Z,,,,,8424237062.49,"['mineable', 'pow', 'equihash', 'medium-of-exchange', 'privacy', 'zero-knowledge-proofs', 'quantum-resistant', 'binance-chain', 'boostvc-portfolio', 'dcg-portfolio', 'electric-capital-portfolio', 'fenbushi-capital-portfolio', 'hashkey-capital-portfolio', 'winklevoss-capital-portfolio', 'placeholder-ventures-portfolio', 'pantera-capital-portfolio', 'layer-1', 'standard-crypto-portfolio', '2017-2018-alt-season', 'made-in-america', 'binance-ecosystem', 'binance-listing', 'privacy-coins']",501.83565498995034,401249781.6591342,369627070.5201262,31622711.13900804,13.2049,0.43343848,-2.86543956,-6.11349714,19.67640832,-25.41522598,40.44574473,8424237062.489315,0.3807,10538548754.79,,2026-07-24T12:12:00.000Z,,,,,
2026-07-24 14:14:52.234572,328.0,Monero,XMR,monero,True,18782099.14058,18782099.14058,,2014-05-21T00:00:00.000Z,372.0,13.0,2026-07-24T12:13:00.000Z,,,,,6601230435.11,"['mineable', 'pow', 'medium-of-exchange', 'privacy', 'ringct', 'boostvc-portfolio', 'electric-capital-portfolio', 'galaxy-digital-portfolio', 'layer-1', '2017-2018-alt-season', 'binance-ecosystem', 'binance-listing', 'privacy-coins']",351.46393306187764,101388677.4312897,101388677.4312897,0.0,48.0263,-0.33364086,1.30361216,8.54885591,8.33982425,-9.06962407,-5.18540653,6601230435.106359,0.2983,6601230435.11,,2026-07-24T12:13:00.000Z,,,,,
2026-07-24 14:14:52.234572,1975.0,Chainlink,LINK,chainlink,False,748099970.424884,1000000000.0,1000000000.0,2017-09-20T00:00:00.000Z,2259.0,14.0,2026-07-24T12:13:00.000Z,,,,,8451022373.27,"['platform', 'cosmos-ecosystem', 'defi', 'privacy', 'interoperability', 'iot', 'oracles', 'smart-contracts', 'ethereum-ecosystem', 'tron-ecosystem', 'polkadot', 'polkadot-ecosystem', 'heco-ecosystem', 'avalanche-ecosystem', 'solana-ecosystem', 'framework-ventures-portfolio', 'hedera-hashgraph-ecosystem', 'polygon-ecosystem', 'fantom-ecosystem', 'cardano-ecosystem', 'terra-ecosystem', 'web3', 'near-protocol-ecosystem', 'arbitrum-ecosystem', 'celo-ecosystem', 'defi-2', 'cross-chain', 'cronos-ecosystem', 'cardano', 'injective-ecosystem', 'bnb-chain-ecosystem', 'oasis-ecosystem', 'moonbeam-ecosystem', 'xdc-ecosystem', 'metisdao-ecosystem', 'velas-ecosystem', 'doge-chain-ecosystem', 'aptos-ecosystem', 'sui-ecosystem', 'optimism-ecosystem', 'bitcoin-ecosystem', 'real-world-assets-protocols', 'zksync-era-ecosystem', 'kadena-ecosystem', 'base-ecosystem', 'linea-ecosystem', 'sei-ecosystem', 'toncoin-ecosystem', 'paal-ecosystem', 'blast-ecosystem', 'atomicals-ecosystem', 'move-vm', 'eigenlayer-ecosystem', 'hyperliquid-ecosystem', 'gnosis-chain-ecosystem', 'ronin-ecosystem', 'astar-ecosystem', 'core-ecosystem', 'starknet-ecosystem', 'mantle-ecosystem', 'opbnb-ecosystem', 'scroll-ecosystem', 'merlin-ecosystem', 'b²-network-ecosystem', 'mode-ecosystem', 'world-chain-mainnet-ecosystem', 'made-in-america', 'btcfi', 'world-liberty-financial-portfolio', 'corn-ecosystem', 'bonk-fun-ecosystem', 'sonic-ecosystem', 'binance-ecosystem', 'binance-listing', 'bittensor-ecosystem', 'hyperevm-ecosystem', 'etherlink-ecosystem', 'bera-chain-ecosystem', 'abstract-chain-ecosystem', 'unichain-ecosystem', 'soneium-ecosystem', 'fraxtal-ecosystem', 'monad-ecosystem', 'hashkey-chain-ecosystem', 'wlfi-ecosystem', 'plasma-ecosystem', 'x402-ecosystem', 'iso-20022', 'megaeth-ecosystem', 'sec-cftc-token-taxonomy', 'sec-cftc-digital-commodities', 'robinhood-ecosystem']",8.451022373270048,190311660.4636384,185240886.03260624,5070774.43103211,-4.4596,-0.14186957,-1.99544678,3.2662036,10.96100257,-11.30571348,-9.99497998,6322209587.503356,0.2858,8451022373.27,,2026-07-24T12:13:00.000Z,1027.0,ethereum,Ethereum,ETH,0x514910771af9ca656af840dff83e8264ecf986ca
2026-07-24 14:14:52.234572,512.0,Stellar,XLM,stellar,False,34174900114.233486,50001786839.912476,50001806812.0,2014-08-05T00:00:00.000Z,827.0,15.0,2026-07-24T12:14:00.000Z,,,31531408660.0,5753615876.842538,9123952492.41,"['medium-of-exchange', 'enterprise-solutions', 'decentralized-exchange-dex-token', 'defi', 'smart-contracts', 'hashkey-capital-portfolio', 'real-world-assets-protocols', '2017-2018-alt-season', 'made-in-america', 'binance-ecosystem', 'binance-listing', 'iso-20022', 'sec-cftc-token-taxonomy', 'sec-cftc-digital-commodities']",0.18247252886425716,124972676.54898924,124821642.69607924,151033.85291,-12.0562,-0.01485647,-1.18081324,-0.68575442,-4.9124485,21.08084063,5.93137259,6235980447.5275755,0.2817,9123956136.77,,2026-07-24T12:14:00.000Z,,,,,
2026-07-24 14:14:52.234572,2010.0,Cardano,ADA,cardano,False,36489899411.97189,44993202652.386566,45000000000.0,2017-10-01T00:00:00.000Z,1718.0,16.0,2026-07-24T12:13:00.000Z,,,37997904336.0,6314749124.436519,7477275181.87,"['dpos', 'pos', 'platform', 'research', 'smart-contracts', 'staking', 'cardano-ecosystem', 'cardano', 'layer-1', 'alleged-sec-securities', '2017-2018-alt-season', 'made-in-america', 'us-strategic-crypto-reserve', 'binance-ecosystem', 'binance-listing', 'iso-20022', 'sec-cftc-token-taxonomy', 'sec-cftc-digital-commodities']",0.166186773580926,234007538.44959497,233143909.9398469,863628.50974814,-15.5505,-0.13645795,-4.80444096,3.52190374,12.1412848,-32.04654003,-33.99255366,6064138651.568138,0.274,7478404811.14,,2026-07-24T12:13:00.000Z,,,,,
2026-07-24 14:14:52.234572,37263.0,Canton,CC,canton-network,True,39145141881.92199,39145141881.92199,,2025-07-08T04:07:45.000Z,108.0,17.0,2026-07-24T12:13:00.000Z,,,39145141881.92,4682537106.104672,4682537106.1,"['proof-of-authority', 'store-of-value', 'enterprise-solutions', 'privacy', 'interoperability', 'scaling', 'smart-contracts', 'layer-1', 'binance-ecosystem', 'binance-listing', 'privacy-blockchain']",0.11961987825282094,12485626.07851063,10413823.01307281,2071803.06543783,6.8234,-0.37446311,-0.49414205,-7.77817181,-20.48556229,-27.71828517,-21.23909135,4682537106.10491,0.2116,4682537106.1,,2026-07-24T12:13:00.000Z,,,,,
2026-07-24 14:14:52.234572,4943.0,Dai,DAI,multi-collateral-dai,True,4647076141.403908,4647076141.403908,,2019-11-22T00:00:00.000Z,3771.0,18.0,2026-07-24T12:13:00.000Z,,,,,4645814711.81,"['defi', 'stablecoin', 'asset-backed-stablecoin', 'usd-stablecoin', 'xlayer-ecosystem', 'anubis-ecosystem']",0.999728554136587,36999206.08532215,380498.68195522,36618707.40336693,8.9008,-0.01416495,0.02457223,-0.00067896,0.01841871,0.01475044,0.00105226,4645814711.808358,0.21,4645814711.81,,2026-07-24T12:13:00.000Z,1027.0,ethereum,Ethereum,ETH,0x6b175474e89094c44da98b954eedeac495271d0f
2026-07-24 14:14:52.234572,1831.0,Bitcoin Cash,BCH,bitcoin-cash,False,20065618.75,20065618.75,21000000.0,2017-07-23T00:00:00.000Z,1173.0,19.0,2026-07-24T12:13:00.000Z,,,,,4214458923.51,"['mineable', 'pow', 'sha-256', 'marketplace', 'medium-of-exchange', 'store-of-value', 'enterprise-solutions', 'payments', 'layer-1', '2017-2018-alt-season', 'made-in-america', 'binance-ecosystem', 'binance-listing', 'sec-cftc-token-taxonomy', 'sec-cftc-digital-commodities']",210.03383827913677,99156900.45298763,99150381.01005036,6519.44293727,24.5452,-0.06412738,-2.88056617,-3.80429836,8.38311002,-39.87371805,-53.70321932,4214458923.5083146,0.1905,4410710603.86,,2026-07-24T12:13:00.000Z,,,,,
2026-07-24 14:14:52.234572,36148.0,World Liberty Financial USD,USD1,usd1,False,4152511634.4574523,4152511634.4574523,,2025-04-13T05:37:56.000Z,1229.0,20.0,2026-07-24T12:12:00.000Z,,,,,4147245638.11,"['stablecoin', 'asset-backed-stablecoin', 'usd-stablecoin', 'tron20-ecosystem', 'made-in-america', 'world-liberty-financial-portfolio', 'binance-ecosystem', 'binance-listing', 'wlfi-ecosystem']",0.9987318527162753,945485984.170863,908440889.5820392,37045094.58882382,38.4457,-0.01763356,-0.04325915,-0.02143601,-0.04610715,-0.02529719,-0.1001525,4147245638.1075797,0.1874,4147245638.11,,2026-07-24T12:12:00.000Z,1027.0,ethereum,Ethereum,ETH,0x8d0D000Ee44948FC98c9B98A4FA4921476f08B0d
2026-07-24 14:15:52.400367,1.0,Bitcoin,BTC,bitcoin,False,20060671.0,20060671.0,21000000.0,2010-07-13T00:00:00.000Z,12673.0,1.0,2026-07-24T12:13:00.000Z,,,,,1304302117388.78,"['mineable', 'pow', 'sha-256', 'store-of-value', 'state-channel', 'coinbase-ventures-portfolio', 'three-arrows-capital-portfolio', 'polychain-capital-portfolio', 'binance-labs-portfolio', 'blockchain-capital-portfolio', 'boostvc-portfolio', 'cms-holdings-portfolio', 'dcg-portfolio', 'dragonfly-capital-portfolio', 'electric-capital-portfolio', 'fabric-ventures-portfolio', 'framework-ventures-portfolio', 'galaxy-digital-portfolio', 'huobi-capital-portfolio', 'alameda-research-portfolio', 'a16z-portfolio', '1confirmation-portfolio', 'winklevoss-capital-portfolio', 'usv-portfolio', 'placeholder-ventures-portfolio', 'pantera-capital-portfolio', 'multicoin-capital-portfolio', 'paradigm-portfolio', 'bitcoin-ecosystem', 'layer-1', 'ftx-bankruptcy-estate', '2017-2018-alt-season', 'us-strategic-crypto-reserve', 'binance-ecosystem', 'binance-listing', 'sec-cftc-token-taxonomy', 'sec-cftc-digital-commodities']",65017.870907148696,25248898846.298737,25222597102.047688,26301744.25104607,21.1729,0.08527455,-0.70370928,2.90889285,3.58939619,-15.8751587,-16.31842977,1304302117388.7815,58.9437,1365375289050.12,,2026-07-24T12:13:00.000Z,,,,,
2026-07-24 14:15:52.400367,1027.0,Ethereum,ETH,ethereum,True,120682712.41641597,120682712.41641597,,2015-08-07T00:00:00.000Z,12237.0,2.0,2026-07-24T12:15:00.000Z,,,,,227148625579.34,"['pos', 'smart-contracts', 'ethereum-ecosystem', 'coinbase-ventures-portfolio', 'three-arrows-capital-portfolio', 'polychain-capital-portfolio', 'binance-labs-portfolio', 'blockchain-capital-portfolio', 'boostvc-portfolio', 'cms-holdings-portfolio', 'dcg-portfolio', 'dragonfly-capital-portfolio', 'electric-capital-portfolio', 'fabric-ventures-portfolio', 'framework-ventures-portfolio', 'hashkey-capital-portfolio', 'kenetic-capital-portfolio', 'huobi-capital-portfolio', 'alameda-research-portfolio', 'a16z-portfolio', '1confirmation-portfolio', 'winklevoss-capital-portfolio', 'usv-portfolio', 'placeholder-ventures-portfolio', 'pantera-capital-portfolio', 'multicoin-capital-portfolio', 'paradigm-portfolio', 'ethereum-pow-ecosystem', 'layer-1', 'ftx-bankruptcy-estate', 'sora-ecosystem', 'rsk-rbtc-ecosystem', 'world-liberty-financial-portfolio', 'us-strategic-crypto-reserve', 'binance-ecosystem', 'binance-listing', 'abstract-chain-ecosystem', 'unichain-ecosystem', 'soneium-ecosystem', 'sophon-ecosystem', 'sec-cftc-token-taxonomy', 'sec-cftc-digital-commodities', 'anubis-ecosystem', 'robinhood-ecosystem']",1882.1968866225031,10168853121.127851,10086081168.869558,82771952.25828858,6.8618,0.11429896,-2.11941651,2.59615478,12.33592198,-10.91535258,-18.73542834,227148625579.33704,10.2624,227148625579.34,,2026-07-24T12:15:00.000Z,,,,,
2026-07-24 14:15:52.400367,825.0,Tether USDt,USDT,tether,True,184156916986.16385,189106724037.45197,,2015-02-25T00:00:00.000Z,191306.0,3.0,2026-07-24T12:14:00.000Z,,,,,188945848269.79,"['stablecoin', 'asset-backed-stablecoin', 'usd-stablecoin', 'ethereum-pow-ecosystem', 'fiat-stablecoin', 'tron20-ecosystem', 'rsk-rbtc-ecosystem', 'venom-ecosystem', 'world-liberty-financial-portfolio', 'binance-ecosystem', 'binance-listing', 'peaq-ecosystem', 'etherlink-ecosystem', 'duckchain-ecosystem', 'onus-ecosystem', 'sophon-ecosystem', 'xlayer-ecosystem']",0.9991492858412122,52671153311.147354,51185837278.91704,1485316032.2303948,9.9693,-0.01990546,-0.04158882,0.0123633,0.05108724,0.0078863,-0.10085163,184000252089.445,8.3145,188945848269.79,,2026-07-24T12:14:00.000Z,1027.0,ethereum,Ethereum,ETH,0xdac17f958d2ee523a2206206994597c13d831ec7
2026-07-24 14:15:52.400367,1839.0,BNB,BNB,bnb,False,133165746.73,133165746.73,133165747.53,2017-07-25T00:00:00.000Z,3316.0,4.0,2026-07-24T12:14:00.000Z,,,,,75361810543.83,"['marketplace', 'centralized-exchange', 'payments', 'smart-contracts', 'alameda-research-portfolio', 'multicoin-capital-portfolio', 'bnb-chain-ecosystem', 'layer-1', 'alleged-sec-securities', 'celsius-bankruptcy-estate', 'binance-ecosystem', 'binance-listing', 'etherlink-ecosystem', 'made-in-china']",565.9248898038686,926923477.1286902,904535131.8814894,22388345.24720059,-1.2858,-0.0062531,-0.62679622,0.38896883,-2.19638595,-14.66955169,-10.84303522,75361810543.82512,3.4054,75361810996.57,,2026-07-24T12:14:00.000Z,,,,,
2026-07-24 14:15:52.400367,3408.0,USDC,USDC,usd-coin,False,72978910168.95134,72978910168.95134,,2018-10-08T00:00:00.000Z,41807.0,5.0,2026-07-24T12:14:00.000Z,,,60901219650.23,60893319923.36113,72969443799.3,"['medium-of-exchange', 'stablecoin', 'asset-backed-stablecoin', 'stellar-ecosystem', 'coinbase-ventures-portfolio', 'usd-stablecoin', 'xdc-ecosystem', 'ethereum-pow-ecosystem', 'fiat-stablecoin', 'tron20-ecosystem', 'venom-ecosystem', 'made-in-america', 'world-liberty-financial-portfolio', 'sonic-ecosystem', 'binance-ecosystem', 'binance-listing', 'hyperevm-ecosystem', 'etherlink-ecosystem', 'unichain-ecosystem', 'vector-smart-chain-ecosystem', 'sophon-ecosystem', 'monad-ecosystem', 'xlayer-ecosystem']",0.9998702862288433,10121027099.775463,8821074112.601246,1299952987.174201,8.7717,-0.01192857,-0.02101139,0.00449173,0.01412885,0.01162623,0.0023146,72969443799.29842,3.2967,72969443799.3,,2026-07-24T12:14:00.000Z,1027.0,ethereum,Ethereum,ETH,0xa0b86991c6218b36c1d19d4a2e9eb0ce3606eb48
2026-07-24 14:15:52.400367,52.0,XRP,XRP,xrp,False,62466503703.0,99985639695.0,100000000000.0,2013-08-04T00:00:00.000Z,1851.0,6.0,2026-07-24T12:14:00.000Z,,,,,110306263947.37,"['medium-of-exchange', 'enterprise-solutions', 'xrp-ecosystem', 'solana-ecosystem', 'arrington-xrp-capital-portfolio', 'galaxy-digital-portfolio', 'a16z-portfolio', 'pantera-capital-portfolio', 'ftx-bankruptcy-estate', '2017-2018-alt-season', 'klaytn-ecosystem', 'made-in-america', 'us-strategic-crypto-reserve', 'binance-ecosystem', 'binance-listing', 'iso-20022', 'sec-cftc-token-taxonomy', 'sec-cftc-digital-commodities']",1.1032210653834686,1119851565.3439806,1119085983.41684,765581.92714068,19.5335,-0.16282901,-2.52666107,1.96288435,0.9162453,-18.65155518,-22.89235945,68914362766.00404,3.1135,110322106538.35,,2026-07-24T12:14:00.000Z,,,,,
2026-07-24 14:15:52.400367,5426.0,Solana,SOL,solana,True,582864861.9342287,630867516.9633151,,2020-04-10T00:00:00.000Z,1147.0,7.0,2026-07-24T12:13:00.000Z,,,525236893.3,39462356255.59538,47398648156.78,"['pos', 'platform', 'solana-ecosystem', 'cms-holdings-portfolio', 'kenetic-capital-portfolio', 'alameda-research-portfolio', 'multicoin-capital-portfolio', 'okx-ventures-portfolio', 'layer-1', 'ftx-bankruptcy-estate', 'alleged-sec-securities', 'cmc-crypto-awards-2024', 'made-in-america', 'us-strategic-crypto-reserve', 'binance-ecosystem', 'binance-listing', 'sec-cftc-token-taxonomy', 'sec-cftc-digital-commodities', 'coinlist-launchpad']",75.13249118442187,1634834440.7056592,1634763785.9039147,70654.80174455,4.4966,-0.29806734,-3.1602207,0.63855053,7.70945863,-12.37501232,-13.00922108,43792089100.982704,1.9795,47398648156.78,,2026-07-24T12:13:00.000Z,,,,,
2026-07-24 14:15:52.400367,1958.0,TRON,TRX,tron,True,94878859029.26059,94878859501.95769,,2017-09-13T00:00:00.000Z,1352.0,8.0,2026-07-24T12:14:00.000Z,,,94667886298.43,31345562905.13858,31415418418.78,"['media', 'payments', 'tron-ecosystem', 'layer-1', 'dwf-labs-portfolio', 'alleged-sec-securities', '2017-2018-alt-season', 'tron20-ecosystem', 'world-liberty-financial-portfolio', 'binance-ecosystem', 'binance-listing', 'made-in-china']",0.33111083526598634,453596938.17195946,453511702.09180003,85236.0801594,21.2504,-0.10082271,1.20643038,2.6838831,0.04635953,-9.59612509,2.57034035,31415418262.26224,1.4197,31415418418.78,,2026-07-24T12:14:00.000Z,,,,,
2026-07-24 14:15:52.400367,32196.0,Hyperliquid,HYPE,hyperliquid,False,252727609.92386654,953084179.5974618,953084878.0666131,2024-07-15T10:14:50.000Z,293.0,9.0,2026-07-24T12:14:00.000Z,,,333931719.0,19486051544.293148,55615703429.74,"['decentralized-exchange-dex-token', 'defi', 'derivatives', 'layer-1', 'hyperliquid-ecosystem', 'binance-ecosystem', 'binance-listing', 'perpetuals']",58.35340111639155,347779764.79604334,300586962.95050603,47192801.84553728,-6.7157,-0.10874449,-1.58336612,-2.63728973,-6.54805586,-8.28833337,40.22834583,14747515595.074322,0.6663,55615744187.79,,2026-07-24T12:14:00.000Z,32196.0,hyperliquid,Hyperliquid,HYPE,0x0d01dc56dcaaca66ad901c959b4011ec
2026-07-24 14:15:52.400367,74.0,Dogecoin,DOGE,dogecoin,True,155202516383.70523,155202516383.70523,,2013-12-15T00:00:00.000Z,1456.0,10.0,2026-07-24T12:14:00.000Z,,,,,10776845478.74,"['mineable', 'pow', 'scrypt', 'medium-of-exchange', 'memes', 'payments', 'doggone-doggerel', 'doge-chain-ecosystem', 'osmosis-ecosystem', 'ftx-bankruptcy-estate', 'animal-memes', 'made-in-america', 'binance-ecosystem', 'binance-listing', 'sec-cftc-token-taxonomy', 'sec-cftc-digital-commodities']",0.06943731151948446,935440965.5238422,935072899.5943282,368065.92951386,87.4075,-0.5020757,-3.96114987,-3.36867771,-11.95896545,-32.4038962,-29.1030785,10776845478.74323,0.487,10776845478.74,,2026-07-24T12:14:00.000Z,,,,,
2026-07-24 14:15:52.400367,3957.0,UNUS SED LEO,LEO,unus-sed-leo,False,920129382.9,985239504.0,,2019-05-21T00:00:00.000Z,69.0,11.0,2026-07-24T12:15:00.000Z,,,,,9457160917.29,"['marketplace', 'centralized-exchange', 'discount-token', 'payments', 'ethereum-ecosystem', 'kenetic-capital-portfolio', 'alameda-research-portfolio']",9.598844624986354,577348.47873668,577348.47873668,0.0,180.1111,-0.00767742,-1.31460841,-2.02376696,0.78517962,-4.55871513,-6.37315704,8832178981.341677,0.3991,9457160917.29,,2026-07-24T12:15:00.000Z,1027.0,ethereum,Ethereum,ETH,0x2af5d2ad76741191d15dfe7bf6ac92d4bd912ca3
2026-07-24 14:15:52.400367,1437.0,Zcash,ZEC,zcash,False,16786844.4155448,16786844.4155448,21000000.0,2016-10-29T00:00:00.000Z,630.0,12.0,2026-07-24T12:14:00.000Z,,,,,8420541311.53,"['mineable', 'pow', 'equihash', 'medium-of-exchange', 'privacy', 'zero-knowledge-proofs', 'quantum-resistant', 'binance-chain', 'boostvc-portfolio', 'dcg-portfolio', 'electric-capital-portfolio', 'fenbushi-capital-portfolio', 'hashkey-capital-portfolio', 'winklevoss-capital-portfolio', 'placeholder-ventures-portfolio', 'pantera-capital-portfolio', 'layer-1', 'standard-crypto-portfolio', '2017-2018-alt-season', 'made-in-america', 'binance-ecosystem', 'binance-listing', 'privacy-coins']",501.6154974147719,401417795.71848875,369790256.03603405,31627539.68245483,13.2469,0.31877744,-2.93831008,-6.07142479,19.67280197,-25.47728397,40.33296102,8420541311.527891,0.3805,10533925445.71,,2026-07-24T12:14:00.000Z,,,,,
2026-07-24 14:15:52.400367,328.0,Monero,XMR,monero,True,18782099.14058,18782099.14058,,2014-05-21T00:00:00.000Z,372.0,13.0,2026-07-24T12:14:00.000Z,,,,,6600669781.82,"['mineable', 'pow', 'medium-of-exchange', 'privacy', 'ringct', 'boostvc-portfolio', 'electric-capital-portfolio', 'galaxy-digital-portfolio', 'layer-1', '2017-2018-alt-season', 'binance-ecosystem', 'binance-listing', 'privacy-coins']",351.43408265554365,101389724.50207634,101389724.50207634,0.0,48.006,-0.2578214,1.33764967,8.51301218,8.32072232,-9.08231155,-5.19726346,6600669781.8152075,0.2983,6600669781.82,,2026-07-24T12:14:00.000Z,,,,,
2026-07-24 14:15:52.400367,1975.0,Chainlink,LINK,chainlink,False,748099970.424884,1000000000.0,1000000000.0,2017-09-20T00:00:00.000Z,2259.0,14.0,2026-07-24T12:14:00.000Z,,,,,8451744183.94,"['platform', 'cosmos-ecosystem', 'defi', 'privacy', 'interoperability', 'iot', 'oracles', 'smart-contracts', 'ethereum-ecosystem', 'tron-ecosystem', 'polkadot', 'polkadot-ecosystem', 'heco-ecosystem', 'avalanche-ecosystem', 'solana-ecosystem', 'framework-ventures-portfolio', 'hedera-hashgraph-ecosystem', 'polygon-ecosystem', 'fantom-ecosystem', 'cardano-ecosystem', 'terra-ecosystem', 'web3', 'near-protocol-ecosystem', 'arbitrum-ecosystem', 'celo-ecosystem', 'defi-2', 'cross-chain', 'cronos-ecosystem', 'cardano', 'injective-ecosystem', 'bnb-chain-ecosystem', 'oasis-ecosystem', 'moonbeam-ecosystem', 'xdc-ecosystem', 'metisdao-ecosystem', 'velas-ecosystem', 'doge-chain-ecosystem', 'aptos-ecosystem', 'sui-ecosystem', 'optimism-ecosystem', 'bitcoin-ecosystem', 'real-world-assets-protocols', 'zksync-era-ecosystem', 'kadena-ecosystem', 'base-ecosystem', 'linea-ecosystem', 'sei-ecosystem', 'toncoin-ecosystem', 'paal-ecosystem', 'blast-ecosystem', 'atomicals-ecosystem', 'move-vm', 'eigenlayer-ecosystem', 'hyperliquid-ecosystem', 'gnosis-chain-ecosystem', 'ronin-ecosystem', 'astar-ecosystem', 'core-ecosystem', 'starknet-ecosystem', 'mantle-ecosystem', 'opbnb-ecosystem', 'scroll-ecosystem', 'merlin-ecosystem', 'b²-network-ecosystem', 'mode-ecosystem', 'world-chain-mainnet-ecosystem', 'made-in-america', 'btcfi', 'world-liberty-financial-portfolio', 'corn-ecosystem', 'bonk-fun-ecosystem', 'sonic-ecosystem', 'binance-ecosystem', 'binance-listing', 'bittensor-ecosystem', 'hyperevm-ecosystem', 'etherlink-ecosystem', 'bera-chain-ecosystem', 'abstract-chain-ecosystem', 'unichain-ecosystem', 'soneium-ecosystem', 'fraxtal-ecosystem', 'monad-ecosystem', 'hashkey-chain-ecosystem', 'wlfi-ecosystem', 'plasma-ecosystem', 'x402-ecosystem', 'iso-20022', 'megaeth-ecosystem', 'sec-cftc-token-taxonomy', 'sec-cftc-digital-commodities', 'robinhood-ecosystem']",8.451744183943557,190304379.57428166,185233058.73244998,5071320.84183168,-4.4703,-0.13388146,-1.99348177,3.27561204,10.97466683,-11.30874888,-9.98690751,6322749574.04686,0.2857,8451744183.94,,2026-07-24T12:14:00.000Z,1027.0,ethereum,Ethereum,ETH,0x514910771af9ca656af840dff83e8264ecf986ca
2026-07-24 14:15:52.400367,512.0,Stellar,XLM,stellar,False,34174900114.233486,50001786839.912476,50001806812.0,2014-08-05T00:00:00.000Z,827.0,15.0,2026-07-24T12:15:00.000Z,,,31531408660.0,5753647680.78094,9124002926.37,"['medium-of-exchange', 'enterprise-solutions', 'decentralized-exchange-dex-token', 'defi', 'smart-contracts', 'hashkey-capital-portfolio', 'real-world-assets-protocols', '2017-2018-alt-season', 'made-in-america', 'binance-ecosystem', 'binance-listing', 'iso-20022', 'sec-cftc-token-taxonomy', 'sec-cftc-digital-commodities']",0.18247353750737694,124955779.02895705,124804745.17604707,151033.85291,-12.0844,-0.01423296,-1.18207124,-0.67100422,-4.86674527,21.03289483,5.91634879,6236014917.805445,0.2817,9124006570.75,,2026-07-24T12:15:00.000Z,,,,,
2026-07-24 14:15:52.400367,2010.0,Cardano,ADA,cardano,False,36489899411.97189,44993202652.386566,45000000000.0,2017-10-01T00:00:00.000Z,1718.0,16.0,2026-07-24T12:14:00.000Z,,,37997904336.0,6315155530.553108,7477756406.12,"['dpos', 'pos', 'platform', 'research', 'smart-contracts', 'staking', 'cardano-ecosystem', 'cardano', 'layer-1', 'alleged-sec-securities', '2017-2018-alt-season', 'made-in-america', 'us-strategic-crypto-reserve', 'binance-ecosystem', 'binance-listing', 'iso-20022', 'sec-cftc-token-taxonomy', 'sec-cftc-digital-commodities']",0.16619746906857702,234003858.69473484,233140080.6107279,863778.084007,-15.5534,-0.12815814,-4.81626323,3.53033778,12.14390353,-32.0425673,-33.98891304,6064528928.836686,0.2741,7478886108.09,,2026-07-24T12:14:00.000Z,,,,,
2026-07-24 14:15:52.400367,37263.0,Canton,CC,canton-network,True,39145141881.92199,39145141881.92199,,2025-07-08T04:07:45.000Z,108.0,17.0,2026-07-24T12:14:00.000Z,,,39145141881.92,4682280383.776957,4682280383.78,"['proof-of-authority', 'store-of-value', 'enterprise-solutions', 'privacy', 'interoperability', 'scaling', 'smart-contracts', 'layer-1', 'binance-ecosystem', 'binance-listing', 'privacy-blockchain']",0.11961332003600594,12485906.92671511,10414103.86127728,2071803.06543783,6.8841,-0.38401631,-0.51261998,-7.77594405,-20.47902333,-27.7144921,-21.24399727,4682280383.777194,0.2116,4682280383.78,,2026-07-24T12:14:00.000Z,,,,,
2026-07-24 14:15:52.400367,4943.0,Dai,DAI,multi-collateral-dai,True,4647076141.403908,4647076141.403908,,2019-11-22T00:00:00.000Z,3771.0,18.0,2026-07-24T12:15:00.000Z,,,,,4646298841.37,"['defi', 'stablecoin', 'asset-backed-stablecoin', 'usd-stablecoin', 'xlayer-ecosystem', 'anubis-ecosystem']",0.999832733526909,36995728.56312658,380477.45118384,36615251.11194273,9.0575,-0.0072006,0.03460294,0.019236,0.0279753,0.02328786,0.0132126,4646298841.36755,0.21,4646298841.37,,2026-07-24T12:15:00.000Z,1027.0,ethereum,Ethereum,ETH,0x6b175474e89094c44da98b954eedeac495271d0f
2026-07-24 14:15:52.400367,1831.0,Bitcoin Cash,BCH,bitcoin-cash,False,20065618.75,20065618.75,21000000.0,2017-07-23T00:00:00.000Z,1173.0,19.0,2026-07-24T12:14:00.000Z,,,,,4214365541.59,"['mineable', 'pow', 'sha-256', 'marketplace', 'medium-of-exchange', 'store-of-value', 'enterprise-solutions', 'payments', 'layer-1', '2017-2018-alt-season', 'made-in-america', 'binance-ecosystem', 'binance-listing', 'sec-cftc-token-taxonomy', 'sec-cftc-digital-commodities']",210.0291844521197,99157156.12799245,99150636.68505518,6519.44293727,24.5465,-0.07924784,-2.88915525,-3.8096945,8.38616049,-39.87848014,-53.70504471,4214365541.5896616,0.1904,4410612873.49,,2026-07-24T12:14:00.000Z,,,,,
2026-07-24 14:15:52.400367,36148.0,World Liberty Financial USD,USD1,usd1,False,4152511634.4574523,4152511634.4574523,,2025-04-13T05:37:56.000Z,1229.0,20.0,2026-07-24T12:14:00.000Z,,,,,4147136088.41,"['stablecoin', 'asset-backed-stablecoin', 'usd-stablecoin', 'tron20-ecosystem', 'made-in-america', 'world-liberty-financial-portfolio', 'binance-ecosystem', 'binance-listing', 'wlfi-ecosystem']",0.998705471164327,946627558.89794,909597798.5233417,37029760.37459846,38.5828,-0.02355708,-0.04298522,-0.02175525,-0.05063496,-0.02473436,-0.10197243,4147136088.4061794,0.1874,4147136088.41,,2026-07-24T12:14:00.000Z,1027.0,ethereum,Ethereum,ETH,0x8d0D000Ee44948FC98c9B98A4FA4921476f08B0d
2026-07-24 14:13:52.062766,1.0,Bitcoin,BTC,bitcoin,False,20060671.0,20060671.0,21000000.0,2010-07-13T00:00:00.000Z,12673.0,1.0,2026-07-24T12:11:00.000Z,,,,,1304418696870.69,"['mineable', 'pow', 'sha-256', 'store-of-value', 'state-channel', 'coinbase-ventures-portfolio', 'three-arrows-capital-portfolio', 'polychain-capital-portfolio', 'binance-labs-portfolio', 'blockchain-capital-portfolio', 'boostvc-portfolio', 'cms-holdings-portfolio', 'dcg-portfolio', 'dragonfly-capital-portfolio', 'electric-capital-portfolio', 'fabric-ventures-portfolio', 'framework-ventures-portfolio', 'galaxy-digital-portfolio', 'huobi-capital-portfolio', 'alameda-research-portfolio', 'a16z-portfolio', '1confirmation-portfolio', 'winklevoss-capital-portfolio', 'usv-portfolio', 'placeholder-ventures-portfolio', 'pantera-capital-portfolio', 'multicoin-capital-portfolio', 'paradigm-portfolio', 'bitcoin-ecosystem', 'layer-1', 'ftx-bankruptcy-estate', '2017-2018-alt-season', 'us-strategic-crypto-reserve', 'binance-ecosystem', 'binance-listing', 'sec-cftc-token-taxonomy', 'sec-cftc-digital-commodities']",65023.682252238126,25232536680.27318,25205589521.772884,26947158.50029257,17.6225,0.13576864,-0.63588891,2.87160847,3.50778579,-15.84888951,-16.31355789,1304418696870.688,58.949,1365497327297.0,,2026-07-24T12:11:00.000Z,,,,,
2026-07-24 14:13:52.062766,1027.0,Ethereum,ETH,ethereum,True,120682712.41641597,120682712.41641597,,2015-08-07T00:00:00.000Z,12237.0,2.0,2026-07-24T12:12:00.000Z,,,,,227234321577.5,"['pos', 'smart-contracts', 'ethereum-ecosystem', 'coinbase-ventures-portfolio', 'three-arrows-capital-portfolio', 'polychain-capital-portfolio', 'binance-labs-portfolio', 'blockchain-capital-portfolio', 'boostvc-portfolio', 'cms-holdings-portfolio', 'dcg-portfolio', 'dragonfly-capital-portfolio', 'electric-capital-portfolio', 'fabric-ventures-portfolio', 'framework-ventures-portfolio', 'hashkey-capital-portfolio', 'kenetic-capital-portfolio', 'huobi-capital-portfolio', 'alameda-research-portfolio', 'a16z-portfolio', '1confirmation-portfolio', 'winklevoss-capital-portfolio', 'usv-portfolio', 'placeholder-ventures-portfolio', 'pantera-capital-portfolio', 'multicoin-capital-portfolio', 'paradigm-portfolio', 'ethereum-pow-ecosystem', 'layer-1', 'ftx-bankruptcy-estate', 'sora-ecosystem', 'rsk-rbtc-ecosystem', 'world-liberty-financial-portfolio', 'us-strategic-crypto-reserve', 'binance-ecosystem', 'binance-listing', 'abstract-chain-ecosystem', 'unichain-ecosystem', 'soneium-ecosystem', 'sophon-ecosystem', 'sec-cftc-token-taxonomy', 'sec-cftc-digital-commodities', 'anubis-ecosystem', 'robinhood-ecosystem']",1882.9069800273403,10027928519.344982,9944944352.016,82984167.32898174,5.4492,0.15556796,-2.05783738,2.58720814,12.2863634,-10.88731718,-18.69575832,227234321577.5018,10.2727,227234321577.5,,2026-07-24T12:12:00.000Z,,,,,
2026-07-24 14:13:52.062766,825.0,Tether USDt,USDT,tether,True,184156916986.16385,189106724037.45197,,2015-02-25T00:00:00.000Z,191306.0,3.0,2026-07-24T12:12:00.000Z,,,,,188947538098.23,"['stablecoin', 'asset-backed-stablecoin', 'usd-stablecoin', 'ethereum-pow-ecosystem', 'fiat-stablecoin', 'tron20-ecosystem', 'rsk-rbtc-ecosystem', 'venom-ecosystem', 'world-liberty-financial-portfolio', 'binance-ecosystem', 'binance-listing', 'peaq-ecosystem', 'etherlink-ecosystem', 'duckchain-ecosystem', 'onus-ecosystem', 'sophon-ecosystem', 'xlayer-ecosystem']",0.9991582216865328,52532721606.39046,51044679656.634056,1488041949.7564476,8.3101,-0.01114318,-0.03300698,0.01271329,0.04732049,0.00756009,-0.09541341,184001897687.16992,8.3173,188947538098.23,,2026-07-24T12:12:00.000Z,1027.0,ethereum,Ethereum,ETH,0xdac17f958d2ee523a2206206994597c13d831ec7
2026-07-24 14:13:52.062766,1839.0,BNB,BNB,bnb,False,133165746.73,133165746.73,133165747.53,2017-07-25T00:00:00.000Z,3316.0,4.0,2026-07-24T12:13:00.000Z,,,,,75367791945.5,"['marketplace', 'centralized-exchange', 'payments', 'smart-contracts', 'alameda-research-portfolio', 'multicoin-capital-portfolio', 'bnb-chain-ecosystem', 'layer-1', 'alleged-sec-securities', 'celsius-bankruptcy-estate', 'binance-ecosystem', 'binance-listing', 'etherlink-ecosystem', 'made-in-china']",565.969806772567,926973415.8464906,904630232.1726644,22343183.67382631,-1.2721,-0.00222788,-0.61670541,0.40451729,-2.19040572,-14.59486329,-10.84006192,75367791945.5027,3.4068,75367792398.28,,2026-07-24T12:13:00.000Z,,,,,
2026-07-24 14:13:52.062766,3408.0,USDC,USDC,usd-coin,False,72978910168.95134,72978910168.95134,,2018-10-08T00:00:00.000Z,41807.0,5.0,2026-07-24T12:12:00.000Z,,,60901219650.23,60896208759.00158,72972905537.47,"['medium-of-exchange', 'stablecoin', 'asset-backed-stablecoin', 'stellar-ecosystem', 'coinbase-ventures-portfolio', 'usd-stablecoin', 'xdc-ecosystem', 'ethereum-pow-ecosystem', 'fiat-stablecoin', 'tron20-ecosystem', 'venom-ecosystem', 'made-in-america', 'world-liberty-financial-portfolio', 'sonic-ecosystem', 'binance-ecosystem', 'binance-listing', 'hyperevm-ecosystem', 'etherlink-ecosystem', 'unichain-ecosystem', 'vector-smart-chain-ecosystem', 'sophon-ecosystem', 'monad-ecosystem', 'xlayer-ecosystem']",0.9999177210036646,10129242309.073017,8828529923.822433,1300712385.2505841,8.8587,-0.00334049,-0.00196691,0.00313297,0.01077138,0.01428343,0.01199131,72972905537.46898,3.2969,72972905537.47,,2026-07-24T12:12:00.000Z,1027.0,ethereum,Ethereum,ETH,0xa0b86991c6218b36c1d19d4a2e9eb0ce3606eb48
2026-07-24 14:13:52.062766,52.0,XRP,XRP,xrp,False,62466503703.0,99985639695.0,100000000000.0,2013-08-04T00:00:00.000Z,1851.0,6.0,2026-07-24T12:12:00.000Z,,,,,110251764032.74,"['medium-of-exchange', 'enterprise-solutions', 'xrp-ecosystem', 'solana-ecosystem', 'arrington-xrp-capital-portfolio', 'galaxy-digital-portfolio', 'a16z-portfolio', 'pantera-capital-portfolio', 'ftx-bankruptcy-estate', '2017-2018-alt-season', 'klaytn-ecosystem', 'made-in-america', 'us-strategic-crypto-reserve', 'binance-ecosystem', 'binance-listing', 'iso-20022', 'sec-cftc-token-taxonomy', 'sec-cftc-digital-commodities']",1.10267598796241,1119482735.6646357,1118716073.4116127,766662.2530229,19.4259,-0.2403162,-2.56336099,1.89941727,0.85961119,-18.6859206,-22.9285509,68880313685.26306,3.1139,110267598796.24,,2026-07-24T12:12:00.000Z,,,,,
2026-07-24 14:13:52.062766,5426.0,Solana,SOL,solana,True,582864861.9342287,630867516.9633151,,2020-04-10T00:00:00.000Z,1147.0,7.0,2026-07-24T12:11:00.000Z,,,525236893.3,39442568345.10813,47374880690.88,"['pos', 'platform', 'solana-ecosystem', 'cms-holdings-portfolio', 'kenetic-capital-portfolio', 'alameda-research-portfolio', 'multicoin-capital-portfolio', 'okx-ventures-portfolio', 'layer-1', 'ftx-bankruptcy-estate', 'alleged-sec-securities', 'cmc-crypto-awards-2024', 'made-in-america', 'us-strategic-crypto-reserve', 'binance-ecosystem', 'binance-listing', 'sec-cftc-token-taxonomy', 'sec-cftc-digital-commodities', 'coinlist-launchpad']",75.09481692593076,1634442263.165592,1634371622.741772,70640.42381982,4.4931,-0.33704203,-3.19794083,0.5550326,7.71031651,-12.40359877,-13.07261967,43770130099.50881,1.9785,47374880690.88,,2026-07-24T12:11:00.000Z,,,,,
2026-07-24 14:13:52.062766,1958.0,TRON,TRX,tron,True,94878859029.26059,94878859501.95769,,2017-09-13T00:00:00.000Z,1352.0,8.0,2026-07-24T12:12:00.000Z,,,94667886298.43,31347206351.669037,31417065527.83,"['media', 'payments', 'tron-ecosystem', 'layer-1', 'dwf-labs-portfolio', 'alleged-sec-securities', '2017-2018-alt-season', 'tron20-ecosystem', 'world-liberty-financial-portfolio', 'binance-ecosystem', 'binance-listing', 'made-in-china']",0.3311281953930021,453673833.9218598,453588596.20450485,85237.71735492,21.1923,-0.07772442,1.22089353,2.68714508,0.05049823,-9.58753716,2.5747923,31417065371.3061,1.4198,31417065527.83,,2026-07-24T12:12:00.000Z,,,,,
2026-07-24 14:13:52.062766,32196.0,Hyperliquid,HYPE,hyperliquid,False,252727609.92386654,953084179.5974618,953084878.0666131,2024-07-15T10:14:50.000Z,293.0,9.0,2026-07-24T12:12:00.000Z,,,333931719.0,19495911119.87203,55643843929.63,"['decentralized-exchange-dex-token', 'defi', 'derivatives', 'layer-1', 'hyperliquid-ecosystem', 'binance-ecosystem', 'binance-listing', 'perpetuals']",58.3829268398191,347020076.3271213,299937502.8978312,47082573.42929011,-6.9698,-0.05368456,-1.46027531,-2.63047757,-6.50169119,-8.16432063,40.26902064,14754977560.587439,0.6666,55643884708.3,,2026-07-24T12:12:00.000Z,32196.0,hyperliquid,Hyperliquid,HYPE,0x0d01dc56dcaaca66ad901c959b4011ec
2026-07-24 14:13:52.062766,74.0,Dogecoin,DOGE,dogecoin,True,155202516383.70523,155202516383.70523,,2013-12-15T00:00:00.000Z,1456.0,10.0,2026-07-24T12:12:00.000Z,,,,,10765765310.5,"['mineable', 'pow', 'scrypt', 'medium-of-exchange', 'memes', 'payments', 'doggone-doggerel', 'doge-chain-ecosystem', 'osmosis-ecosystem', 'ftx-bankruptcy-estate', 'animal-memes', 'made-in-america', 'binance-ecosystem', 'binance-listing', 'sec-cftc-token-taxonomy', 'sec-cftc-digital-commodities']",0.06936591984041982,935590865.910601,935223036.7854987,367829.12510222,87.5381,-0.60655811,-4.02246759,-3.47189213,-12.04476679,-32.47066007,-29.17505273,10765765310.50354,0.4866,10765765310.5,,2026-07-24T12:12:00.000Z,,,,,
2026-07-24 14:13:52.062766,3957.0,UNUS SED LEO,LEO,unus-sed-leo,False,920129382.9,985239504.0,,2019-05-21T00:00:00.000Z,69.0,11.0,2026-07-24T12:13:00.000Z,,,,,9457328188.45,"['marketplace', 'centralized-exchange', 'discount-token', 'payments', 'ethereum-ecosystem', 'kenetic-capital-portfolio', 'alameda-research-portfolio']",9.599014402135897,577329.07851256,577329.07851256,0.0,180.1017,-0.00637077,-1.31264667,-2.02234711,0.79624908,-4.55709794,-6.36986804,8832335198.285515,0.3992,9457328188.45,,2026-07-24T12:13:00.000Z,1027.0,ethereum,Ethereum,ETH,0x2af5d2ad76741191d15dfe7bf6ac92d4bd912ca3
2026-07-24 14:13:52.062766,1437.0,Zcash,ZEC,zcash,False,16786844.4155448,16786844.4155448,21000000.0,2016-10-29T00:00:00.000Z,630.0,12.0,2026-07-24T12:12:00.000Z,,,,,8424237062.49,"['mineable', 'pow', 'equihash', 'medium-of-exchange', 'privacy', 'zero-knowledge-proofs', 'quantum-resistant', 'binance-chain', 'boostvc-portfolio', 'dcg-portfolio', 'electric-capital-portfolio', 'fenbushi-capital-portfolio', 'hashkey-capital-portfolio', 'winklevoss-capital-portfolio', 'placeholder-ventures-portfolio', 'pantera-capital-portfolio', 'layer-1', 'standard-crypto-portfolio', '2017-2018-alt-season', 'made-in-america', 'binance-ecosystem', 'binance-listing', 'privacy-coins']",501.83565498995034,401249781.6591342,369627070.5201262,31622711.13900804,13.2049,0.43343848,-2.86543956,-6.11349714,19.67640832,-25.41522598,40.44574473,8424237062.489315,0.3807,10538548754.79,,2026-07-24T12:12:00.000Z,,,,,
2026-07-24 14:13:52.062766,328.0,Monero,XMR,monero,True,18782099.14058,18782099.14058,,2014-05-21T00:00:00.000Z,372.0,13.0,2026-07-24T12:12:00.000Z,,,,,6602277787.69,"['mineable', 'pow', 'medium-of-exchange', 'privacy', 'ringct', 'boostvc-portfolio', 'electric-capital-portfolio', 'galaxy-digital-portfolio', 'layer-1', '2017-2018-alt-season', 'binance-ecosystem', 'binance-listing', 'privacy-coins']",351.51969640206585,101460645.65229817,101460645.65229817,0.0,48.3884,-0.53107127,1.34351897,8.55955983,8.34988481,-9.06333433,-5.15206874,6602277787.690184,0.2984,6602277787.69,,2026-07-24T12:12:00.000Z,,,,,
2026-07-24 14:13:52.062766,1975.0,Chainlink,LINK,chainlink,False,748099970.424884,1000000000.0,1000000000.0,2017-09-20T00:00:00.000Z,2259.0,14.0,2026-07-24T12:12:00.000Z,,,,,8446999895.09,"['platform', 'cosmos-ecosystem', 'defi', 'privacy', 'interoperability', 'iot', 'oracles', 'smart-contracts', 'ethereum-ecosystem', 'tron-ecosystem', 'polkadot', 'polkadot-ecosystem', 'heco-ecosystem', 'avalanche-ecosystem', 'solana-ecosystem', 'framework-ventures-portfolio', 'hedera-hashgraph-ecosystem', 'polygon-ecosystem', 'fantom-ecosystem', 'cardano-ecosystem', 'terra-ecosystem', 'web3', 'near-protocol-ecosystem', 'arbitrum-ecosystem', 'celo-ecosystem', 'defi-2', 'cross-chain', 'cronos-ecosystem', 'cardano', 'injective-ecosystem', 'bnb-chain-ecosystem', 'oasis-ecosystem', 'moonbeam-ecosystem', 'xdc-ecosystem', 'metisdao-ecosystem', 'velas-ecosystem', 'doge-chain-ecosystem', 'aptos-ecosystem', 'sui-ecosystem', 'optimism-ecosystem', 'bitcoin-ecosystem', 'real-world-assets-protocols', 'zksync-era-ecosystem', 'kadena-ecosystem', 'base-ecosystem', 'linea-ecosystem', 'sei-ecosystem', 'toncoin-ecosystem', 'paal-ecosystem', 'blast-ecosystem', 'atomicals-ecosystem', 'move-vm', 'eigenlayer-ecosystem', 'hyperliquid-ecosystem', 'gnosis-chain-ecosystem', 'ronin-ecosystem', 'astar-ecosystem', 'core-ecosystem', 'starknet-ecosystem', 'mantle-ecosystem', 'opbnb-ecosystem', 'scroll-ecosystem', 'merlin-ecosystem', 'b²-network-ecosystem', 'mode-ecosystem', 'world-chain-mainnet-ecosystem', 'made-in-america', 'btcfi', 'world-liberty-financial-portfolio', 'corn-ecosystem', 'bonk-fun-ecosystem', 'sonic-ecosystem', 'binance-ecosystem', 'binance-listing', 'bittensor-ecosystem', 'hyperevm-ecosystem', 'etherlink-ecosystem', 'bera-chain-ecosystem', 'abstract-chain-ecosystem', 'unichain-ecosystem', 'soneium-ecosystem', 'fraxtal-ecosystem', 'monad-ecosystem', 'hashkey-chain-ecosystem', 'wlfi-ecosystem', 'plasma-ecosystem', 'x402-ecosystem', 'iso-20022', 'megaeth-ecosystem', 'sec-cftc-token-taxonomy', 'sec-cftc-digital-commodities', 'robinhood-ecosystem']",8.446999895092311,190411962.7970625,185338457.8070544,5073504.99000804,-4.3391,-0.19799248,-2.03898263,3.20193627,10.89088235,-11.34620273,-10.03402531,6319200371.697556,0.2856,8446999895.09,,2026-07-24T12:12:00.000Z,1027.0,ethereum,Ethereum,ETH,0x514910771af9ca656af840dff83e8264ecf986ca
2026-07-24 14:13:52.062766,512.0,Stellar,XLM,stellar,False,34174900114.233486,50001786839.912476,50001806812.0,2014-08-05T00:00:00.000Z,827.0,15.0,2026-07-24T12:12:00.000Z,,,31531408660.0,5750379778.711941,9118820761.99,"['medium-of-exchange', 'enterprise-solutions', 'decentralized-exchange-dex-token', 'defi', 'smart-contracts', 'hashkey-capital-portfolio', 'real-world-assets-protocols', '2017-2018-alt-season', 'made-in-america', 'binance-ecosystem', 'binance-listing', 'iso-20022', 'sec-cftc-token-taxonomy', 'sec-cftc-digital-commodities']",0.18236989792361344,124944606.47578843,124793890.69214332,150715.7836451,-12.0894,-0.11418208,-1.2140572,-0.75639829,-4.96260514,21.01457549,5.881498,6232473045.382446,0.2818,9118824404.3,,2026-07-24T12:12:00.000Z,,,,,
2026-07-24 14:13:52.062766,2010.0,Cardano,ADA,cardano,False,36489899411.97189,44993202652.386566,45000000000.0,2017-10-01T00:00:00.000Z,1718.0,16.0,2026-07-24T12:12:00.000Z,,,37997904336.0,6310608160.877713,7472371879.55,"['dpos', 'pos', 'platform', 'research', 'smart-contracts', 'staking', 'cardano-ecosystem', 'cardano', 'layer-1', 'alleged-sec-securities', '2017-2018-alt-season', 'made-in-america', 'us-strategic-crypto-reserve', 'binance-ecosystem', 'binance-listing', 'iso-20022', 'sec-cftc-token-taxonomy', 'sec-cftc-digital-commodities']",0.16607779484562027,234017672.84210464,233153872.4917243,863800.35038044,-15.5205,-0.2229368,-4.81626717,3.45248251,12.08319479,-32.08893379,-34.03495535,6060162028.478788,0.2739,7473500768.05,,2026-07-24T12:12:00.000Z,,,,,
2026-07-24 14:13:52.062766,37263.0,Canton,CC,canton-network,True,39145141881.92199,39145141881.92199,,2025-07-08T04:07:45.000Z,108.0,17.0,2026-07-24T12:12:00.000Z,,,39145141881.92,4684921127.105878,4684921127.11,"['proof-of-authority', 'store-of-value', 'enterprise-solutions', 'privacy', 'interoperability', 'scaling', 'smart-contracts', 'layer-1', 'binance-ecosystem', 'binance-listing', 'privacy-blockchain']",0.11968078034402799,12479749.89958139,10410910.57886952,2068839.32071187,6.3739,-0.34432729,-0.46562459,-7.74347222,-20.46069442,-27.67741553,-21.18971404,4684921127.106115,0.2117,4684921127.11,,2026-07-24T12:12:00.000Z,,,,,
2026-07-24 14:13:52.062766,4943.0,Dai,DAI,multi-collateral-dai,True,4647076141.403908,4647076141.403908,,2019-11-22T00:00:00.000Z,3771.0,18.0,2026-07-24T12:12:00.000Z,,,,,4646348022.55,"['defi', 'stablecoin', 'asset-backed-stablecoin', 'usd-stablecoin', 'xlayer-ecosystem', 'anubis-ecosystem']",0.9998433167805905,37010666.47890818,380483.61652185,36630182.86238632,8.7318,-0.00418017,0.03619549,0.00895897,0.02666186,0.0256376,0.01260397,4646348022.553231,0.21,4646348022.55,,2026-07-24T12:12:00.000Z,1027.0,ethereum,Ethereum,ETH,0x6b175474e89094c44da98b954eedeac495271d0f
2026-07-24 14:13:52.062766,1831.0,Bitcoin Cash,BCH,bitcoin-cash,False,20065618.75,20065618.75,21000000.0,2017-07-23T00:00:00.000Z,1173.0,19.0,2026-07-24T12:12:00.000Z,,,,,4213984951.81,"['mineable', 'pow', 'sha-256', 'marketplace', 'medium-of-exchange', 'store-of-value', 'enterprise-solutions', 'payments', 'layer-1', '2017-2018-alt-season', 'made-in-america', 'binance-ecosystem', 'binance-listing', 'sec-cftc-token-taxonomy', 'sec-cftc-digital-commodities']",210.01021719344308,99124846.35020079,99118320.24135812,6526.10884267,24.4101,-0.0963769,-2.87047299,-3.82074611,8.36842469,-39.88114309,-53.70762054,4213984951.808324,0.1905,4410214561.06,,2026-07-24T12:12:00.000Z,,,,,
2026-07-24 14:13:52.062766,36148.0,World Liberty Financial USD,USD1,usd1,False,4152511634.4574523,4152511634.4574523,,2025-04-13T05:37:56.000Z,1229.0,20.0,2026-07-24T12:12:00.000Z,,,,,4147245638.11,"['stablecoin', 'asset-backed-stablecoin', 'usd-stablecoin', 'tron20-ecosystem', 'made-in-america', 'world-liberty-financial-portfolio', 'binance-ecosystem', 'binance-listing', 'wlfi-ecosystem']",0.9987318527162753,945485984.170863,908440889.5820392,37045094.58882382,38.4457,-0.01763356,-0.04325915,-0.02143601,-0.04610715,-0.02529719,-0.1001525,4147245638.1075797,0.1874,4147245638.11,,2026-07-24T12:12:00.000Z,1027.0,ethereum,Ethereum,ETH,0x8d0D000Ee44948FC98c9B98A4FA4921476f08B0d
2026-07-24 14:14:52.234572,1.0,Bitcoin,BTC,bitcoin,False,20060671.0,20060671.0,21000000.0,2010-07-13T00:00:00.000Z,12673.0,1.0,2026-07-24T12:12:00.000Z,,,,,1304784998858.93,"['mineable', 'pow', 'sha-256', 'store-of-value', 'state-channel', 'coinbase-ventures-portfolio', 'three-arrows-capital-portfolio', 'polychain-capital-portfolio', 'binance-labs-portfolio', 'blockchain-capital-portfolio', 'boostvc-portfolio', 'cms-holdings-portfolio', 'dcg-portfolio', 'dragonfly-capital-portfolio', 'electric-capital-portfolio', 'fabric-ventures-portfolio', 'framework-ventures-portfolio', 'galaxy-digital-portfolio', 'huobi-capital-portfolio', 'alameda-research-portfolio', 'a16z-portfolio', '1confirmation-portfolio', 'winklevoss-capital-portfolio', 'usv-portfolio', 'placeholder-ventures-portfolio', 'pantera-capital-portfolio', 'multicoin-capital-portfolio', 'paradigm-portfolio', 'bitcoin-ecosystem', 'layer-1', 'ftx-bankruptcy-estate', '2017-2018-alt-season', 'us-strategic-crypto-reserve', 'binance-ecosystem', 'binance-listing', 'sec-cftc-token-taxonomy', 'sec-cftc-digital-commodities']",65041.94195991411,25230775570.243237,25203828748.798866,26946821.44436864,17.5983,0.1491514,-0.67038173,2.89692857,3.5922717,-15.85082234,-16.28194317,1304784998858.9321,58.9655,1365880781158.2,,2026-07-24T12:12:00.000Z,,,,,
2026-07-24 14:14:52.234572,1027.0,Ethereum,ETH,ethereum,True,120682712.41641597,120682712.41641597,,2015-08-07T00:00:00.000Z,12237.0,2.0,2026-07-24T12:13:00.000Z,,,,,227156208114.16,"['pos', 'smart-contracts', 'ethereum-ecosystem', 'coinbase-ventures-portfolio', 'three-arrows-capital-portfolio', 'polychain-capital-portfolio', 'binance-labs-portfolio', 'blockchain-capital-portfolio', 'boostvc-portfolio', 'cms-holdings-portfolio', 'dcg-portfolio', 'dragonfly-capital-portfolio', 'electric-capital-portfolio', 'fabric-ventures-portfolio', 'framework-ventures-portfolio', 'hashkey-capital-portfolio', 'kenetic-capital-portfolio', 'huobi-capital-portfolio', 'alameda-research-portfolio', 'a16z-portfolio', '1confirmation-portfolio', 'winklevoss-capital-portfolio', 'usv-portfolio', 'placeholder-ventures-portfolio', 'pantera-capital-portfolio', 'multicoin-capital-portfolio', 'paradigm-portfolio', 'ethereum-pow-ecosystem', 'layer-1', 'ftx-bankruptcy-estate', 'sora-ecosystem', 'rsk-rbtc-ecosystem', 'world-liberty-financial-portfolio', 'us-strategic-crypto-reserve', 'binance-ecosystem', 'binance-listing', 'abstract-chain-ecosystem', 'unichain-ecosystem', 'soneium-ecosystem', 'sophon-ecosystem', 'sec-cftc-token-taxonomy', 'sec-cftc-digital-commodities', 'anubis-ecosystem', 'robinhood-ecosystem']",1882.259716953926,10169154456.321669,10086375268.325542,82779187.99612232,6.9011,0.07475587,-2.08159273,2.59942173,12.27277996,-10.92005215,-18.72963449,227156208114.15518,10.2627,227156208114.16,,2026-07-24T12:13:00.000Z,,,,,
2026-07-24 14:14:52.234572,825.0,Tether USDt,USDT,tether,True,184156916986.16385,189106724037.45197,,2015-02-25T00:00:00.000Z,191306.0,3.0,2026-07-24T12:13:00.000Z,,,,,188948619274.53,"['stablecoin', 'asset-backed-stablecoin', 'usd-stablecoin', 'ethereum-pow-ecosystem', 'fiat-stablecoin', 'tron20-ecosystem', 'rsk-rbtc-ecosystem', 'venom-ecosystem', 'world-liberty-financial-portfolio', 'binance-ecosystem', 'binance-listing', 'peaq-ecosystem', 'etherlink-ecosystem', 'duckchain-ecosystem', 'onus-ecosystem', 'sophon-ecosystem', 'xlayer-ecosystem']",0.9991639389676485,52651228801.69088,51162561349.69522,1488667451.9957592,9.925,-0.0173428,-0.03741985,0.00815408,0.05068418,0.00995393,-0.09340152,184002950564.03372,8.3173,188948619274.53,,2026-07-24T12:13:00.000Z,1027.0,ethereum,Ethereum,ETH,0xdac17f958d2ee523a2206206994597c13d831ec7
2026-07-24 14:14:52.234572,1839.0,BNB,BNB,bnb,False,133165746.73,133165746.73,133165747.53,2017-07-25T00:00:00.000Z,3316.0,4.0,2026-07-24T12:13:00.000Z,,,,,75367791945.5,"['marketplace', 'centralized-exchange', 'payments', 'smart-contracts', 'alameda-research-portfolio', 'multicoin-capital-portfolio', 'bnb-chain-ecosystem', 'layer-1', 'alleged-sec-securities', 'celsius-bankruptcy-estate', 'binance-ecosystem', 'binance-listing', 'etherlink-ecosystem', 'made-in-china']",565.969806772567,926973415.8464906,904630232.1726644,22343183.67382631,-1.2721,-0.00222788,-0.61670541,0.40451729,-2.19040572,-14.59486329,-10.84006192,75367791945.5027,3.4068,75367792398.28,,2026-07-24T12:13:00.000Z,,,,,
2026-07-24 14:14:52.234572,3408.0,USDC,USDC,usd-coin,False,72978910168.95134,72978910168.95134,,2018-10-08T00:00:00.000Z,41807.0,5.0,2026-07-24T12:12:00.000Z,,,60901219650.23,60896208759.00158,72972905537.47,"['medium-of-exchange', 'stablecoin', 'asset-backed-stablecoin', 'stellar-ecosystem', 'coinbase-ventures-portfolio', 'usd-stablecoin', 'xdc-ecosystem', 'ethereum-pow-ecosystem', 'fiat-stablecoin', 'tron20-ecosystem', 'venom-ecosystem', 'made-in-america', 'world-liberty-financial-portfolio', 'sonic-ecosystem', 'binance-ecosystem', 'binance-listing', 'hyperevm-ecosystem', 'etherlink-ecosystem', 'unichain-ecosystem', 'vector-smart-chain-ecosystem', 'sophon-ecosystem', 'monad-ecosystem', 'xlayer-ecosystem']",0.9999177210036646,10129242309.073017,8828529923.822433,1300712385.2505841,8.8587,-0.00334049,-0.00196691,0.00313297,0.01077138,0.01428343,0.01199131,72972905537.46898,3.2969,72972905537.47,,2026-07-24T12:12:00.000Z,1027.0,ethereum,Ethereum,ETH,0xa0b86991c6218b36c1d19d4a2e9eb0ce3606eb48
2026-07-24 14:14:52.234572,52.0,XRP,XRP,xrp,False,62466503703.0,99985639695.0,100000000000.0,2013-08-04T00:00:00.000Z,1851.0,6.0,2026-07-24T12:13:00.000Z,,,,,110300414769.88,"['medium-of-exchange', 'enterprise-solutions', 'xrp-ecosystem', 'solana-ecosystem', 'arrington-xrp-capital-portfolio', 'galaxy-digital-portfolio', 'a16z-portfolio', 'pantera-capital-portfolio', 'ftx-bankruptcy-estate', '2017-2018-alt-season', 'klaytn-ecosystem', 'made-in-america', 'us-strategic-crypto-reserve', 'binance-ecosystem', 'binance-listing', 'iso-20022', 'sec-cftc-token-taxonomy', 'sec-cftc-digital-commodities']",1.103162565207823,1119831449.1766279,1119065867.2494872,765581.92714068,19.5409,-0.16944506,-2.52877183,1.95367673,0.90603818,-18.64986338,-22.89480954,68910708464.56546,3.1133,110316256520.78,,2026-07-24T12:13:00.000Z,,,,,
2026-07-24 14:14:52.234572,5426.0,Solana,SOL,solana,True,582864861.9342287,630867516.9633151,,2020-04-10T00:00:00.000Z,1147.0,7.0,2026-07-24T12:13:00.000Z,,,525236893.3,39462356255.59538,47398648156.78,"['pos', 'platform', 'solana-ecosystem', 'cms-holdings-portfolio', 'kenetic-capital-portfolio', 'alameda-research-portfolio', 'multicoin-capital-portfolio', 'okx-ventures-portfolio', 'layer-1', 'ftx-bankruptcy-estate', 'alleged-sec-securities', 'cmc-crypto-awards-2024', 'made-in-america', 'us-strategic-crypto-reserve', 'binance-ecosystem', 'binance-listing', 'sec-cftc-token-taxonomy', 'sec-cftc-digital-commodities', 'coinlist-launchpad']",75.13249118442187,1634834440.7056592,1634763785.9039147,70654.80174455,4.4966,-0.29806734,-3.1602207,0.63855053,7.70945863,-12.37501232,-13.00922108,43792089100.982704,1.9795,47398648156.78,,2026-07-24T12:13:00.000Z,,,,,
2026-07-24 14:14:52.234572,1958.0,TRON,TRX,tron,True,94878859029.26059,94878859501.95769,,2017-09-13T00:00:00.000Z,1352.0,8.0,2026-07-24T12:13:00.000Z,,,94667886298.43,31345162490.793156,31415017112.08,"['media', 'payments', 'tron-ecosystem', 'layer-1', 'dwf-labs-portfolio', 'alleged-sec-securities', '2017-2018-alt-season', 'tron20-ecosystem', 'world-liberty-financial-portfolio', 'binance-ecosystem', 'binance-listing', 'made-in-china']",0.3311066055914781,453597930.18483937,453512694.10467994,85236.0801594,21.2583,-0.10110374,1.20514281,2.67992804,0.04324693,-9.59365691,2.56979775,31415016955.570835,1.4197,31415017112.08,,2026-07-24T12:13:00.000Z,,,,,
2026-07-24 14:14:52.234572,32196.0,Hyperliquid,HYPE,hyperliquid,False,252727609.92386654,953084179.5974618,953084878.0666131,2024-07-15T10:14:50.000Z,293.0,9.0,2026-07-24T12:13:00.000Z,,,333931719.0,19486792540.44197,55617818328.28,"['decentralized-exchange-dex-token', 'defi', 'derivatives', 'layer-1', 'hyperliquid-ecosystem', 'binance-ecosystem', 'binance-listing', 'perpetuals']",58.35562012137568,347748667.26711863,300555865.4215813,47192801.84553728,-6.7075,-0.09722529,-1.56733441,-2.62988947,-6.54679228,-8.21303886,40.19766646,14748076398.90037,0.6663,55617859087.88,,2026-07-24T12:13:00.000Z,32196.0,hyperliquid,Hyperliquid,HYPE,0x0d01dc56dcaaca66ad901c959b4011ec
2026-07-24 14:14:52.234572,74.0,Dogecoin,DOGE,dogecoin,True,155202516383.70523,155202516383.70523,,2013-12-15T00:00:00.000Z,1456.0,10.0,2026-07-24T12:13:00.000Z,,,,,10776589621.3,"['mineable', 'pow', 'scrypt', 'medium-of-exchange', 'memes', 'payments', 'doggone-doggerel', 'doge-chain-ecosystem', 'osmosis-ecosystem', 'ftx-bankruptcy-estate', 'animal-memes', 'made-in-america', 'binance-ecosystem', 'binance-listing', 'sec-cftc-token-taxonomy', 'sec-cftc-digital-commodities']",0.06943566298019793,935461507.1538427,935093441.2243286,368065.92951386,87.3979,-0.50490834,-3.95181956,-3.37335012,-11.95837043,-32.40234885,-29.1065893,10776589621.297604,0.4871,10776589621.3,,2026-07-24T12:13:00.000Z,,,,,
2026-07-24 14:14:52.234572,3957.0,UNUS SED LEO,LEO,unus-sed-leo,False,920129382.9,985239504.0,,2019-05-21T00:00:00.000Z,69.0,11.0,2026-07-24T12:14:00.000Z,,,,,9457182883.17,"['marketplace', 'centralized-exchange', 'discount-token', 'payments', 'ethereum-ecosystem', 'kenetic-capital-portfolio', 'alameda-research-portfolio']",9.598866919943701,577319.49535193,577319.49535193,0.0,180.0981,-0.00724749,-1.31391962,-2.02282555,0.79205637,-4.5586157,-6.37146582,8832199495.58702,0.3991,9457182883.17,,2026-07-24T12:14:00.000Z,1027.0,ethereum,Ethereum,ETH,0x2af5d2ad76741191d15dfe7bf6ac92d4bd912ca3
2026-07-24 14:14:52.234572,1437.0,Zcash,ZEC,zcash,False,16786844.4155448,16786844.4155448,21000000.0,2016-10-29T00:00:00.000Z,630.0,12.0,2026-07-24T12:12:00.000Z,,,,,8424237062.49,"['mineable', 'pow', 'equihash', 'medium-of-exchange', 'privacy', 'zero-knowledge-proofs', 'quantum-resistant', 'binance-chain', 'boostvc-portfolio', 'dcg-portfolio', 'electric-capital-portfolio', 'fenbushi-capital-portfolio', 'hashkey-capital-portfolio', 'winklevoss-capital-portfolio', 'placeholder-ventures-portfolio', 'pantera-capital-portfolio', 'layer-1', 'standard-crypto-portfolio', '2017-2018-alt-season', 'made-in-america', 'binance-ecosystem', 'binance-listing', 'privacy-coins']",501.83565498995034,401249781.6591342,369627070.5201262,31622711.13900804,13.2049,0.43343848,-2.86543956,-6.11349714,19.67640832,-25.41522598,40.44574473,8424237062.489315,0.3807,10538548754.79,,2026-07-24T12:12:00.000Z,,,,,
2026-07-24 14:14:52.234572,328.0,Monero,XMR,monero,True,18782099.14058,18782099.14058,,2014-05-21T00:00:00.000Z,372.0,13.0,2026-07-24T12:13:00.000Z,,,,,6601230435.11,"['mineable', 'pow', 'medium-of-exchange', 'privacy', 'ringct', 'boostvc-portfolio', 'electric-capital-portfolio', 'galaxy-digital-portfolio', 'layer-1', '2017-2018-alt-season', 'binance-ecosystem', 'binance-listing', 'privacy-coins']",351.46393306187764,101388677.4312897,101388677.4312897,0.0,48.0263,-0.33364086,1.30361216,8.54885591,8.33982425,-9.06962407,-5.18540653,6601230435.106359,0.2983,6601230435.11,,2026-07-24T12:13:00.000Z,,,,,
2026-07-24 14:14:52.234572,1975.0,Chainlink,LINK,chainlink,False,748099970.424884,1000000000.0,1000000000.0,2017-09-20T00:00:00.000Z,2259.0,14.0,2026-07-24T12:13:00.000Z,,,,,8451022373.27,"['platform', 'cosmos-ecosystem', 'defi', 'privacy', 'interoperability', 'iot', 'oracles', 'smart-contracts', 'ethereum-ecosystem', 'tron-ecosystem', 'polkadot', 'polkadot-ecosystem', 'heco-ecosystem', 'avalanche-ecosystem', 'solana-ecosystem', 'framework-ventures-portfolio', 'hedera-hashgraph-ecosystem', 'polygon-ecosystem', 'fantom-ecosystem', 'cardano-ecosystem', 'terra-ecosystem', 'web3', 'near-protocol-ecosystem', 'arbitrum-ecosystem', 'celo-ecosystem', 'defi-2', 'cross-chain', 'cronos-ecosystem', 'cardano', 'injective-ecosystem', 'bnb-chain-ecosystem', 'oasis-ecosystem', 'moonbeam-ecosystem', 'xdc-ecosystem', 'metisdao-ecosystem', 'velas-ecosystem', 'doge-chain-ecosystem', 'aptos-ecosystem', 'sui-ecosystem', 'optimism-ecosystem', 'bitcoin-ecosystem', 'real-world-assets-protocols', 'zksync-era-ecosystem', 'kadena-ecosystem', 'base-ecosystem', 'linea-ecosystem', 'sei-ecosystem', 'toncoin-ecosystem', 'paal-ecosystem', 'blast-ecosystem', 'atomicals-ecosystem', 'move-vm', 'eigenlayer-ecosystem', 'hyperliquid-ecosystem', 'gnosis-chain-ecosystem', 'ronin-ecosystem', 'astar-ecosystem', 'core-ecosystem', 'starknet-ecosystem', 'mantle-ecosystem', 'opbnb-ecosystem', 'scroll-ecosystem', 'merlin-ecosystem', 'b²-network-ecosystem', 'mode-ecosystem', 'world-chain-mainnet-ecosystem', 'made-in-america', 'btcfi', 'world-liberty-financial-portfolio', 'corn-ecosystem', 'bonk-fun-ecosystem', 'sonic-ecosystem', 'binance-ecosystem', 'binance-listing', 'bittensor-ecosystem', 'hyperevm-ecosystem', 'etherlink-ecosystem', 'bera-chain-ecosystem', 'abstract-chain-ecosystem', 'unichain-ecosystem', 'soneium-ecosystem', 'fraxtal-ecosystem', 'monad-ecosystem', 'hashkey-chain-ecosystem', 'wlfi-ecosystem', 'plasma-ecosystem', 'x402-ecosystem', 'iso-20022', 'megaeth-ecosystem', 'sec-cftc-token-taxonomy', 'sec-cftc-digital-commodities', 'robinhood-ecosystem']",8.451022373270048,190311660.4636384,185240886.03260624,5070774.43103211,-4.4596,-0.14186957,-1.99544678,3.2662036,10.96100257,-11.30571348,-9.99497998,6322209587.503356,0.2858,8451022373.27,,2026-07-24T12:13:00.000Z,1027.0,ethereum,Ethereum,ETH,0x514910771af9ca656af840dff83e8264ecf986ca
2026-07-24 14:14:52.234572,512.0,Stellar,XLM,stellar,False,34174900114.233486,50001786839.912476,50001806812.0,2014-08-05T00:00:00.000Z,827.0,15.0,2026-07-24T12:14:00.000Z,,,31531408660.0,5753615876.842538,9123952492.41,"['medium-of-exchange', 'enterprise-solutions', 'decentralized-exchange-dex-token', 'defi', 'smart-contracts', 'hashkey-capital-portfolio', 'real-world-assets-protocols', '2017-2018-alt-season', 'made-in-america', 'binance-ecosystem', 'binance-listing', 'iso-20022', 'sec-cftc-token-taxonomy', 'sec-cftc-digital-commodities']",0.18247252886425716,124972676.54898924,124821642.69607924,151033.85291,-12.0562,-0.01485647,-1.18081324,-0.68575442,-4.9124485,21.08084063,5.93137259,6235980447.5275755,0.2817,9123956136.77,,2026-07-24T12:14:00.000Z,,,,,
2026-07-24 14:14:52.234572,2010.0,Cardano,ADA,cardano,False,36489899411.97189,44993202652.386566,45000000000.0,2017-10-01T00:00:00.000Z,1718.0,16.0,2026-07-24T12:13:00.000Z,,,37997904336.0,6314749124.436519,7477275181.87,"['dpos', 'pos', 'platform', 'research', 'smart-contracts', 'staking', 'cardano-ecosystem', 'cardano', 'layer-1', 'alleged-sec-securities', '2017-2018-alt-season', 'made-in-america', 'us-strategic-crypto-reserve', 'binance-ecosystem', 'binance-listing', 'iso-20022', 'sec-cftc-token-taxonomy', 'sec-cftc-digital-commodities']",0.166186773580926,234007538.44959497,233143909.9398469,863628.50974814,-15.5505,-0.13645795,-4.80444096,3.52190374,12.1412848,-32.04654003,-33.99255366,6064138651.568138,0.274,7478404811.14,,2026-07-24T12:13:00.000Z,,,,,
2026-07-24 14:14:52.234572,37263.0,Canton,CC,canton-network,True,39145141881.92199,39145141881.92199,,2025-07-08T04:07:45.000Z,108.0,17.0,2026-07-24T12:13:00.000Z,,,39145141881.92,4682537106.104672,4682537106.1,"['proof-of-authority', 'store-of-value', 'enterprise-solutions', 'privacy', 'interoperability', 'scaling', 'smart-contracts', 'layer-1', 'binance-ecosystem', 'binance-listing', 'privacy-blockchain']",0.11961987825282094,12485626.07851063,10413823.01307281,2071803.06543783,6.8234,-0.37446311,-0.49414205,-7.77817181,-20.48556229,-27.71828517,-21.23909135,4682537106.10491,0.2116,4682537106.1,,2026-07-24T12:13:00.000Z,,,,,
2026-07-24 14:14:52.234572,4943.0,Dai,DAI,multi-collateral-dai,True,4647076141.403908,4647076141.403908,,2019-11-22T00:00:00.000Z,3771.0,18.0,2026-07-24T12:13:00.000Z,,,,,4645814711.81,"['defi', 'stablecoin', 'asset-backed-stablecoin', 'usd-stablecoin', 'xlayer-ecosystem', 'anubis-ecosystem']",0.999728554136587,36999206.08532215,380498.68195522,36618707.40336693,8.9008,-0.01416495,0.02457223,-0.00067896,0.01841871,0.01475044,0.00105226,4645814711.808358,0.21,4645814711.81,,2026-07-24T12:13:00.000Z,1027.0,ethereum,Ethereum,ETH,0x6b175474e89094c44da98b954eedeac495271d0f
2026-07-24 14:14:52.234572,1831.0,Bitcoin Cash,BCH,bitcoin-cash,False,20065618.75,20065618.75,21000000.0,2017-07-23T00:00:00.000Z,1173.0,19.0,2026-07-24T12:13:00.000Z,,,,,4214458923.51,"['mineable', 'pow', 'sha-256', 'marketplace', 'medium-of-exchange', 'store-of-value', 'enterprise-solutions', 'payments', 'layer-1', '2017-2018-alt-season', 'made-in-america', 'binance-ecosystem', 'binance-listing', 'sec-cftc-token-taxonomy', 'sec-cftc-digital-commodities']",210.03383827913677,99156900.45298763,99150381.01005036,6519.44293727,24.5452,-0.06412738,-2.88056617,-3.80429836,8.38311002,-39.87371805,-53.70321932,4214458923.5083146,0.1905,4410710603.86,,2026-07-24T12:13:00.000Z,,,,,
2026-07-24 14:14:52.234572,36148.0,World Liberty Financial USD,USD1,usd1,False,4152511634.4574523,4152511634.4574523,,2025-04-13T05:37:56.000Z,1229.0,20.0,2026-07-24T12:12:00.000Z,,,,,4147245638.11,"['stablecoin', 'asset-backed-stablecoin', 'usd-stablecoin', 'tron20-ecosystem', 'made-in-america', 'world-liberty-financial-portfolio', 'binance-ecosystem', 'binance-listing', 'wlfi-ecosystem']",0.9987318527162753,945485984.170863,908440889.5820392,37045094.58882382,38.4457,-0.01763356,-0.04325915,-0.02143601,-0.04610715,-0.02529719,-0.1001525,4147245638.1075797,0.1874,4147245638.11,,2026-07-24T12:12:00.000Z,1027.0,ethereum,Ethereum,ETH,0x8d0D000Ee44948FC98c9B98A4FA4921476f08B0d
2026-07-24 14:15:52.400367,1.0,Bitcoin,BTC,bitcoin,False,20060671.0,20060671.0,21000000.0,2010-07-13T00:00:00.000Z,12673.0,1.0,2026-07-24T12:13:00.000Z,,,,,1304302117388.78,"['mineable', 'pow', 'sha-256', 'store-of-value', 'state-channel', 'coinbase-ventures-portfolio', 'three-arrows-capital-portfolio', 'polychain-capital-portfolio', 'binance-labs-portfolio', 'blockchain-capital-portfolio', 'boostvc-portfolio', 'cms-holdings-portfolio', 'dcg-portfolio', 'dragonfly-capital-portfolio', 'electric-capital-portfolio', 'fabric-ventures-portfolio', 'framework-ventures-portfolio', 'galaxy-digital-portfolio', 'huobi-capital-portfolio', 'alameda-research-portfolio', 'a16z-portfolio', '1confirmation-portfolio', 'winklevoss-capital-portfolio', 'usv-portfolio', 'placeholder-ventures-portfolio', 'pantera-capital-portfolio', 'multicoin-capital-portfolio', 'paradigm-portfolio', 'bitcoin-ecosystem', 'layer-1', 'ftx-bankruptcy-estate', '2017-2018-alt-season', 'us-strategic-crypto-reserve', 'binance-ecosystem', 'binance-listing', 'sec-cftc-token-taxonomy', 'sec-cftc-digital-commodities']",65017.870907148696,25248898846.298737,25222597102.047688,26301744.25104607,21.1729,0.08527455,-0.70370928,2.90889285,3.58939619,-15.8751587,-16.31842977,1304302117388.7815,58.9437,1365375289050.12,,2026-07-24T12:13:00.000Z,,,,,
2026-07-24 14:15:52.400367,1027.0,Ethereum,ETH,ethereum,True,120682712.41641597,120682712.41641597,,2015-08-07T00:00:00.000Z,12237.0,2.0,2026-07-24T12:15:00.000Z,,,,,227148625579.34,"['pos', 'smart-contracts', 'ethereum-ecosystem', 'coinbase-ventures-portfolio', 'three-arrows-capital-portfolio', 'polychain-capital-portfolio', 'binance-labs-portfolio', 'blockchain-capital-portfolio', 'boostvc-portfolio', 'cms-holdings-portfolio', 'dcg-portfolio', 'dragonfly-capital-portfolio', 'electric-capital-portfolio', 'fabric-ventures-portfolio', 'framework-ventures-portfolio', 'hashkey-capital-portfolio', 'kenetic-capital-portfolio', 'huobi-capital-portfolio', 'alameda-research-portfolio', 'a16z-portfolio', '1confirmation-portfolio', 'winklevoss-capital-portfolio', 'usv-portfolio', 'placeholder-ventures-portfolio', 'pantera-capital-portfolio', 'multicoin-capital-portfolio', 'paradigm-portfolio', 'ethereum-pow-ecosystem', 'layer-1', 'ftx-bankruptcy-estate', 'sora-ecosystem', 'rsk-rbtc-ecosystem', 'world-liberty-financial-portfolio', 'us-strategic-crypto-reserve', 'binance-ecosystem', 'binance-listing', 'abstract-chain-ecosystem', 'unichain-ecosystem', 'soneium-ecosystem', 'sophon-ecosystem', 'sec-cftc-token-taxonomy', 'sec-cftc-digital-commodities', 'anubis-ecosystem', 'robinhood-ecosystem']",1882.1968866225031,10168853121.127851,10086081168.869558,82771952.25828858,6.8618,0.11429896,-2.11941651,2.59615478,12.33592198,-10.91535258,-18.73542834,227148625579.33704,10.2624,227148625579.34,,2026-07-24T12:15:00.000Z,,,,,
2026-07-24 14:15:52.400367,825.0,Tether USDt,USDT,tether,True,184156916986.16385,189106724037.45197,,2015-02-25T00:00:00.000Z,191306.0,3.0,2026-07-24T12:14:00.000Z,,,,,188945848269.79,"['stablecoin', 'asset-backed-stablecoin', 'usd-stablecoin', 'ethereum-pow-ecosystem', 'fiat-stablecoin', 'tron20-ecosystem', 'rsk-rbtc-ecosystem', 'venom-ecosystem', 'world-liberty-financial-portfolio', 'binance-ecosystem', 'binance-listing', 'peaq-ecosystem', 'etherlink-ecosystem', 'duckchain-ecosystem', 'onus-ecosystem', 'sophon-ecosystem', 'xlayer-ecosystem']",0.9991492858412122,52671153311.147354,51185837278.91704,1485316032.2303948,9.9693,-0.01990546,-0.04158882,0.0123633,0.05108724,0.0078863,-0.10085163,184000252089.445,8.3145,188945848269.79,,2026-07-24T12:14:00.000Z,1027.0,ethereum,Ethereum,ETH,0xdac17f958d2ee523a2206206994597c13d831ec7
2026-07-24 14:15:52.400367,1839.0,BNB,BNB,bnb,False,133165746.73,133165746.73,133165747.53,2017-07-25T00:00:00.000Z,3316.0,4.0,2026-07-24T12:14:00.000Z,,,,,75361810543.83,"['marketplace', 'centralized-exchange', 'payments', 'smart-contracts', 'alameda-research-portfolio', 'multicoin-capital-portfolio', 'bnb-chain-ecosystem', 'layer-1', 'alleged-sec-securities', 'celsius-bankruptcy-estate', 'binance-ecosystem', 'binance-listing', 'etherlink-ecosystem', 'made-in-china']",565.9248898038686,926923477.1286902,904535131.8814894,22388345.24720059,-1.2858,-0.0062531,-0.62679622,0.38896883,-2.19638595,-14.66955169,-10.84303522,75361810543.82512,3.4054,75361810996.57,,2026-07-24T12:14:00.000Z,,,,,
2026-07-24 14:15:52.400367,3408.0,USDC,USDC,usd-coin,False,72978910168.95134,72978910168.95134,,2018-10-08T00:00:00.000Z,41807.0,5.0,2026-07-24T12:14:00.000Z,,,60901219650.23,60893319923.36113,72969443799.3,"['medium-of-exchange', 'stablecoin', 'asset-backed-stablecoin', 'stellar-ecosystem', 'coinbase-ventures-portfolio', 'usd-stablecoin', 'xdc-ecosystem', 'ethereum-pow-ecosystem', 'fiat-stablecoin', 'tron20-ecosystem', 'venom-ecosystem', 'made-in-america', 'world-liberty-financial-portfolio', 'sonic-ecosystem', 'binance-ecosystem', 'binance-listing', 'hyperevm-ecosystem', 'etherlink-ecosystem', 'unichain-ecosystem', 'vector-smart-chain-ecosystem', 'sophon-ecosystem', 'monad-ecosystem', 'xlayer-ecosystem']",0.9998702862288433,10121027099.775463,8821074112.601246,1299952987.174201,8.7717,-0.01192857,-0.02101139,0.00449173,0.01412885,0.01162623,0.0023146,72969443799.29842,3.2967,72969443799.3,,2026-07-24T12:14:00.000Z,1027.0,ethereum,Ethereum,ETH,0xa0b86991c6218b36c1d19d4a2e9eb0ce3606eb48
2026-07-24 14:15:52.400367,52.0,XRP,XRP,xrp,False,62466503703.0,99985639695.0,100000000000.0,2013-08-04T00:00:00.000Z,1851.0,6.0,2026-07-24T12:14:00.000Z,,,,,110306263947.37,"['medium-of-exchange', 'enterprise-solutions', 'xrp-ecosystem', 'solana-ecosystem', 'arrington-xrp-capital-portfolio', 'galaxy-digital-portfolio', 'a16z-portfolio', 'pantera-capital-portfolio', 'ftx-bankruptcy-estate', '2017-2018-alt-season', 'klaytn-ecosystem', 'made-in-america', 'us-strategic-crypto-reserve', 'binance-ecosystem', 'binance-listing', 'iso-20022', 'sec-cftc-token-taxonomy', 'sec-cftc-digital-commodities']",1.1032210653834686,1119851565.3439806,1119085983.41684,765581.92714068,19.5335,-0.16282901,-2.52666107,1.96288435,0.9162453,-18.65155518,-22.89235945,68914362766.00404,3.1135,110322106538.35,,2026-07-24T12:14:00.000Z,,,,,
2026-07-24 14:15:52.400367,5426.0,Solana,SOL,solana,True,582864861.9342287,630867516.9633151,,2020-04-10T00:00:00.000Z,1147.0,7.0,2026-07-24T12:13:00.000Z,,,525236893.3,39462356255.59538,47398648156.78,"['pos', 'platform', 'solana-ecosystem', 'cms-holdings-portfolio', 'kenetic-capital-portfolio', 'alameda-research-portfolio', 'multicoin-capital-portfolio', 'okx-ventures-portfolio', 'layer-1', 'ftx-bankruptcy-estate', 'alleged-sec-securities', 'cmc-crypto-awards-2024', 'made-in-america', 'us-strategic-crypto-reserve', 'binance-ecosystem', 'binance-listing', 'sec-cftc-token-taxonomy', 'sec-cftc-digital-commodities', 'coinlist-launchpad']",75.13249118442187,1634834440.7056592,1634763785.9039147,70654.80174455,4.4966,-0.29806734,-3.1602207,0.63855053,7.70945863,-12.37501232,-13.00922108,43792089100.982704,1.9795,47398648156.78,,2026-07-24T12:13:00.000Z,,,,,
2026-07-24 14:15:52.400367,1958.0,TRON,TRX,tron,True,94878859029.26059,94878859501.95769,,2017-09-13T00:00:00.000Z,1352.0,8.0,2026-07-24T12:14:00.000Z,,,94667886298.43,31345562905.13858,31415418418.78,"['media', 'payments', 'tron-ecosystem', 'layer-1', 'dwf-labs-portfolio', 'alleged-sec-securities', '2017-2018-alt-season', 'tron20-ecosystem', 'world-liberty-financial-portfolio', 'binance-ecosystem', 'binance-listing', 'made-in-china']",0.33111083526598634,453596938.17195946,453511702.09180003,85236.0801594,21.2504,-0.10082271,1.20643038,2.6838831,0.04635953,-9.59612509,2.57034035,31415418262.26224,1.4197,31415418418.78,,2026-07-24T12:14:00.000Z,,,,,
2026-07-24 14:15:52.400367,32196.0,Hyperliquid,HYPE,hyperliquid,False,252727609.92386654,953084179.5974618,953084878.0666131,2024-07-15T10:14:50.000Z,293.0,9.0,2026-07-24T12:14:00.000Z,,,333931719.0,19486051544.293148,55615703429.74,"['decentralized-exchange-dex-token', 'defi', 'derivatives', 'layer-1', 'hyperliquid-ecosystem', 'binance-ecosystem', 'binance-listing', 'perpetuals']",58.35340111639155,347779764.79604334,300586962.95050603,47192801.84553728,-6.7157,-0.10874449,-1.58336612,-2.63728973,-6.54805586,-8.28833337,40.22834583,14747515595.074322,0.6663,55615744187.79,,2026-07-24T12:14:00.000Z,32196.0,hyperliquid,Hyperliquid,HYPE,0x0d01dc56dcaaca66ad901c959b4011ec
2026-07-24 14:15:52.400367,74.0,Dogecoin,DOGE,dogecoin,True,155202516383.70523,155202516383.70523,,2013-12-15T00:00:00.000Z,1456.0,10.0,2026-07-24T12:14:00.000Z,,,,,10776845478.74,"['mineable', 'pow', 'scrypt', 'medium-of-exchange', 'memes', 'payments', 'doggone-doggerel', 'doge-chain-ecosystem', 'osmosis-ecosystem', 'ftx-bankruptcy-estate', 'animal-memes', 'made-in-america', 'binance-ecosystem', 'binance-listing', 'sec-cftc-token-taxonomy', 'sec-cftc-digital-commodities']",0.06943731151948446,935440965.5238422,935072899.5943282,368065.92951386,87.4075,-0.5020757,-3.96114987,-3.36867771,-11.95896545,-32.4038962,-29.1030785,10776845478.74323,0.487,10776845478.74,,2026-07-24T12:14:00.000Z,,,,,
2026-07-24 14:15:52.400367,3957.0,UNUS SED LEO,LEO,unus-sed-leo,False,920129382.9,985239504.0,,2019-05-21T00:00:00.000Z,69.0,11.0,2026-07-24T12:15:00.000Z,,,,,9457160917.29,"['marketplace', 'centralized-exchange', 'discount-token', 'payments', 'ethereum-ecosystem', 'kenetic-capital-portfolio', 'alameda-research-portfolio']",9.598844624986354,577348.47873668,577348.47873668,0.0,180.1111,-0.00767742,-1.31460841,-2.02376696,0.78517962,-4.55871513,-6.37315704,8832178981.341677,0.3991,9457160917.29,,2026-07-24T12:15:00.000Z,1027.0,ethereum,Ethereum,ETH,0x2af5d2ad76741191d15dfe7bf6ac92d4bd912ca3
2026-07-24 14:15:52.400367,1437.0,Zcash,ZEC,zcash,False,16786844.4155448,16786844.4155448,21000000.0,2016-10-29T00:00:00.000Z,630.0,12.0,2026-07-24T12:14:00.000Z,,,,,8420541311.53,"['mineable', 'pow', 'equihash', 'medium-of-exchange', 'privacy', 'zero-knowledge-proofs', 'quantum-resistant', 'binance-chain', 'boostvc-portfolio', 'dcg-portfolio', 'electric-capital-portfolio', 'fenbushi-capital-portfolio', 'hashkey-capital-portfolio', 'winklevoss-capital-portfolio', 'placeholder-ventures-portfolio', 'pantera-capital-portfolio', 'layer-1', 'standard-crypto-portfolio', '2017-2018-alt-season', 'made-in-america', 'binance-ecosystem', 'binance-listing', 'privacy-coins']",501.6154974147719,401417795.71848875,369790256.03603405,31627539.68245483,13.2469,0.31877744,-2.93831008,-6.07142479,19.67280197,-25.47728397,40.33296102,8420541311.527891,0.3805,10533925445.71,,2026-07-24T12:14:00.000Z,,,,,
2026-07-24 14:15:52.400367,328.0,Monero,XMR,monero,True,18782099.14058,18782099.14058,,2014-05-21T00:00:00.000Z,372.0,13.0,2026-07-24T12:14:00.000Z,,,,,6600669781.82,"['mineable', 'pow', 'medium-of-exchange', 'privacy', 'ringct', 'boostvc-portfolio', 'electric-capital-portfolio', 'galaxy-digital-portfolio', 'layer-1', '2017-2018-alt-season', 'binance-ecosystem', 'binance-listing', 'privacy-coins']",351.43408265554365,101389724.50207634,101389724.50207634,0.0,48.006,-0.2578214,1.33764967,8.51301218,8.32072232,-9.08231155,-5.19726346,6600669781.8152075,0.2983,6600669781.82,,2026-07-24T12:14:00.000Z,,,,,
2026-07-24 14:15:52.400367,1975.0,Chainlink,LINK,chainlink,False,748099970.424884,1000000000.0,1000000000.0,2017-09-20T00:00:00.000Z,2259.0,14.0,2026-07-24T12:14:00.000Z,,,,,8451744183.94,"['platform', 'cosmos-ecosystem', 'defi', 'privacy', 'interoperability', 'iot', 'oracles', 'smart-contracts', 'ethereum-ecosystem', 'tron-ecosystem', 'polkadot', 'polkadot-ecosystem', 'heco-ecosystem', 'avalanche-ecosystem', 'solana-ecosystem', 'framework-ventures-portfolio', 'hedera-hashgraph-ecosystem', 'polygon-ecosystem', 'fantom-ecosystem', 'cardano-ecosystem', 'terra-ecosystem', 'web3', 'near-protocol-ecosystem', 'arbitrum-ecosystem', 'celo-ecosystem', 'defi-2', 'cross-chain', 'cronos-ecosystem', 'cardano', 'injective-ecosystem', 'bnb-chain-ecosystem', 'oasis-ecosystem', 'moonbeam-ecosystem', 'xdc-ecosystem', 'metisdao-ecosystem', 'velas-ecosystem', 'doge-chain-ecosystem', 'aptos-ecosystem', 'sui-ecosystem', 'optimism-ecosystem', 'bitcoin-ecosystem', 'real-world-assets-protocols', 'zksync-era-ecosystem', 'kadena-ecosystem', 'base-ecosystem', 'linea-ecosystem', 'sei-ecosystem', 'toncoin-ecosystem', 'paal-ecosystem', 'blast-ecosystem', 'atomicals-ecosystem', 'move-vm', 'eigenlayer-ecosystem', 'hyperliquid-ecosystem', 'gnosis-chain-ecosystem', 'ronin-ecosystem', 'astar-ecosystem', 'core-ecosystem', 'starknet-ecosystem', 'mantle-ecosystem', 'opbnb-ecosystem', 'scroll-ecosystem', 'merlin-ecosystem', 'b²-network-ecosystem', 'mode-ecosystem', 'world-chain-mainnet-ecosystem', 'made-in-america', 'btcfi', 'world-liberty-financial-portfolio', 'corn-ecosystem', 'bonk-fun-ecosystem', 'sonic-ecosystem', 'binance-ecosystem', 'binance-listing', 'bittensor-ecosystem', 'hyperevm-ecosystem', 'etherlink-ecosystem', 'bera-chain-ecosystem', 'abstract-chain-ecosystem', 'unichain-ecosystem', 'soneium-ecosystem', 'fraxtal-ecosystem', 'monad-ecosystem', 'hashkey-chain-ecosystem', 'wlfi-ecosystem', 'plasma-ecosystem', 'x402-ecosystem', 'iso-20022', 'megaeth-ecosystem', 'sec-cftc-token-taxonomy', 'sec-cftc-digital-commodities', 'robinhood-ecosystem']",8.451744183943557,190304379.57428166,185233058.73244998,5071320.84183168,-4.4703,-0.13388146,-1.99348177,3.27561204,10.97466683,-11.30874888,-9.98690751,6322749574.04686,0.2857,8451744183.94,,2026-07-24T12:14:00.000Z,1027.0,ethereum,Ethereum,ETH,0x514910771af9ca656af840dff83e8264ecf986ca
2026-07-24 14:15:52.400367,512.0,Stellar,XLM,stellar,False,34174900114.233486,50001786839.912476,50001806812.0,2014-08-05T00:00:00.000Z,827.0,15.0,2026-07-24T12:15:00.000Z,,,31531408660.0,5753647680.78094,9124002926.37,"['medium-of-exchange', 'enterprise-solutions', 'decentralized-exchange-dex-token', 'defi', 'smart-contracts', 'hashkey-capital-portfolio', 'real-world-assets-protocols', '2017-2018-alt-season', 'made-in-america', 'binance-ecosystem', 'binance-listing', 'iso-20022', 'sec-cftc-token-taxonomy', 'sec-cftc-digital-commodities']",0.18247353750737694,124955779.02895705,124804745.17604707,151033.85291,-12.0844,-0.01423296,-1.18207124,-0.67100422,-4.86674527,21.03289483,5.91634879,6236014917.805445,0.2817,9124006570.75,,2026-07-24T12:15:00.000Z,,,,,
2026-07-24 14:15:52.400367,2010.0,Cardano,ADA,cardano,False,36489899411.97189,44993202652.386566,45000000000.0,2017-10-01T00:00:00.000Z,1718.0,16.0,2026-07-24T12:14:00.000Z,,,37997904336.0,6315155530.553108,7477756406.12,"['dpos', 'pos', 'platform', 'research', 'smart-contracts', 'staking', 'cardano-ecosystem', 'cardano', 'layer-1', 'alleged-sec-securities', '2017-2018-alt-season', 'made-in-america', 'us-strategic-crypto-reserve', 'binance-ecosystem', 'binance-listing', 'iso-20022', 'sec-cftc-token-taxonomy', 'sec-cftc-digital-commodities']",0.16619746906857702,234003858.69473484,233140080.6107279,863778.084007,-15.5534,-0.12815814,-4.81626323,3.53033778,12.14390353,-32.0425673,-33.98891304,6064528928.836686,0.2741,7478886108.09,,2026-07-24T12:14:00.000Z,,,,,
2026-07-24 14:15:52.400367,37263.0,Canton,CC,canton-network,True,39145141881.92199,39145141881.92199,,2025-07-08T04:07:45.000Z,108.0,17.0,2026-07-24T12:14:00.000Z,,,39145141881.92,4682280383.776957,4682280383.78,"['proof-of-authority', 'store-of-value', 'enterprise-solutions', 'privacy', 'interoperability', 'scaling', 'smart-contracts', 'layer-1', 'binance-ecosystem', 'binance-listing', 'privacy-blockchain']",0.11961332003600594,12485906.92671511,10414103.86127728,2071803.06543783,6.8841,-0.38401631,-0.51261998,-7.77594405,-20.47902333,-27.7144921,-21.24399727,4682280383.777194,0.2116,4682280383.78,,2026-07-24T12:14:00.000Z,,,,,
2026-07-24 14:15:52.400367,4943.0,Dai,DAI,multi-collateral-dai,True,4647076141.403908,4647076141.403908,,2019-11-22T00:00:00.000Z,3771.0,18.0,2026-07-24T12:15:00.000Z,,,,,4646298841.37,"['defi', 'stablecoin', 'asset-backed-stablecoin', 'usd-stablecoin', 'xlayer-ecosystem', 'anubis-ecosystem']",0.999832733526909,36995728.56312658,380477.45118384,36615251.11194273,9.0575,-0.0072006,0.03460294,0.019236,0.0279753,0.02328786,0.0132126,4646298841.36755,0.21,4646298841.37,,2026-07-24T12:15:00.000Z,1027.0,ethereum,Ethereum,ETH,0x6b175474e89094c44da98b954eedeac495271d0f
2026-07-24 14:15:52.400367,1831.0,Bitcoin Cash,BCH,bitcoin-cash,False,20065618.75,20065618.75,21000000.0,2017-07-23T00:00:00.000Z,1173.0,19.0,2026-07-24T12:14:00.000Z,,,,,4214365541.59,"['mineable', 'pow', 'sha-256', 'marketplace', 'medium-of-exchange', 'store-of-value', 'enterprise-solutions', 'payments', 'layer-1', '2017-2018-alt-season', 'made-in-america', 'binance-ecosystem', 'binance-listing', 'sec-cftc-token-taxonomy', 'sec-cftc-digital-commodities']",210.0291844521197,99157156.12799245,99150636.68505518,6519.44293727,24.5465,-0.07924784,-2.88915525,-3.8096945,8.38616049,-39.87848014,-53.70504471,4214365541.5896616,0.1904,4410612873.49,,2026-07-24T12:14:00.000Z,,,,,
2026-07-24 14:15:52.400367,36148.0,World Liberty Financial USD,USD1,usd1,False,4152511634.4574523,4152511634.4574523,,2025-04-13T05:37:56.000Z,1229.0,20.0,2026-07-24T12:14:00.000Z,,,,,4147136088.41,"['stablecoin', 'asset-backed-stablecoin', 'usd-stablecoin', 'tron20-ecosystem', 'made-in-america', 'world-liberty-financial-portfolio', 'binance-ecosystem', 'binance-listing', 'wlfi-ecosystem']",0.998705471164327,946627558.89794,909597798.5233417,37029760.37459846,38.5828,-0.02355708,-0.04298522,-0.02175525,-0.05063496,-0.02473436,-0.10197243,4147136088.4061794,0.1874,4147136088.41,,2026-07-24T12:14:00.000Z,1027.0,ethereum,Ethereum,ETH,0x8d0D000Ee44948FC98c9B98A4FA4921476f08B0d
2026-07-24 14:16:52.574589,1.0,Bitcoin,BTC,bitcoin,False,20060671.0,20060671.0,21000000.0,2010-07-13T00:00:00.000Z,12673.0,1.0,2026-07-24T12:14:00.000Z,,,,,1304220896645.8,"['mineable', 'pow', 'sha-256', 'store-of-value', 'state-channel', 'coinbase-ventures-portfolio', 'three-arrows-capital-portfolio', 'polychain-capital-portfolio', 'binance-labs-portfolio', 'blockchain-capital-portfolio', 'boostvc-portfolio', 'cms-holdings-portfolio', 'dcg-portfolio', 'dragonfly-capital-portfolio', 'electric-capital-portfolio', 'fabric-ventures-portfolio', 'framework-ventures-portfolio', 'galaxy-digital-portfolio', 'huobi-capital-portfolio', 'alameda-research-portfolio', 'a16z-portfolio', '1confirmation-portfolio', 'winklevoss-capital-portfolio', 'usv-portfolio', 'placeholder-ventures-portfolio', 'pantera-capital-portfolio', 'multicoin-capital-portfolio', 'paradigm-portfolio', 'bitcoin-ecosystem', 'layer-1', 'ftx-bankruptcy-estate', '2017-2018-alt-season', 'us-strategic-crypto-reserve', 'binance-ecosystem', 'binance-listing', 'sec-cftc-token-taxonomy', 'sec-cftc-digital-commodities']",65013.82215210048,25246733072.584038,25220431452.314507,26301620.26952842,21.156,0.0669301,-0.72647517,2.90093194,3.58669355,-15.88115519,-16.33020752,1304220896645.7998,58.94,1365290265194.11,,2026-07-24T12:14:00.000Z,,,,,
2026-07-24 14:16:52.574589,1027.0,Ethereum,ETH,ethereum,True,120682712.41641597,120682712.41641597,,2015-08-07T00:00:00.000Z,12237.0,2.0,2026-07-24T12:15:00.000Z,,,,,227148625579.34,"['pos', 'smart-contracts', 'ethereum-ecosystem', 'coinbase-ventures-portfolio', 'three-arrows-capital-portfolio', 'polychain-capital-portfolio', 'binance-labs-portfolio', 'blockchain-capital-portfolio', 'boostvc-portfolio', 'cms-holdings-portfolio', 'dcg-portfolio', 'dragonfly-capital-portfolio', 'electric-capital-portfolio', 'fabric-ventures-portfolio', 'framework-ventures-portfolio', 'hashkey-capital-portfolio', 'kenetic-capital-portfolio', 'huobi-capital-portfolio', 'alameda-research-portfolio', 'a16z-portfolio', '1confirmation-portfolio', 'winklevoss-capital-portfolio', 'usv-portfolio', 'placeholder-ventures-portfolio', 'pantera-capital-portfolio', 'multicoin-capital-portfolio', 'paradigm-portfolio', 'ethereum-pow-ecosystem', 'layer-1', 'ftx-bankruptcy-estate', 'sora-ecosystem', 'rsk-rbtc-ecosystem', 'world-liberty-financial-portfolio', 'us-strategic-crypto-reserve', 'binance-ecosystem', 'binance-listing', 'abstract-chain-ecosystem', 'unichain-ecosystem', 'soneium-ecosystem', 'sophon-ecosystem', 'sec-cftc-token-taxonomy', 'sec-cftc-digital-commodities', 'anubis-ecosystem', 'robinhood-ecosystem']",1882.1968866225031,10168853121.127851,10086081168.869558,82771952.25828858,6.8618,0.11429896,-2.11941651,2.59615478,12.33592198,-10.91535258,-18.73542834,227148625579.33704,10.2624,227148625579.34,,2026-07-24T12:15:00.000Z,,,,,
2026-07-24 14:16:52.574589,825.0,Tether USDt,USDT,tether,True,184156916986.16385,189106724037.45197,,2015-02-25T00:00:00.000Z,191306.0,3.0,2026-07-24T12:15:00.000Z,,,,,188946407388.84,"['stablecoin', 'asset-backed-stablecoin', 'usd-stablecoin', 'ethereum-pow-ecosystem', 'fiat-stablecoin', 'tron20-ecosystem', 'rsk-rbtc-ecosystem', 'venom-ecosystem', 'world-liberty-financial-portfolio', 'binance-ecosystem', 'binance-listing', 'peaq-ecosystem', 'etherlink-ecosystem', 'duckchain-ecosystem', 'onus-ecosystem', 'sophon-ecosystem', 'xlayer-ecosystem']",0.9991522424735133,52673337876.66876,51184269027.498795,1489068849.170099,9.9758,-0.01101585,-0.03439659,0.01587822,0.05284635,0.01126137,-0.09238356,184000796573.73425,8.3145,188946407388.84,,2026-07-24T12:15:00.000Z,1027.0,ethereum,Ethereum,ETH,0xdac17f958d2ee523a2206206994597c13d831ec7
2026-07-24 14:16:52.574589,1839.0,BNB,BNB,bnb,False,133165746.73,133165746.73,133165747.53,2017-07-25T00:00:00.000Z,3316.0,4.0,2026-07-24T12:16:00.000Z,,,,,75360949744.67,"['marketplace', 'centralized-exchange', 'payments', 'smart-contracts', 'alameda-research-portfolio', 'multicoin-capital-portfolio', 'bnb-chain-ecosystem', 'layer-1', 'alleged-sec-securities', 'celsius-bankruptcy-estate', 'binance-ecosystem', 'binance-listing', 'etherlink-ecosystem', 'made-in-china']",565.9184256854384,926989810.6704178,904598295.4165349,22391515.25388264,-1.329,0.01222765,-0.64879577,0.36577515,-2.15216473,-15.00400113,-10.84699093,75360949744.66742,3.4054,75360950197.4,,2026-07-24T12:16:00.000Z,,,,,
2026-07-24 14:16:52.574589,3408.0,USDC,USDC,usd-coin,False,72978910168.95134,72978910168.95134,,2018-10-08T00:00:00.000Z,41807.0,5.0,2026-07-24T12:15:00.000Z,,,60901219650.23,60893315527.15594,72969438531.26,"['medium-of-exchange', 'stablecoin', 'asset-backed-stablecoin', 'stellar-ecosystem', 'coinbase-ventures-portfolio', 'usd-stablecoin', 'xdc-ecosystem', 'ethereum-pow-ecosystem', 'fiat-stablecoin', 'tron20-ecosystem', 'venom-ecosystem', 'made-in-america', 'world-liberty-financial-portfolio', 'sonic-ecosystem', 'binance-ecosystem', 'binance-listing', 'hyperevm-ecosystem', 'etherlink-ecosystem', 'unichain-ecosystem', 'vector-smart-chain-ecosystem', 'sophon-ecosystem', 'monad-ecosystem', 'xlayer-ecosystem']",0.9998702140430116,10125671874.014872,8825801359.534092,1299870514.4807482,8.7748,-0.0009163,-0.00582477,0.00619266,0.0158845,0.01442901,0.01589444,72969438531.2551,3.2967,72969438531.26,,2026-07-24T12:15:00.000Z,1027.0,ethereum,Ethereum,ETH,0xa0b86991c6218b36c1d19d4a2e9eb0ce3606eb48
2026-07-24 14:16:52.574589,52.0,XRP,XRP,xrp,False,62466503703.0,99985639695.0,100000000000.0,2013-08-04T00:00:00.000Z,1851.0,6.0,2026-07-24T12:16:00.000Z,,,,,110271237415.85,"['medium-of-exchange', 'enterprise-solutions', 'xrp-ecosystem', 'solana-ecosystem', 'arrington-xrp-capital-portfolio', 'galaxy-digital-portfolio', 'a16z-portfolio', 'pantera-capital-portfolio', 'ftx-bankruptcy-estate', '2017-2018-alt-season', 'klaytn-ecosystem', 'made-in-america', 'us-strategic-crypto-reserve', 'binance-ecosystem', 'binance-listing', 'iso-20022', 'sec-cftc-token-taxonomy', 'sec-cftc-digital-commodities']",1.1028707497618935,1120057569.561617,1119292012.6072595,765556.95435743,19.6262,-0.14539072,-2.5674978,1.9463769,0.90554133,-18.69940601,-22.92585292,68892479773.9317,3.1125,110287074976.19,,2026-07-24T12:16:00.000Z,,,,,
2026-07-24 14:16:52.574589,5426.0,Solana,SOL,solana,True,582864861.9342287,630867516.9633151,,2020-04-10T00:00:00.000Z,1147.0,7.0,2026-07-24T12:15:00.000Z,,,525236893.3,39464139937.20252,47400790555.39,"['pos', 'platform', 'solana-ecosystem', 'cms-holdings-portfolio', 'kenetic-capital-portfolio', 'alameda-research-portfolio', 'multicoin-capital-portfolio', 'okx-ventures-portfolio', 'layer-1', 'ftx-bankruptcy-estate', 'alleged-sec-securities', 'cmc-crypto-awards-2024', 'made-in-america', 'us-strategic-crypto-reserve', 'binance-ecosystem', 'binance-listing', 'sec-cftc-token-taxonomy', 'sec-cftc-digital-commodities', 'coinlist-launchpad']",75.13588714085581,1634994338.882478,1634923692.889931,70645.99254701,4.4955,-0.29935645,-3.16519608,0.63404891,7.72593254,-12.40302873,-13.01275355,43794068484.660706,1.9789,47400790555.39,,2026-07-24T12:15:00.000Z,,,,,
2026-07-24 14:16:52.574589,1958.0,TRON,TRX,tron,True,94878859029.26059,94878859501.95769,,2017-09-13T00:00:00.000Z,1352.0,8.0,2026-07-24T12:15:00.000Z,,,94667886298.43,31345415218.067673,31415270402.58,"['media', 'payments', 'tron-ecosystem', 'layer-1', 'dwf-labs-portfolio', 'alleged-sec-securities', '2017-2018-alt-season', 'tron20-ecosystem', 'world-liberty-financial-portfolio', 'binance-ecosystem', 'binance-listing', 'made-in-china']",0.3311092752113925,453547859.55842215,453462623.2673816,85236.29104052,21.2244,-0.10097401,1.2072157,2.67611281,0.03823063,-9.61043676,2.56341901,31415270246.062355,1.4197,31415270402.58,,2026-07-24T12:15:00.000Z,,,,,
2026-07-24 14:16:52.574589,32196.0,Hyperliquid,HYPE,hyperliquid,False,252727609.92386654,953084179.5974618,953084878.0666131,2024-07-15T10:14:50.000Z,293.0,9.0,2026-07-24T12:15:00.000Z,,,333931719.0,19490993409.129684,55629808149.13,"['decentralized-exchange-dex-token', 'defi', 'derivatives', 'layer-1', 'hyperliquid-ecosystem', 'binance-ecosystem', 'binance-listing', 'perpetuals']",58.36820014432257,347850007.0155937,300657205.17005646,47192801.84553728,-6.7134,-0.0889765,-1.59492235,-2.46072316,-6.46761358,-8.46289849,40.33511211,14751255718.032524,0.6665,55629848917.52,,2026-07-24T12:15:00.000Z,32196.0,hyperliquid,Hyperliquid,HYPE,0x0d01dc56dcaaca66ad901c959b4011ec
2026-07-24 14:16:52.574589,74.0,Dogecoin,DOGE,dogecoin,True,155202516383.70523,155202516383.70523,,2013-12-15T00:00:00.000Z,1456.0,10.0,2026-07-24T12:15:00.000Z,,,,,10777070918.45,"['mineable', 'pow', 'scrypt', 'medium-of-exchange', 'memes', 'payments', 'doggone-doggerel', 'doge-chain-ecosystem', 'osmosis-ecosystem', 'ftx-bankruptcy-estate', 'animal-memes', 'made-in-america', 'binance-ecosystem', 'binance-listing', 'sec-cftc-token-taxonomy', 'sec-cftc-digital-commodities']",0.0694387640713472,935430459.2661011,935062725.2882178,367733.97788315,87.4046,-0.43438616,-3.95963817,-3.3838035,-11.95333896,-32.42083733,-29.11227741,10777070918.447506,0.487,10777070918.45,,2026-07-24T12:15:00.000Z,,,,,
2026-07-24 14:16:52.574589,3957.0,UNUS SED LEO,LEO,unus-sed-leo,False,920129382.9,985239504.0,,2019-05-21T00:00:00.000Z,69.0,11.0,2026-07-24T12:16:00.000Z,,,,,9457184902.28,"['marketplace', 'centralized-exchange', 'discount-token', 'payments', 'ethereum-ecosystem', 'kenetic-capital-portfolio', 'alameda-research-portfolio']",9.598868969305723,577332.56627488,577332.56627488,0.0,180.1048,-0.00860915,-1.31381891,-2.02344155,0.78579076,-4.55887345,-6.37289685,8832201381.265234,0.3991,9457184902.28,,2026-07-24T12:16:00.000Z,1027.0,ethereum,Ethereum,ETH,0x2af5d2ad76741191d15dfe7bf6ac92d4bd912ca3
2026-07-24 14:16:52.574589,1437.0,Zcash,ZEC,zcash,False,16786844.4155448,16786844.4155448,21000000.0,2016-10-29T00:00:00.000Z,630.0,12.0,2026-07-24T12:15:00.000Z,,,,,8421081459.78,"['mineable', 'pow', 'equihash', 'medium-of-exchange', 'privacy', 'zero-knowledge-proofs', 'quantum-resistant', 'binance-chain', 'boostvc-portfolio', 'dcg-portfolio', 'electric-capital-portfolio', 'fenbushi-capital-portfolio', 'hashkey-capital-portfolio', 'winklevoss-capital-portfolio', 'placeholder-ventures-portfolio', 'pantera-capital-portfolio', 'layer-1', 'standard-crypto-portfolio', '2017-2018-alt-season', 'made-in-america', 'binance-ecosystem', 'binance-listing', 'privacy-coins']",501.64767429341134,401325954.389097,369695018.46684605,31630935.92225096,13.1658,0.32885021,-2.95815914,-6.00420449,19.66221989,-25.50305703,40.27737952,8421081459.783389,0.3806,10534601160.16,,2026-07-24T12:15:00.000Z,,,,,
2026-07-24 14:16:52.574589,328.0,Monero,XMR,monero,True,18782099.14058,18782099.14058,,2014-05-21T00:00:00.000Z,372.0,13.0,2026-07-24T12:15:00.000Z,,,,,6611611481.87,"['mineable', 'pow', 'medium-of-exchange', 'privacy', 'ringct', 'boostvc-portfolio', 'electric-capital-portfolio', 'galaxy-digital-portfolio', 'layer-1', '2017-2018-alt-season', 'binance-ecosystem', 'binance-listing', 'privacy-coins']",352.0166426759683,101367230.29339801,101367230.29339801,0.0,47.9419,-0.15670919,1.51312311,8.67200783,8.48815633,-8.6901065,-5.04089946,6611611481.874161,0.2988,6611611481.87,,2026-07-24T12:15:00.000Z,,,,,
2026-07-24 14:16:52.574589,1975.0,Chainlink,LINK,chainlink,False,748099970.424884,1000000000.0,1000000000.0,2017-09-20T00:00:00.000Z,2259.0,14.0,2026-07-24T12:15:00.000Z,,,,,8451454299.09,"['platform', 'cosmos-ecosystem', 'defi', 'privacy', 'interoperability', 'iot', 'oracles', 'smart-contracts', 'ethereum-ecosystem', 'tron-ecosystem', 'polkadot', 'polkadot-ecosystem', 'heco-ecosystem', 'avalanche-ecosystem', 'solana-ecosystem', 'framework-ventures-portfolio', 'hedera-hashgraph-ecosystem', 'polygon-ecosystem', 'fantom-ecosystem', 'cardano-ecosystem', 'terra-ecosystem', 'web3', 'near-protocol-ecosystem', 'arbitrum-ecosystem', 'celo-ecosystem', 'defi-2', 'cross-chain', 'cronos-ecosystem', 'cardano', 'injective-ecosystem', 'bnb-chain-ecosystem', 'oasis-ecosystem', 'moonbeam-ecosystem', 'xdc-ecosystem', 'metisdao-ecosystem', 'velas-ecosystem', 'doge-chain-ecosystem', 'aptos-ecosystem', 'sui-ecosystem', 'optimism-ecosystem', 'bitcoin-ecosystem', 'real-world-assets-protocols', 'zksync-era-ecosystem', 'kadena-ecosystem', 'base-ecosystem', 'linea-ecosystem', 'sei-ecosystem', 'toncoin-ecosystem', 'paal-ecosystem', 'blast-ecosystem', 'atomicals-ecosystem', 'move-vm', 'eigenlayer-ecosystem', 'hyperliquid-ecosystem', 'gnosis-chain-ecosystem', 'ronin-ecosystem', 'astar-ecosystem', 'core-ecosystem', 'starknet-ecosystem', 'mantle-ecosystem', 'opbnb-ecosystem', 'scroll-ecosystem', 'merlin-ecosystem', 'b²-network-ecosystem', 'mode-ecosystem', 'world-chain-mainnet-ecosystem', 'made-in-america', 'btcfi', 'world-liberty-financial-portfolio', 'corn-ecosystem', 'bonk-fun-ecosystem', 'sonic-ecosystem', 'binance-ecosystem', 'binance-listing', 'bittensor-ecosystem', 'hyperevm-ecosystem', 'etherlink-ecosystem', 'bera-chain-ecosystem', 'abstract-chain-ecosystem', 'unichain-ecosystem', 'soneium-ecosystem', 'fraxtal-ecosystem', 'monad-ecosystem', 'hashkey-chain-ecosystem', 'wlfi-ecosystem', 'plasma-ecosystem', 'x402-ecosystem', 'iso-20022', 'megaeth-ecosystem', 'sec-cftc-token-taxonomy', 'sec-cftc-digital-commodities', 'robinhood-ecosystem']",8.451454299090818,190306072.44154924,185234859.40303552,5071213.03851366,-4.474,-0.1332397,-1.9966772,3.26841562,11.01528802,-11.33126108,-9.98399233,6322532711.1971,0.2857,8451454299.09,,2026-07-24T12:15:00.000Z,1027.0,ethereum,Ethereum,ETH,0x514910771af9ca656af840dff83e8264ecf986ca
2026-07-24 14:16:52.574589,512.0,Stellar,XLM,stellar,False,34174900114.233486,50001786839.912476,50001806812.0,2014-08-05T00:00:00.000Z,827.0,15.0,2026-07-24T12:15:00.000Z,,,31531408660.0,5753647680.78094,9124002926.37,"['medium-of-exchange', 'enterprise-solutions', 'decentralized-exchange-dex-token', 'defi', 'smart-contracts', 'hashkey-capital-portfolio', 'real-world-assets-protocols', '2017-2018-alt-season', 'made-in-america', 'binance-ecosystem', 'binance-listing', 'iso-20022', 'sec-cftc-token-taxonomy', 'sec-cftc-digital-commodities']",0.18247353750737694,124955779.02895705,124804745.17604707,151033.85291,-12.0844,-0.01423296,-1.18207124,-0.67100422,-4.86674527,21.03289483,5.91634879,6236014917.805445,0.2817,9124006570.75,,2026-07-24T12:15:00.000Z,,,,,
2026-07-24 14:16:52.574589,2010.0,Cardano,ADA,cardano,False,36489899411.97189,44993202652.386566,45000000000.0,2017-10-01T00:00:00.000Z,1718.0,16.0,2026-07-24T12:15:00.000Z,,,37997904336.0,6315114638.5444355,7477707986.01,"['dpos', 'pos', 'platform', 'research', 'smart-contracts', 'staking', 'cardano-ecosystem', 'cardano', 'layer-1', 'alleged-sec-securities', '2017-2018-alt-season', 'made-in-america', 'us-strategic-crypto-reserve', 'binance-ecosystem', 'binance-listing', 'iso-20022', 'sec-cftc-token-taxonomy', 'sec-cftc-digital-commodities']",0.16619639290373614,233995904.44346496,233130464.9681998,865439.4752653,-15.5475,-0.10698025,-4.8222702,3.53937179,12.13288805,-32.06945111,-34.00753235,6064489659.689892,0.2741,7478837680.67,,2026-07-24T12:15:00.000Z,,,,,
2026-07-24 14:16:52.574589,37263.0,Canton,CC,canton-network,True,39145141881.92199,39145141881.92199,,2025-07-08T04:07:45.000Z,108.0,17.0,2026-07-24T12:15:00.000Z,,,39145141881.92,4682196308.811017,4682196308.81,"['proof-of-authority', 'store-of-value', 'enterprise-solutions', 'privacy', 'interoperability', 'scaling', 'smart-contracts', 'layer-1', 'binance-ecosystem', 'binance-listing', 'privacy-blockchain']",0.11961117226078027,12488754.25237974,10416951.18694191,2071803.06543783,6.9071,-0.35951338,-0.49525016,-7.7489685,-20.44057205,-27.85027564,-21.22711959,4682196308.811255,0.2116,4682196308.81,,2026-07-24T12:15:00.000Z,,,,,
2026-07-24 14:16:52.574589,4943.0,Dai,DAI,multi-collateral-dai,True,4647076141.403908,4647076141.403908,,2019-11-22T00:00:00.000Z,3771.0,18.0,2026-07-24T12:15:00.000Z,,,,,4646298841.37,"['defi', 'stablecoin', 'asset-backed-stablecoin', 'usd-stablecoin', 'xlayer-ecosystem', 'anubis-ecosystem']",0.999832733526909,36995728.56312658,380477.45118384,36615251.11194273,9.0575,-0.0072006,0.03460294,0.019236,0.0279753,0.02328786,0.0132126,4646298841.36755,0.21,4646298841.37,,2026-07-24T12:15:00.000Z,1027.0,ethereum,Ethereum,ETH,0x6b175474e89094c44da98b954eedeac495271d0f
2026-07-24 14:16:52.574589,1831.0,Bitcoin Cash,BCH,bitcoin-cash,False,20065618.75,20065618.75,21000000.0,2017-07-23T00:00:00.000Z,1173.0,19.0,2026-07-24T12:15:00.000Z,,,,,4214245548.13,"['mineable', 'pow', 'sha-256', 'marketplace', 'medium-of-exchange', 'store-of-value', 'enterprise-solutions', 'payments', 'layer-1', '2017-2018-alt-season', 'made-in-america', 'binance-ecosystem', 'binance-listing', 'sec-cftc-token-taxonomy', 'sec-cftc-digital-commodities']",210.0232043995164,99131276.14365016,99124756.21292312,6519.93072703,24.4764,-0.08066418,-2.90251887,-3.79929765,8.43189846,-39.89509116,-53.70951657,4214245548.134019,0.1904,4410487292.39,,2026-07-24T12:15:00.000Z,,,,,
2026-07-24 14:16:52.574589,36148.0,World Liberty Financial USD,USD1,usd1,False,4152511634.4574523,4152511634.4574523,,2025-04-13T05:37:56.000Z,1229.0,20.0,2026-07-24T12:15:00.000Z,,,,,4147131930.47,"['stablecoin', 'asset-backed-stablecoin', 'usd-stablecoin', 'tron20-ecosystem', 'made-in-america', 'world-liberty-financial-portfolio', 'binance-ecosystem', 'binance-listing', 'wlfi-ecosystem']",0.9987044698589981,946609464.59543,909556085.2555585,37053379.33987116,38.5799,-0.02551239,-0.04346091,-0.02683355,-0.04919746,-0.02272303,-0.10667528,4147131930.4741516,0.1874,4147131930.47,,2026-07-24T12:15:00.000Z,1027.0,ethereum,Ethereum,ETH,0x8d0D000Ee44948FC98c9B98A4FA4921476f08B0d
2026-07-24 14:13:52.062766,1.0,Bitcoin,BTC,bitcoin,False,20060671.0,20060671.0,21000000.0,2010-07-13T00:00:00.000Z,12673.0,1.0,2026-07-24T12:11:00.000Z,,,,,1304418696870.69,"['mineable', 'pow', 'sha-256', 'store-of-value', 'state-channel', 'coinbase-ventures-portfolio', 'three-arrows-capital-portfolio', 'polychain-capital-portfolio', 'binance-labs-portfolio', 'blockchain-capital-portfolio', 'boostvc-portfolio', 'cms-holdings-portfolio', 'dcg-portfolio', 'dragonfly-capital-portfolio', 'electric-capital-portfolio', 'fabric-ventures-portfolio', 'framework-ventures-portfolio', 'galaxy-digital-portfolio', 'huobi-capital-portfolio', 'alameda-research-portfolio', 'a16z-portfolio', '1confirmation-portfolio', 'winklevoss-capital-portfolio', 'usv-portfolio', 'placeholder-ventures-portfolio', 'pantera-capital-portfolio', 'multicoin-capital-portfolio', 'paradigm-portfolio', 'bitcoin-ecosystem', 'layer-1', 'ftx-bankruptcy-estate', '2017-2018-alt-season', 'us-strategic-crypto-reserve', 'binance-ecosystem', 'binance-listing', 'sec-cftc-token-taxonomy', 'sec-cftc-digital-commodities']",65023.682252238126,25232536680.27318,25205589521.772884,26947158.50029257,17.6225,0.13576864,-0.63588891,2.87160847,3.50778579,-15.84888951,-16.31355789,1304418696870.688,58.949,1365497327297.0,,2026-07-24T12:11:00.000Z,,,,,
2026-07-24 14:13:52.062766,1027.0,Ethereum,ETH,ethereum,True,120682712.41641597,120682712.41641597,,2015-08-07T00:00:00.000Z,12237.0,2.0,2026-07-24T12:12:00.000Z,,,,,227234321577.5,"['pos', 'smart-contracts', 'ethereum-ecosystem', 'coinbase-ventures-portfolio', 'three-arrows-capital-portfolio', 'polychain-capital-portfolio', 'binance-labs-portfolio', 'blockchain-capital-portfolio', 'boostvc-portfolio', 'cms-holdings-portfolio', 'dcg-portfolio', 'dragonfly-capital-portfolio', 'electric-capital-portfolio', 'fabric-ventures-portfolio', 'framework-ventures-portfolio', 'hashkey-capital-portfolio', 'kenetic-capital-portfolio', 'huobi-capital-portfolio', 'alameda-research-portfolio', 'a16z-portfolio', '1confirmation-portfolio', 'winklevoss-capital-portfolio', 'usv-portfolio', 'placeholder-ventures-portfolio', 'pantera-capital-portfolio', 'multicoin-capital-portfolio', 'paradigm-portfolio', 'ethereum-pow-ecosystem', 'layer-1', 'ftx-bankruptcy-estate', 'sora-ecosystem', 'rsk-rbtc-ecosystem', 'world-liberty-financial-portfolio', 'us-strategic-crypto-reserve', 'binance-ecosystem', 'binance-listing', 'abstract-chain-ecosystem', 'unichain-ecosystem', 'soneium-ecosystem', 'sophon-ecosystem', 'sec-cftc-token-taxonomy', 'sec-cftc-digital-commodities', 'anubis-ecosystem', 'robinhood-ecosystem']",1882.9069800273403,10027928519.344982,9944944352.016,82984167.32898174,5.4492,0.15556796,-2.05783738,2.58720814,12.2863634,-10.88731718,-18.69575832,227234321577.5018,10.2727,227234321577.5,,2026-07-24T12:12:00.000Z,,,,,
2026-07-24 14:13:52.062766,825.0,Tether USDt,USDT,tether,True,184156916986.16385,189106724037.45197,,2015-02-25T00:00:00.000Z,191306.0,3.0,2026-07-24T12:12:00.000Z,,,,,188947538098.23,"['stablecoin', 'asset-backed-stablecoin', 'usd-stablecoin', 'ethereum-pow-ecosystem', 'fiat-stablecoin', 'tron20-ecosystem', 'rsk-rbtc-ecosystem', 'venom-ecosystem', 'world-liberty-financial-portfolio', 'binance-ecosystem', 'binance-listing', 'peaq-ecosystem', 'etherlink-ecosystem', 'duckchain-ecosystem', 'onus-ecosystem', 'sophon-ecosystem', 'xlayer-ecosystem']",0.9991582216865328,52532721606.39046,51044679656.634056,1488041949.7564476,8.3101,-0.01114318,-0.03300698,0.01271329,0.04732049,0.00756009,-0.09541341,184001897687.16992,8.3173,188947538098.23,,2026-07-24T12:12:00.000Z,1027.0,ethereum,Ethereum,ETH,0xdac17f958d2ee523a2206206994597c13d831ec7
2026-07-24 14:13:52.062766,1839.0,BNB,BNB,bnb,False,133165746.73,133165746.73,133165747.53,2017-07-25T00:00:00.000Z,3316.0,4.0,2026-07-24T12:13:00.000Z,,,,,75367791945.5,"['marketplace', 'centralized-exchange', 'payments', 'smart-contracts', 'alameda-research-portfolio', 'multicoin-capital-portfolio', 'bnb-chain-ecosystem', 'layer-1', 'alleged-sec-securities', 'celsius-bankruptcy-estate', 'binance-ecosystem', 'binance-listing', 'etherlink-ecosystem', 'made-in-china']",565.969806772567,926973415.8464906,904630232.1726644,22343183.67382631,-1.2721,-0.00222788,-0.61670541,0.40451729,-2.19040572,-14.59486329,-10.84006192,75367791945.5027,3.4068,75367792398.28,,2026-07-24T12:13:00.000Z,,,,,
2026-07-24 14:13:52.062766,3408.0,USDC,USDC,usd-coin,False,72978910168.95134,72978910168.95134,,2018-10-08T00:00:00.000Z,41807.0,5.0,2026-07-24T12:12:00.000Z,,,60901219650.23,60896208759.00158,72972905537.47,"['medium-of-exchange', 'stablecoin', 'asset-backed-stablecoin', 'stellar-ecosystem', 'coinbase-ventures-portfolio', 'usd-stablecoin', 'xdc-ecosystem', 'ethereum-pow-ecosystem', 'fiat-stablecoin', 'tron20-ecosystem', 'venom-ecosystem', 'made-in-america', 'world-liberty-financial-portfolio', 'sonic-ecosystem', 'binance-ecosystem', 'binance-listing', 'hyperevm-ecosystem', 'etherlink-ecosystem', 'unichain-ecosystem', 'vector-smart-chain-ecosystem', 'sophon-ecosystem', 'monad-ecosystem', 'xlayer-ecosystem']",0.9999177210036646,10129242309.073017,8828529923.822433,1300712385.2505841,8.8587,-0.00334049,-0.00196691,0.00313297,0.01077138,0.01428343,0.01199131,72972905537.46898,3.2969,72972905537.47,,2026-07-24T12:12:00.000Z,1027.0,ethereum,Ethereum,ETH,0xa0b86991c6218b36c1d19d4a2e9eb0ce3606eb48
2026-07-24 14:13:52.062766,52.0,XRP,XRP,xrp,False,62466503703.0,99985639695.0,100000000000.0,2013-08-04T00:00:00.000Z,1851.0,6.0,2026-07-24T12:12:00.000Z,,,,,110251764032.74,"['medium-of-exchange', 'enterprise-solutions', 'xrp-ecosystem', 'solana-ecosystem', 'arrington-xrp-capital-portfolio', 'galaxy-digital-portfolio', 'a16z-portfolio', 'pantera-capital-portfolio', 'ftx-bankruptcy-estate', '2017-2018-alt-season', 'klaytn-ecosystem', 'made-in-america', 'us-strategic-crypto-reserve', 'binance-ecosystem', 'binance-listing', 'iso-20022', 'sec-cftc-token-taxonomy', 'sec-cftc-digital-commodities']",1.10267598796241,1119482735.6646357,1118716073.4116127,766662.2530229,19.4259,-0.2403162,-2.56336099,1.89941727,0.85961119,-18.6859206,-22.9285509,68880313685.26306,3.1139,110267598796.24,,2026-07-24T12:12:00.000Z,,,,,
2026-07-24 14:13:52.062766,5426.0,Solana,SOL,solana,True,582864861.9342287,630867516.9633151,,2020-04-10T00:00:00.000Z,1147.0,7.0,2026-07-24T12:11:00.000Z,,,525236893.3,39442568345.10813,47374880690.88,"['pos', 'platform', 'solana-ecosystem', 'cms-holdings-portfolio', 'kenetic-capital-portfolio', 'alameda-research-portfolio', 'multicoin-capital-portfolio', 'okx-ventures-portfolio', 'layer-1', 'ftx-bankruptcy-estate', 'alleged-sec-securities', 'cmc-crypto-awards-2024', 'made-in-america', 'us-strategic-crypto-reserve', 'binance-ecosystem', 'binance-listing', 'sec-cftc-token-taxonomy', 'sec-cftc-digital-commodities', 'coinlist-launchpad']",75.09481692593076,1634442263.165592,1634371622.741772,70640.42381982,4.4931,-0.33704203,-3.19794083,0.5550326,7.71031651,-12.40359877,-13.07261967,43770130099.50881,1.9785,47374880690.88,,2026-07-24T12:11:00.000Z,,,,,
2026-07-24 14:13:52.062766,1958.0,TRON,TRX,tron,True,94878859029.26059,94878859501.95769,,2017-09-13T00:00:00.000Z,1352.0,8.0,2026-07-24T12:12:00.000Z,,,94667886298.43,31347206351.669037,31417065527.83,"['media', 'payments', 'tron-ecosystem', 'layer-1', 'dwf-labs-portfolio', 'alleged-sec-securities', '2017-2018-alt-season', 'tron20-ecosystem', 'world-liberty-financial-portfolio', 'binance-ecosystem', 'binance-listing', 'made-in-china']",0.3311281953930021,453673833.9218598,453588596.20450485,85237.71735492,21.1923,-0.07772442,1.22089353,2.68714508,0.05049823,-9.58753716,2.5747923,31417065371.3061,1.4198,31417065527.83,,2026-07-24T12:12:00.000Z,,,,,
2026-07-24 14:13:52.062766,32196.0,Hyperliquid,HYPE,hyperliquid,False,252727609.92386654,953084179.5974618,953084878.0666131,2024-07-15T10:14:50.000Z,293.0,9.0,2026-07-24T12:12:00.000Z,,,333931719.0,19495911119.87203,55643843929.63,"['decentralized-exchange-dex-token', 'defi', 'derivatives', 'layer-1', 'hyperliquid-ecosystem', 'binance-ecosystem', 'binance-listing', 'perpetuals']",58.3829268398191,347020076.3271213,299937502.8978312,47082573.42929011,-6.9698,-0.05368456,-1.46027531,-2.63047757,-6.50169119,-8.16432063,40.26902064,14754977560.587439,0.6666,55643884708.3,,2026-07-24T12:12:00.000Z,32196.0,hyperliquid,Hyperliquid,HYPE,0x0d01dc56dcaaca66ad901c959b4011ec
2026-07-24 14:13:52.062766,74.0,Dogecoin,DOGE,dogecoin,True,155202516383.70523,155202516383.70523,,2013-12-15T00:00:00.000Z,1456.0,10.0,2026-07-24T12:12:00.000Z,,,,,10765765310.5,"['mineable', 'pow', 'scrypt', 'medium-of-exchange', 'memes', 'payments', 'doggone-doggerel', 'doge-chain-ecosystem', 'osmosis-ecosystem', 'ftx-bankruptcy-estate', 'animal-memes', 'made-in-america', 'binance-ecosystem', 'binance-listing', 'sec-cftc-token-taxonomy', 'sec-cftc-digital-commodities']",0.06936591984041982,935590865.910601,935223036.7854987,367829.12510222,87.5381,-0.60655811,-4.02246759,-3.47189213,-12.04476679,-32.47066007,-29.17505273,10765765310.50354,0.4866,10765765310.5,,2026-07-24T12:12:00.000Z,,,,,
2026-07-24 14:13:52.062766,3957.0,UNUS SED LEO,LEO,unus-sed-leo,False,920129382.9,985239504.0,,2019-05-21T00:00:00.000Z,69.0,11.0,2026-07-24T12:13:00.000Z,,,,,9457328188.45,"['marketplace', 'centralized-exchange', 'discount-token', 'payments', 'ethereum-ecosystem', 'kenetic-capital-portfolio', 'alameda-research-portfolio']",9.599014402135897,577329.07851256,577329.07851256,0.0,180.1017,-0.00637077,-1.31264667,-2.02234711,0.79624908,-4.55709794,-6.36986804,8832335198.285515,0.3992,9457328188.45,,2026-07-24T12:13:00.000Z,1027.0,ethereum,Ethereum,ETH,0x2af5d2ad76741191d15dfe7bf6ac92d4bd912ca3
2026-07-24 14:13:52.062766,1437.0,Zcash,ZEC,zcash,False,16786844.4155448,16786844.4155448,21000000.0,2016-10-29T00:00:00.000Z,630.0,12.0,2026-07-24T12:12:00.000Z,,,,,8424237062.49,"['mineable', 'pow', 'equihash', 'medium-of-exchange', 'privacy', 'zero-knowledge-proofs', 'quantum-resistant', 'binance-chain', 'boostvc-portfolio', 'dcg-portfolio', 'electric-capital-portfolio', 'fenbushi-capital-portfolio', 'hashkey-capital-portfolio', 'winklevoss-capital-portfolio', 'placeholder-ventures-portfolio', 'pantera-capital-portfolio', 'layer-1', 'standard-crypto-portfolio', '2017-2018-alt-season', 'made-in-america', 'binance-ecosystem', 'binance-listing', 'privacy-coins']",501.83565498995034,401249781.6591342,369627070.5201262,31622711.13900804,13.2049,0.43343848,-2.86543956,-6.11349714,19.67640832,-25.41522598,40.44574473,8424237062.489315,0.3807,10538548754.79,,2026-07-24T12:12:00.000Z,,,,,
2026-07-24 14:13:52.062766,328.0,Monero,XMR,monero,True,18782099.14058,18782099.14058,,2014-05-21T00:00:00.000Z,372.0,13.0,2026-07-24T12:12:00.000Z,,,,,6602277787.69,"['mineable', 'pow', 'medium-of-exchange', 'privacy', 'ringct', 'boostvc-portfolio', 'electric-capital-portfolio', 'galaxy-digital-portfolio', 'layer-1', '2017-2018-alt-season', 'binance-ecosystem', 'binance-listing', 'privacy-coins']",351.51969640206585,101460645.65229817,101460645.65229817,0.0,48.3884,-0.53107127,1.34351897,8.55955983,8.34988481,-9.06333433,-5.15206874,6602277787.690184,0.2984,6602277787.69,,2026-07-24T12:12:00.000Z,,,,,
2026-07-24 14:13:52.062766,1975.0,Chainlink,LINK,chainlink,False,748099970.424884,1000000000.0,1000000000.0,2017-09-20T00:00:00.000Z,2259.0,14.0,2026-07-24T12:12:00.000Z,,,,,8446999895.09,"['platform', 'cosmos-ecosystem', 'defi', 'privacy', 'interoperability', 'iot', 'oracles', 'smart-contracts', 'ethereum-ecosystem', 'tron-ecosystem', 'polkadot', 'polkadot-ecosystem', 'heco-ecosystem', 'avalanche-ecosystem', 'solana-ecosystem', 'framework-ventures-portfolio', 'hedera-hashgraph-ecosystem', 'polygon-ecosystem', 'fantom-ecosystem', 'cardano-ecosystem', 'terra-ecosystem', 'web3', 'near-protocol-ecosystem', 'arbitrum-ecosystem', 'celo-ecosystem', 'defi-2', 'cross-chain', 'cronos-ecosystem', 'cardano', 'injective-ecosystem', 'bnb-chain-ecosystem', 'oasis-ecosystem', 'moonbeam-ecosystem', 'xdc-ecosystem', 'metisdao-ecosystem', 'velas-ecosystem', 'doge-chain-ecosystem', 'aptos-ecosystem', 'sui-ecosystem', 'optimism-ecosystem', 'bitcoin-ecosystem', 'real-world-assets-protocols', 'zksync-era-ecosystem', 'kadena-ecosystem', 'base-ecosystem', 'linea-ecosystem', 'sei-ecosystem', 'toncoin-ecosystem', 'paal-ecosystem', 'blast-ecosystem', 'atomicals-ecosystem', 'move-vm', 'eigenlayer-ecosystem', 'hyperliquid-ecosystem', 'gnosis-chain-ecosystem', 'ronin-ecosystem', 'astar-ecosystem', 'core-ecosystem', 'starknet-ecosystem', 'mantle-ecosystem', 'opbnb-ecosystem', 'scroll-ecosystem', 'merlin-ecosystem', 'b²-network-ecosystem', 'mode-ecosystem', 'world-chain-mainnet-ecosystem', 'made-in-america', 'btcfi', 'world-liberty-financial-portfolio', 'corn-ecosystem', 'bonk-fun-ecosystem', 'sonic-ecosystem', 'binance-ecosystem', 'binance-listing', 'bittensor-ecosystem', 'hyperevm-ecosystem', 'etherlink-ecosystem', 'bera-chain-ecosystem', 'abstract-chain-ecosystem', 'unichain-ecosystem', 'soneium-ecosystem', 'fraxtal-ecosystem', 'monad-ecosystem', 'hashkey-chain-ecosystem', 'wlfi-ecosystem', 'plasma-ecosystem', 'x402-ecosystem', 'iso-20022', 'megaeth-ecosystem', 'sec-cftc-token-taxonomy', 'sec-cftc-digital-commodities', 'robinhood-ecosystem']",8.446999895092311,190411962.7970625,185338457.8070544,5073504.99000804,-4.3391,-0.19799248,-2.03898263,3.20193627,10.89088235,-11.34620273,-10.03402531,6319200371.697556,0.2856,8446999895.09,,2026-07-24T12:12:00.000Z,1027.0,ethereum,Ethereum,ETH,0x514910771af9ca656af840dff83e8264ecf986ca
2026-07-24 14:13:52.062766,512.0,Stellar,XLM,stellar,False,34174900114.233486,50001786839.912476,50001806812.0,2014-08-05T00:00:00.000Z,827.0,15.0,2026-07-24T12:12:00.000Z,,,31531408660.0,5750379778.711941,9118820761.99,"['medium-of-exchange', 'enterprise-solutions', 'decentralized-exchange-dex-token', 'defi', 'smart-contracts', 'hashkey-capital-portfolio', 'real-world-assets-protocols', '2017-2018-alt-season', 'made-in-america', 'binance-ecosystem', 'binance-listing', 'iso-20022', 'sec-cftc-token-taxonomy', 'sec-cftc-digital-commodities']",0.18236989792361344,124944606.47578843,124793890.69214332,150715.7836451,-12.0894,-0.11418208,-1.2140572,-0.75639829,-4.96260514,21.01457549,5.881498,6232473045.382446,0.2818,9118824404.3,,2026-07-24T12:12:00.000Z,,,,,
2026-07-24 14:13:52.062766,2010.0,Cardano,ADA,cardano,False,36489899411.97189,44993202652.386566,45000000000.0,2017-10-01T00:00:00.000Z,1718.0,16.0,2026-07-24T12:12:00.000Z,,,37997904336.0,6310608160.877713,7472371879.55,"['dpos', 'pos', 'platform', 'research', 'smart-contracts', 'staking', 'cardano-ecosystem', 'cardano', 'layer-1', 'alleged-sec-securities', '2017-2018-alt-season', 'made-in-america', 'us-strategic-crypto-reserve', 'binance-ecosystem', 'binance-listing', 'iso-20022', 'sec-cftc-token-taxonomy', 'sec-cftc-digital-commodities']",0.16607779484562027,234017672.84210464,233153872.4917243,863800.35038044,-15.5205,-0.2229368,-4.81626717,3.45248251,12.08319479,-32.08893379,-34.03495535,6060162028.478788,0.2739,7473500768.05,,2026-07-24T12:12:00.000Z,,,,,
2026-07-24 14:13:52.062766,37263.0,Canton,CC,canton-network,True,39145141881.92199,39145141881.92199,,2025-07-08T04:07:45.000Z,108.0,17.0,2026-07-24T12:12:00.000Z,,,39145141881.92,4684921127.105878,4684921127.11,"['proof-of-authority', 'store-of-value', 'enterprise-solutions', 'privacy', 'interoperability', 'scaling', 'smart-contracts', 'layer-1', 'binance-ecosystem', 'binance-listing', 'privacy-blockchain']",0.11968078034402799,12479749.89958139,10410910.57886952,2068839.32071187,6.3739,-0.34432729,-0.46562459,-7.74347222,-20.46069442,-27.67741553,-21.18971404,4684921127.106115,0.2117,4684921127.11,,2026-07-24T12:12:00.000Z,,,,,
2026-07-24 14:13:52.062766,4943.0,Dai,DAI,multi-collateral-dai,True,4647076141.403908,4647076141.403908,,2019-11-22T00:00:00.000Z,3771.0,18.0,2026-07-24T12:12:00.000Z,,,,,4646348022.55,"['defi', 'stablecoin', 'asset-backed-stablecoin', 'usd-stablecoin', 'xlayer-ecosystem', 'anubis-ecosystem']",0.9998433167805905,37010666.47890818,380483.61652185,36630182.86238632,8.7318,-0.00418017,0.03619549,0.00895897,0.02666186,0.0256376,0.01260397,4646348022.553231,0.21,4646348022.55,,2026-07-24T12:12:00.000Z,1027.0,ethereum,Ethereum,ETH,0x6b175474e89094c44da98b954eedeac495271d0f
2026-07-24 14:13:52.062766,1831.0,Bitcoin Cash,BCH,bitcoin-cash,False,20065618.75,20065618.75,21000000.0,2017-07-23T00:00:00.000Z,1173.0,19.0,2026-07-24T12:12:00.000Z,,,,,4213984951.81,"['mineable', 'pow', 'sha-256', 'marketplace', 'medium-of-exchange', 'store-of-value', 'enterprise-solutions', 'payments', 'layer-1', '2017-2018-alt-season', 'made-in-america', 'binance-ecosystem', 'binance-listing', 'sec-cftc-token-taxonomy', 'sec-cftc-digital-commodities']",210.01021719344308,99124846.35020079,99118320.24135812,6526.10884267,24.4101,-0.0963769,-2.87047299,-3.82074611,8.36842469,-39.88114309,-53.70762054,4213984951.808324,0.1905,4410214561.06,,2026-07-24T12:12:00.000Z,,,,,
2026-07-24 14:13:52.062766,36148.0,World Liberty Financial USD,USD1,usd1,False,4152511634.4574523,4152511634.4574523,,2025-04-13T05:37:56.000Z,1229.0,20.0,2026-07-24T12:12:00.000Z,,,,,4147245638.11,"['stablecoin', 'asset-backed-stablecoin', 'usd-stablecoin', 'tron20-ecosystem', 'made-in-america', 'world-liberty-financial-portfolio', 'binance-ecosystem', 'binance-listing', 'wlfi-ecosystem']",0.9987318527162753,945485984.170863,908440889.5820392,37045094.58882382,38.4457,-0.01763356,-0.04325915,-0.02143601,-0.04610715,-0.02529719,-0.1001525,4147245638.1075797,0.1874,4147245638.11,,2026-07-24T12:12:00.000Z,1027.0,ethereum,Ethereum,ETH,0x8d0D000Ee44948FC98c9B98A4FA4921476f08B0d
2026-07-24 14:14:52.234572,1.0,Bitcoin,BTC,bitcoin,False,20060671.0,20060671.0,21000000.0,2010-07-13T00:00:00.000Z,12673.0,1.0,2026-07-24T12:12:00.000Z,,,,,1304784998858.93,"['mineable', 'pow', 'sha-256', 'store-of-value', 'state-channel', 'coinbase-ventures-portfolio', 'three-arrows-capital-portfolio', 'polychain-capital-portfolio', 'binance-labs-portfolio', 'blockchain-capital-portfolio', 'boostvc-portfolio', 'cms-holdings-portfolio', 'dcg-portfolio', 'dragonfly-capital-portfolio', 'electric-capital-portfolio', 'fabric-ventures-portfolio', 'framework-ventures-portfolio', 'galaxy-digital-portfolio', 'huobi-capital-portfolio', 'alameda-research-portfolio', 'a16z-portfolio', '1confirmation-portfolio', 'winklevoss-capital-portfolio', 'usv-portfolio', 'placeholder-ventures-portfolio', 'pantera-capital-portfolio', 'multicoin-capital-portfolio', 'paradigm-portfolio', 'bitcoin-ecosystem', 'layer-1', 'ftx-bankruptcy-estate', '2017-2018-alt-season', 'us-strategic-crypto-reserve', 'binance-ecosystem', 'binance-listing', 'sec-cftc-token-taxonomy', 'sec-cftc-digital-commodities']",65041.94195991411,25230775570.243237,25203828748.798866,26946821.44436864,17.5983,0.1491514,-0.67038173,2.89692857,3.5922717,-15.85082234,-16.28194317,1304784998858.9321,58.9655,1365880781158.2,,2026-07-24T12:12:00.000Z,,,,,
2026-07-24 14:14:52.234572,1027.0,Ethereum,ETH,ethereum,True,120682712.41641597,120682712.41641597,,2015-08-07T00:00:00.000Z,12237.0,2.0,2026-07-24T12:13:00.000Z,,,,,227156208114.16,"['pos', 'smart-contracts', 'ethereum-ecosystem', 'coinbase-ventures-portfolio', 'three-arrows-capital-portfolio', 'polychain-capital-portfolio', 'binance-labs-portfolio', 'blockchain-capital-portfolio', 'boostvc-portfolio', 'cms-holdings-portfolio', 'dcg-portfolio', 'dragonfly-capital-portfolio', 'electric-capital-portfolio', 'fabric-ventures-portfolio', 'framework-ventures-portfolio', 'hashkey-capital-portfolio', 'kenetic-capital-portfolio', 'huobi-capital-portfolio', 'alameda-research-portfolio', 'a16z-portfolio', '1confirmation-portfolio', 'winklevoss-capital-portfolio', 'usv-portfolio', 'placeholder-ventures-portfolio', 'pantera-capital-portfolio', 'multicoin-capital-portfolio', 'paradigm-portfolio', 'ethereum-pow-ecosystem', 'layer-1', 'ftx-bankruptcy-estate', 'sora-ecosystem', 'rsk-rbtc-ecosystem', 'world-liberty-financial-portfolio', 'us-strategic-crypto-reserve', 'binance-ecosystem', 'binance-listing', 'abstract-chain-ecosystem', 'unichain-ecosystem', 'soneium-ecosystem', 'sophon-ecosystem', 'sec-cftc-token-taxonomy', 'sec-cftc-digital-commodities', 'anubis-ecosystem', 'robinhood-ecosystem']",1882.259716953926,10169154456.321669,10086375268.325542,82779187.99612232,6.9011,0.07475587,-2.08159273,2.59942173,12.27277996,-10.92005215,-18.72963449,227156208114.15518,10.2627,227156208114.16,,2026-07-24T12:13:00.000Z,,,,,
2026-07-24 14:14:52.234572,825.0,Tether USDt,USDT,tether,True,184156916986.16385,189106724037.45197,,2015-02-25T00:00:00.000Z,191306.0,3.0,2026-07-24T12:13:00.000Z,,,,,188948619274.53,"['stablecoin', 'asset-backed-stablecoin', 'usd-stablecoin', 'ethereum-pow-ecosystem', 'fiat-stablecoin', 'tron20-ecosystem', 'rsk-rbtc-ecosystem', 'venom-ecosystem', 'world-liberty-financial-portfolio', 'binance-ecosystem', 'binance-listing', 'peaq-ecosystem', 'etherlink-ecosystem', 'duckchain-ecosystem', 'onus-ecosystem', 'sophon-ecosystem', 'xlayer-ecosystem']",0.9991639389676485,52651228801.69088,51162561349.69522,1488667451.9957592,9.925,-0.0173428,-0.03741985,0.00815408,0.05068418,0.00995393,-0.09340152,184002950564.03372,8.3173,188948619274.53,,2026-07-24T12:13:00.000Z,1027.0,ethereum,Ethereum,ETH,0xdac17f958d2ee523a2206206994597c13d831ec7
2026-07-24 14:14:52.234572,1839.0,BNB,BNB,bnb,False,133165746.73,133165746.73,133165747.53,2017-07-25T00:00:00.000Z,3316.0,4.0,2026-07-24T12:13:00.000Z,,,,,75367791945.5,"['marketplace', 'centralized-exchange', 'payments', 'smart-contracts', 'alameda-research-portfolio', 'multicoin-capital-portfolio', 'bnb-chain-ecosystem', 'layer-1', 'alleged-sec-securities', 'celsius-bankruptcy-estate', 'binance-ecosystem', 'binance-listing', 'etherlink-ecosystem', 'made-in-china']",565.969806772567,926973415.8464906,904630232.1726644,22343183.67382631,-1.2721,-0.00222788,-0.61670541,0.40451729,-2.19040572,-14.59486329,-10.84006192,75367791945.5027,3.4068,75367792398.28,,2026-07-24T12:13:00.000Z,,,,,
2026-07-24 14:14:52.234572,3408.0,USDC,USDC,usd-coin,False,72978910168.95134,72978910168.95134,,2018-10-08T00:00:00.000Z,41807.0,5.0,2026-07-24T12:12:00.000Z,,,60901219650.23,60896208759.00158,72972905537.47,"['medium-of-exchange', 'stablecoin', 'asset-backed-stablecoin', 'stellar-ecosystem', 'coinbase-ventures-portfolio', 'usd-stablecoin', 'xdc-ecosystem', 'ethereum-pow-ecosystem', 'fiat-stablecoin', 'tron20-ecosystem', 'venom-ecosystem', 'made-in-america', 'world-liberty-financial-portfolio', 'sonic-ecosystem', 'binance-ecosystem', 'binance-listing', 'hyperevm-ecosystem', 'etherlink-ecosystem', 'unichain-ecosystem', 'vector-smart-chain-ecosystem', 'sophon-ecosystem', 'monad-ecosystem', 'xlayer-ecosystem']",0.9999177210036646,10129242309.073017,8828529923.822433,1300712385.2505841,8.8587,-0.00334049,-0.00196691,0.00313297,0.01077138,0.01428343,0.01199131,72972905537.46898,3.2969,72972905537.47,,2026-07-24T12:12:00.000Z,1027.0,ethereum,Ethereum,ETH,0xa0b86991c6218b36c1d19d4a2e9eb0ce3606eb48
2026-07-24 14:14:52.234572,52.0,XRP,XRP,xrp,False,62466503703.0,99985639695.0,100000000000.0,2013-08-04T00:00:00.000Z,1851.0,6.0,2026-07-24T12:13:00.000Z,,,,,110300414769.88,"['medium-of-exchange', 'enterprise-solutions', 'xrp-ecosystem', 'solana-ecosystem', 'arrington-xrp-capital-portfolio', 'galaxy-digital-portfolio', 'a16z-portfolio', 'pantera-capital-portfolio', 'ftx-bankruptcy-estate', '2017-2018-alt-season', 'klaytn-ecosystem', 'made-in-america', 'us-strategic-crypto-reserve', 'binance-ecosystem', 'binance-listing', 'iso-20022', 'sec-cftc-token-taxonomy', 'sec-cftc-digital-commodities']",1.103162565207823,1119831449.1766279,1119065867.2494872,765581.92714068,19.5409,-0.16944506,-2.52877183,1.95367673,0.90603818,-18.64986338,-22.89480954,68910708464.56546,3.1133,110316256520.78,,2026-07-24T12:13:00.000Z,,,,,
2026-07-24 14:14:52.234572,5426.0,Solana,SOL,solana,True,582864861.9342287,630867516.9633151,,2020-04-10T00:00:00.000Z,1147.0,7.0,2026-07-24T12:13:00.000Z,,,525236893.3,39462356255.59538,47398648156.78,"['pos', 'platform', 'solana-ecosystem', 'cms-holdings-portfolio', 'kenetic-capital-portfolio', 'alameda-research-portfolio', 'multicoin-capital-portfolio', 'okx-ventures-portfolio', 'layer-1', 'ftx-bankruptcy-estate', 'alleged-sec-securities', 'cmc-crypto-awards-2024', 'made-in-america', 'us-strategic-crypto-reserve', 'binance-ecosystem', 'binance-listing', 'sec-cftc-token-taxonomy', 'sec-cftc-digital-commodities', 'coinlist-launchpad']",75.13249118442187,1634834440.7056592,1634763785.9039147,70654.80174455,4.4966,-0.29806734,-3.1602207,0.63855053,7.70945863,-12.37501232,-13.00922108,43792089100.982704,1.9795,47398648156.78,,2026-07-24T12:13:00.000Z,,,,,
2026-07-24 14:14:52.234572,1958.0,TRON,TRX,tron,True,94878859029.26059,94878859501.95769,,2017-09-13T00:00:00.000Z,1352.0,8.0,2026-07-24T12:13:00.000Z,,,94667886298.43,31345162490.793156,31415017112.08,"['media', 'payments', 'tron-ecosystem', 'layer-1', 'dwf-labs-portfolio', 'alleged-sec-securities', '2017-2018-alt-season', 'tron20-ecosystem', 'world-liberty-financial-portfolio', 'binance-ecosystem', 'binance-listing', 'made-in-china']",0.3311066055914781,453597930.18483937,453512694.10467994,85236.0801594,21.2583,-0.10110374,1.20514281,2.67992804,0.04324693,-9.59365691,2.56979775,31415016955.570835,1.4197,31415017112.08,,2026-07-24T12:13:00.000Z,,,,,
2026-07-24 14:14:52.234572,32196.0,Hyperliquid,HYPE,hyperliquid,False,252727609.92386654,953084179.5974618,953084878.0666131,2024-07-15T10:14:50.000Z,293.0,9.0,2026-07-24T12:13:00.000Z,,,333931719.0,19486792540.44197,55617818328.28,"['decentralized-exchange-dex-token', 'defi', 'derivatives', 'layer-1', 'hyperliquid-ecosystem', 'binance-ecosystem', 'binance-listing', 'perpetuals']",58.35562012137568,347748667.26711863,300555865.4215813,47192801.84553728,-6.7075,-0.09722529,-1.56733441,-2.62988947,-6.54679228,-8.21303886,40.19766646,14748076398.90037,0.6663,55617859087.88,,2026-07-24T12:13:00.000Z,32196.0,hyperliquid,Hyperliquid,HYPE,0x0d01dc56dcaaca66ad901c959b4011ec
2026-07-24 14:14:52.234572,74.0,Dogecoin,DOGE,dogecoin,True,155202516383.70523,155202516383.70523,,2013-12-15T00:00:00.000Z,1456.0,10.0,2026-07-24T12:13:00.000Z,,,,,10776589621.3,"['mineable', 'pow', 'scrypt', 'medium-of-exchange', 'memes', 'payments', 'doggone-doggerel', 'doge-chain-ecosystem', 'osmosis-ecosystem', 'ftx-bankruptcy-estate', 'animal-memes', 'made-in-america', 'binance-ecosystem', 'binance-listing', 'sec-cftc-token-taxonomy', 'sec-cftc-digital-commodities']",0.06943566298019793,935461507.1538427,935093441.2243286,368065.92951386,87.3979,-0.50490834,-3.95181956,-3.37335012,-11.95837043,-32.40234885,-29.1065893,10776589621.297604,0.4871,10776589621.3,,2026-07-24T12:13:00.000Z,,,,,
2026-07-24 14:14:52.234572,3957.0,UNUS SED LEO,LEO,unus-sed-leo,False,920129382.9,985239504.0,,2019-05-21T00:00:00.000Z,69.0,11.0,2026-07-24T12:14:00.000Z,,,,,9457182883.17,"['marketplace', 'centralized-exchange', 'discount-token', 'payments', 'ethereum-ecosystem', 'kenetic-capital-portfolio', 'alameda-research-portfolio']",9.598866919943701,577319.49535193,577319.49535193,0.0,180.0981,-0.00724749,-1.31391962,-2.02282555,0.79205637,-4.5586157,-6.37146582,8832199495.58702,0.3991,9457182883.17,,2026-07-24T12:14:00.000Z,1027.0,ethereum,Ethereum,ETH,0x2af5d2ad76741191d15dfe7bf6ac92d4bd912ca3
2026-07-24 14:14:52.234572,1437.0,Zcash,ZEC,zcash,False,16786844.4155448,16786844.4155448,21000000.0,2016-10-29T00:00:00.000Z,630.0,12.0,2026-07-24T12:12:00.000Z,,,,,8424237062.49,"['mineable', 'pow', 'equihash', 'medium-of-exchange', 'privacy', 'zero-knowledge-proofs', 'quantum-resistant', 'binance-chain', 'boostvc-portfolio', 'dcg-portfolio', 'electric-capital-portfolio', 'fenbushi-capital-portfolio', 'hashkey-capital-portfolio', 'winklevoss-capital-portfolio', 'placeholder-ventures-portfolio', 'pantera-capital-portfolio', 'layer-1', 'standard-crypto-portfolio', '2017-2018-alt-season', 'made-in-america', 'binance-ecosystem', 'binance-listing', 'privacy-coins']",501.83565498995034,401249781.6591342,369627070.5201262,31622711.13900804,13.2049,0.43343848,-2.86543956,-6.11349714,19.67640832,-25.41522598,40.44574473,8424237062.489315,0.3807,10538548754.79,,2026-07-24T12:12:00.000Z,,,,,
2026-07-24 14:14:52.234572,328.0,Monero,XMR,monero,True,18782099.14058,18782099.14058,,2014-05-21T00:00:00.000Z,372.0,13.0,2026-07-24T12:13:00.000Z,,,,,6601230435.11,"['mineable', 'pow', 'medium-of-exchange', 'privacy', 'ringct', 'boostvc-portfolio', 'electric-capital-portfolio', 'galaxy-digital-portfolio', 'layer-1', '2017-2018-alt-season', 'binance-ecosystem', 'binance-listing', 'privacy-coins']",351.46393306187764,101388677.4312897,101388677.4312897,0.0,48.0263,-0.33364086,1.30361216,8.54885591,8.33982425,-9.06962407,-5.18540653,6601230435.106359,0.2983,6601230435.11,,2026-07-24T12:13:00.000Z,,,,,
2026-07-24 14:14:52.234572,1975.0,Chainlink,LINK,chainlink,False,748099970.424884,1000000000.0,1000000000.0,2017-09-20T00:00:00.000Z,2259.0,14.0,2026-07-24T12:13:00.000Z,,,,,8451022373.27,"['platform', 'cosmos-ecosystem', 'defi', 'privacy', 'interoperability', 'iot', 'oracles', 'smart-contracts', 'ethereum-ecosystem', 'tron-ecosystem', 'polkadot', 'polkadot-ecosystem', 'heco-ecosystem', 'avalanche-ecosystem', 'solana-ecosystem', 'framework-ventures-portfolio', 'hedera-hashgraph-ecosystem', 'polygon-ecosystem', 'fantom-ecosystem', 'cardano-ecosystem', 'terra-ecosystem', 'web3', 'near-protocol-ecosystem', 'arbitrum-ecosystem', 'celo-ecosystem', 'defi-2', 'cross-chain', 'cronos-ecosystem', 'cardano', 'injective-ecosystem', 'bnb-chain-ecosystem', 'oasis-ecosystem', 'moonbeam-ecosystem', 'xdc-ecosystem', 'metisdao-ecosystem', 'velas-ecosystem', 'doge-chain-ecosystem', 'aptos-ecosystem', 'sui-ecosystem', 'optimism-ecosystem', 'bitcoin-ecosystem', 'real-world-assets-protocols', 'zksync-era-ecosystem', 'kadena-ecosystem', 'base-ecosystem', 'linea-ecosystem', 'sei-ecosystem', 'toncoin-ecosystem', 'paal-ecosystem', 'blast-ecosystem', 'atomicals-ecosystem', 'move-vm', 'eigenlayer-ecosystem', 'hyperliquid-ecosystem', 'gnosis-chain-ecosystem', 'ronin-ecosystem', 'astar-ecosystem', 'core-ecosystem', 'starknet-ecosystem', 'mantle-ecosystem', 'opbnb-ecosystem', 'scroll-ecosystem', 'merlin-ecosystem', 'b²-network-ecosystem', 'mode-ecosystem', 'world-chain-mainnet-ecosystem', 'made-in-america', 'btcfi', 'world-liberty-financial-portfolio', 'corn-ecosystem', 'bonk-fun-ecosystem', 'sonic-ecosystem', 'binance-ecosystem', 'binance-listing', 'bittensor-ecosystem', 'hyperevm-ecosystem', 'etherlink-ecosystem', 'bera-chain-ecosystem', 'abstract-chain-ecosystem', 'unichain-ecosystem', 'soneium-ecosystem', 'fraxtal-ecosystem', 'monad-ecosystem', 'hashkey-chain-ecosystem', 'wlfi-ecosystem', 'plasma-ecosystem', 'x402-ecosystem', 'iso-20022', 'megaeth-ecosystem', 'sec-cftc-token-taxonomy', 'sec-cftc-digital-commodities', 'robinhood-ecosystem']",8.451022373270048,190311660.4636384,185240886.03260624,5070774.43103211,-4.4596,-0.14186957,-1.99544678,3.2662036,10.96100257,-11.30571348,-9.99497998,6322209587.503356,0.2858,8451022373.27,,2026-07-24T12:13:00.000Z,1027.0,ethereum,Ethereum,ETH,0x514910771af9ca656af840dff83e8264ecf986ca
2026-07-24 14:14:52.234572,512.0,Stellar,XLM,stellar,False,34174900114.233486,50001786839.912476,50001806812.0,2014-08-05T00:00:00.000Z,827.0,15.0,2026-07-24T12:14:00.000Z,,,31531408660.0,5753615876.842538,9123952492.41,"['medium-of-exchange', 'enterprise-solutions', 'decentralized-exchange-dex-token', 'defi', 'smart-contracts', 'hashkey-capital-portfolio', 'real-world-assets-protocols', '2017-2018-alt-season', 'made-in-america', 'binance-ecosystem', 'binance-listing', 'iso-20022', 'sec-cftc-token-taxonomy', 'sec-cftc-digital-commodities']",0.18247252886425716,124972676.54898924,124821642.69607924,151033.85291,-12.0562,-0.01485647,-1.18081324,-0.68575442,-4.9124485,21.08084063,5.93137259,6235980447.5275755,0.2817,9123956136.77,,2026-07-24T12:14:00.000Z,,,,,
2026-07-24 14:14:52.234572,2010.0,Cardano,ADA,cardano,False,36489899411.97189,44993202652.386566,45000000000.0,2017-10-01T00:00:00.000Z,1718.0,16.0,2026-07-24T12:13:00.000Z,,,37997904336.0,6314749124.436519,7477275181.87,"['dpos', 'pos', 'platform', 'research', 'smart-contracts', 'staking', 'cardano-ecosystem', 'cardano', 'layer-1', 'alleged-sec-securities', '2017-2018-alt-season', 'made-in-america', 'us-strategic-crypto-reserve', 'binance-ecosystem', 'binance-listing', 'iso-20022', 'sec-cftc-token-taxonomy', 'sec-cftc-digital-commodities']",0.166186773580926,234007538.44959497,233143909.9398469,863628.50974814,-15.5505,-0.13645795,-4.80444096,3.52190374,12.1412848,-32.04654003,-33.99255366,6064138651.568138,0.274,7478404811.14,,2026-07-24T12:13:00.000Z,,,,,
2026-07-24 14:14:52.234572,37263.0,Canton,CC,canton-network,True,39145141881.92199,39145141881.92199,,2025-07-08T04:07:45.000Z,108.0,17.0,2026-07-24T12:13:00.000Z,,,39145141881.92,4682537106.104672,4682537106.1,"['proof-of-authority', 'store-of-value', 'enterprise-solutions', 'privacy', 'interoperability', 'scaling', 'smart-contracts', 'layer-1', 'binance-ecosystem', 'binance-listing', 'privacy-blockchain']",0.11961987825282094,12485626.07851063,10413823.01307281,2071803.06543783,6.8234,-0.37446311,-0.49414205,-7.77817181,-20.48556229,-27.71828517,-21.23909135,4682537106.10491,0.2116,4682537106.1,,2026-07-24T12:13:00.000Z,,,,,
2026-07-24 14:14:52.234572,4943.0,Dai,DAI,multi-collateral-dai,True,4647076141.403908,4647076141.403908,,2019-11-22T00:00:00.000Z,3771.0,18.0,2026-07-24T12:13:00.000Z,,,,,4645814711.81,"['defi', 'stablecoin', 'asset-backed-stablecoin', 'usd-stablecoin', 'xlayer-ecosystem', 'anubis-ecosystem']",0.999728554136587,36999206.08532215,380498.68195522,36618707.40336693,8.9008,-0.01416495,0.02457223,-0.00067896,0.01841871,0.01475044,0.00105226,4645814711.808358,0.21,4645814711.81,,2026-07-24T12:13:00.000Z,1027.0,ethereum,Ethereum,ETH,0x6b175474e89094c44da98b954eedeac495271d0f
2026-07-24 14:14:52.234572,1831.0,Bitcoin Cash,BCH,bitcoin-cash,False,20065618.75,20065618.75,21000000.0,2017-07-23T00:00:00.000Z,1173.0,19.0,2026-07-24T12:13:00.000Z,,,,,4214458923.51,"['mineable', 'pow', 'sha-256', 'marketplace', 'medium-of-exchange', 'store-of-value', 'enterprise-solutions', 'payments', 'layer-1', '2017-2018-alt-season', 'made-in-america', 'binance-ecosystem', 'binance-listing', 'sec-cftc-token-taxonomy', 'sec-cftc-digital-commodities']",210.03383827913677,99156900.45298763,99150381.01005036,6519.44293727,24.5452,-0.06412738,-2.88056617,-3.80429836,8.38311002,-39.87371805,-53.70321932,4214458923.5083146,0.1905,4410710603.86,,2026-07-24T12:13:00.000Z,,,,,
2026-07-24 14:14:52.234572,36148.0,World Liberty Financial USD,USD1,usd1,False,4152511634.4574523,4152511634.4574523,,2025-04-13T05:37:56.000Z,1229.0,20.0,2026-07-24T12:12:00.000Z,,,,,4147245638.11,"['stablecoin', 'asset-backed-stablecoin', 'usd-stablecoin', 'tron20-ecosystem', 'made-in-america', 'world-liberty-financial-portfolio', 'binance-ecosystem', 'binance-listing', 'wlfi-ecosystem']",0.9987318527162753,945485984.170863,908440889.5820392,37045094.58882382,38.4457,-0.01763356,-0.04325915,-0.02143601,-0.04610715,-0.02529719,-0.1001525,4147245638.1075797,0.1874,4147245638.11,,2026-07-24T12:12:00.000Z,1027.0,ethereum,Ethereum,ETH,0x8d0D000Ee44948FC98c9B98A4FA4921476f08B0d
2026-07-24 14:15:52.400367,1.0,Bitcoin,BTC,bitcoin,False,20060671.0,20060671.0,21000000.0,2010-07-13T00:00:00.000Z,12673.0,1.0,2026-07-24T12:13:00.000Z,,,,,1304302117388.78,"['mineable', 'pow', 'sha-256', 'store-of-value', 'state-channel', 'coinbase-ventures-portfolio', 'three-arrows-capital-portfolio', 'polychain-capital-portfolio', 'binance-labs-portfolio', 'blockchain-capital-portfolio', 'boostvc-portfolio', 'cms-holdings-portfolio', 'dcg-portfolio', 'dragonfly-capital-portfolio', 'electric-capital-portfolio', 'fabric-ventures-portfolio', 'framework-ventures-portfolio', 'galaxy-digital-portfolio', 'huobi-capital-portfolio', 'alameda-research-portfolio', 'a16z-portfolio', '1confirmation-portfolio', 'winklevoss-capital-portfolio', 'usv-portfolio', 'placeholder-ventures-portfolio', 'pantera-capital-portfolio', 'multicoin-capital-portfolio', 'paradigm-portfolio', 'bitcoin-ecosystem', 'layer-1', 'ftx-bankruptcy-estate', '2017-2018-alt-season', 'us-strategic-crypto-reserve', 'binance-ecosystem', 'binance-listing', 'sec-cftc-token-taxonomy', 'sec-cftc-digital-commodities']",65017.870907148696,25248898846.298737,25222597102.047688,26301744.25104607,21.1729,0.08527455,-0.70370928,2.90889285,3.58939619,-15.8751587,-16.31842977,1304302117388.7815,58.9437,1365375289050.12,,2026-07-24T12:13:00.000Z,,,,,
2026-07-24 14:15:52.400367,1027.0,Ethereum,ETH,ethereum,True,120682712.41641597,120682712.41641597,,2015-08-07T00:00:00.000Z,12237.0,2.0,2026-07-24T12:15:00.000Z,,,,,227148625579.34,"['pos', 'smart-contracts', 'ethereum-ecosystem', 'coinbase-ventures-portfolio', 'three-arrows-capital-portfolio', 'polychain-capital-portfolio', 'binance-labs-portfolio', 'blockchain-capital-portfolio', 'boostvc-portfolio', 'cms-holdings-portfolio', 'dcg-portfolio', 'dragonfly-capital-portfolio', 'electric-capital-portfolio', 'fabric-ventures-portfolio', 'framework-ventures-portfolio', 'hashkey-capital-portfolio', 'kenetic-capital-portfolio', 'huobi-capital-portfolio', 'alameda-research-portfolio', 'a16z-portfolio', '1confirmation-portfolio', 'winklevoss-capital-portfolio', 'usv-portfolio', 'placeholder-ventures-portfolio', 'pantera-capital-portfolio', 'multicoin-capital-portfolio', 'paradigm-portfolio', 'ethereum-pow-ecosystem', 'layer-1', 'ftx-bankruptcy-estate', 'sora-ecosystem', 'rsk-rbtc-ecosystem', 'world-liberty-financial-portfolio', 'us-strategic-crypto-reserve', 'binance-ecosystem', 'binance-listing', 'abstract-chain-ecosystem', 'unichain-ecosystem', 'soneium-ecosystem', 'sophon-ecosystem', 'sec-cftc-token-taxonomy', 'sec-cftc-digital-commodities', 'anubis-ecosystem', 'robinhood-ecosystem']",1882.1968866225031,10168853121.127851,10086081168.869558,82771952.25828858,6.8618,0.11429896,-2.11941651,2.59615478,12.33592198,-10.91535258,-18.73542834,227148625579.33704,10.2624,227148625579.34,,2026-07-24T12:15:00.000Z,,,,,
2026-07-24 14:15:52.400367,825.0,Tether USDt,USDT,tether,True,184156916986.16385,189106724037.45197,,2015-02-25T00:00:00.000Z,191306.0,3.0,2026-07-24T12:14:00.000Z,,,,,188945848269.79,"['stablecoin', 'asset-backed-stablecoin', 'usd-stablecoin', 'ethereum-pow-ecosystem', 'fiat-stablecoin', 'tron20-ecosystem', 'rsk-rbtc-ecosystem', 'venom-ecosystem', 'world-liberty-financial-portfolio', 'binance-ecosystem', 'binance-listing', 'peaq-ecosystem', 'etherlink-ecosystem', 'duckchain-ecosystem', 'onus-ecosystem', 'sophon-ecosystem', 'xlayer-ecosystem']",0.9991492858412122,52671153311.147354,51185837278.91704,1485316032.2303948,9.9693,-0.01990546,-0.04158882,0.0123633,0.05108724,0.0078863,-0.10085163,184000252089.445,8.3145,188945848269.79,,2026-07-24T12:14:00.000Z,1027.0,ethereum,Ethereum,ETH,0xdac17f958d2ee523a2206206994597c13d831ec7
2026-07-24 14:15:52.400367,1839.0,BNB,BNB,bnb,False,133165746.73,133165746.73,133165747.53,2017-07-25T00:00:00.000Z,3316.0,4.0,2026-07-24T12:14:00.000Z,,,,,75361810543.83,"['marketplace', 'centralized-exchange', 'payments', 'smart-contracts', 'alameda-research-portfolio', 'multicoin-capital-portfolio', 'bnb-chain-ecosystem', 'layer-1', 'alleged-sec-securities', 'celsius-bankruptcy-estate', 'binance-ecosystem', 'binance-listing', 'etherlink-ecosystem', 'made-in-china']",565.9248898038686,926923477.1286902,904535131.8814894,22388345.24720059,-1.2858,-0.0062531,-0.62679622,0.38896883,-2.19638595,-14.66955169,-10.84303522,75361810543.82512,3.4054,75361810996.57,,2026-07-24T12:14:00.000Z,,,,,
2026-07-24 14:15:52.400367,3408.0,USDC,USDC,usd-coin,False,72978910168.95134,72978910168.95134,,2018-10-08T00:00:00.000Z,41807.0,5.0,2026-07-24T12:14:00.000Z,,,60901219650.23,60893319923.36113,72969443799.3,"['medium-of-exchange', 'stablecoin', 'asset-backed-stablecoin', 'stellar-ecosystem', 'coinbase-ventures-portfolio', 'usd-stablecoin', 'xdc-ecosystem', 'ethereum-pow-ecosystem', 'fiat-stablecoin', 'tron20-ecosystem', 'venom-ecosystem', 'made-in-america', 'world-liberty-financial-portfolio', 'sonic-ecosystem', 'binance-ecosystem', 'binance-listing', 'hyperevm-ecosystem', 'etherlink-ecosystem', 'unichain-ecosystem', 'vector-smart-chain-ecosystem', 'sophon-ecosystem', 'monad-ecosystem', 'xlayer-ecosystem']",0.9998702862288433,10121027099.775463,8821074112.601246,1299952987.174201,8.7717,-0.01192857,-0.02101139,0.00449173,0.01412885,0.01162623,0.0023146,72969443799.29842,3.2967,72969443799.3,,2026-07-24T12:14:00.000Z,1027.0,ethereum,Ethereum,ETH,0xa0b86991c6218b36c1d19d4a2e9eb0ce3606eb48
2026-07-24 14:15:52.400367,52.0,XRP,XRP,xrp,False,62466503703.0,99985639695.0,100000000000.0,2013-08-04T00:00:00.000Z,1851.0,6.0,2026-07-24T12:14:00.000Z,,,,,110306263947.37,"['medium-of-exchange', 'enterprise-solutions', 'xrp-ecosystem', 'solana-ecosystem', 'arrington-xrp-capital-portfolio', 'galaxy-digital-portfolio', 'a16z-portfolio', 'pantera-capital-portfolio', 'ftx-bankruptcy-estate', '2017-2018-alt-season', 'klaytn-ecosystem', 'made-in-america', 'us-strategic-crypto-reserve', 'binance-ecosystem', 'binance-listing', 'iso-20022', 'sec-cftc-token-taxonomy', 'sec-cftc-digital-commodities']",1.1032210653834686,1119851565.3439806,1119085983.41684,765581.92714068,19.5335,-0.16282901,-2.52666107,1.96288435,0.9162453,-18.65155518,-22.89235945,68914362766.00404,3.1135,110322106538.35,,2026-07-24T12:14:00.000Z,,,,,
2026-07-24 14:15:52.400367,5426.0,Solana,SOL,solana,True,582864861.9342287,630867516.9633151,,2020-04-10T00:00:00.000Z,1147.0,7.0,2026-07-24T12:13:00.000Z,,,525236893.3,39462356255.59538,47398648156.78,"['pos', 'platform', 'solana-ecosystem', 'cms-holdings-portfolio', 'kenetic-capital-portfolio', 'alameda-research-portfolio', 'multicoin-capital-portfolio', 'okx-ventures-portfolio', 'layer-1', 'ftx-bankruptcy-estate', 'alleged-sec-securities', 'cmc-crypto-awards-2024', 'made-in-america', 'us-strategic-crypto-reserve', 'binance-ecosystem', 'binance-listing', 'sec-cftc-token-taxonomy', 'sec-cftc-digital-commodities', 'coinlist-launchpad']",75.13249118442187,1634834440.7056592,1634763785.9039147,70654.80174455,4.4966,-0.29806734,-3.1602207,0.63855053,7.70945863,-12.37501232,-13.00922108,43792089100.982704,1.9795,47398648156.78,,2026-07-24T12:13:00.000Z,,,,,
2026-07-24 14:15:52.400367,1958.0,TRON,TRX,tron,True,94878859029.26059,94878859501.95769,,2017-09-13T00:00:00.000Z,1352.0,8.0,2026-07-24T12:14:00.000Z,,,94667886298.43,31345562905.13858,31415418418.78,"['media', 'payments', 'tron-ecosystem', 'layer-1', 'dwf-labs-portfolio', 'alleged-sec-securities', '2017-2018-alt-season', 'tron20-ecosystem', 'world-liberty-financial-portfolio', 'binance-ecosystem', 'binance-listing', 'made-in-china']",0.33111083526598634,453596938.17195946,453511702.09180003,85236.0801594,21.2504,-0.10082271,1.20643038,2.6838831,0.04635953,-9.59612509,2.57034035,31415418262.26224,1.4197,31415418418.78,,2026-07-24T12:14:00.000Z,,,,,
2026-07-24 14:15:52.400367,32196.0,Hyperliquid,HYPE,hyperliquid,False,252727609.92386654,953084179.5974618,953084878.0666131,2024-07-15T10:14:50.000Z,293.0,9.0,2026-07-24T12:14:00.000Z,,,333931719.0,19486051544.293148,55615703429.74,"['decentralized-exchange-dex-token', 'defi', 'derivatives', 'layer-1', 'hyperliquid-ecosystem', 'binance-ecosystem', 'binance-listing', 'perpetuals']",58.35340111639155,347779764.79604334,300586962.95050603,47192801.84553728,-6.7157,-0.10874449,-1.58336612,-2.63728973,-6.54805586,-8.28833337,40.22834583,14747515595.074322,0.6663,55615744187.79,,2026-07-24T12:14:00.000Z,32196.0,hyperliquid,Hyperliquid,HYPE,0x0d01dc56dcaaca66ad901c959b4011ec
2026-07-24 14:15:52.400367,74.0,Dogecoin,DOGE,dogecoin,True,155202516383.70523,155202516383.70523,,2013-12-15T00:00:00.000Z,1456.0,10.0,2026-07-24T12:14:00.000Z,,,,,10776845478.74,"['mineable', 'pow', 'scrypt', 'medium-of-exchange', 'memes', 'payments', 'doggone-doggerel', 'doge-chain-ecosystem', 'osmosis-ecosystem', 'ftx-bankruptcy-estate', 'animal-memes', 'made-in-america', 'binance-ecosystem', 'binance-listing', 'sec-cftc-token-taxonomy', 'sec-cftc-digital-commodities']",0.06943731151948446,935440965.5238422,935072899.5943282,368065.92951386,87.4075,-0.5020757,-3.96114987,-3.36867771,-11.95896545,-32.4038962,-29.1030785,10776845478.74323,0.487,10776845478.74,,2026-07-24T12:14:00.000Z,,,,,
2026-07-24 14:15:52.400367,3957.0,UNUS SED LEO,LEO,unus-sed-leo,False,920129382.9,985239504.0,,2019-05-21T00:00:00.000Z,69.0,11.0,2026-07-24T12:15:00.000Z,,,,,9457160917.29,"['marketplace', 'centralized-exchange', 'discount-token', 'payments', 'ethereum-ecosystem', 'kenetic-capital-portfolio', 'alameda-research-portfolio']",9.598844624986354,577348.47873668,577348.47873668,0.0,180.1111,-0.00767742,-1.31460841,-2.02376696,0.78517962,-4.55871513,-6.37315704,8832178981.341677,0.3991,9457160917.29,,2026-07-24T12:15:00.000Z,1027.0,ethereum,Ethereum,ETH,0x2af5d2ad76741191d15dfe7bf6ac92d4bd912ca3
2026-07-24 14:15:52.400367,1437.0,Zcash,ZEC,zcash,False,16786844.4155448,16786844.4155448,21000000.0,2016-10-29T00:00:00.000Z,630.0,12.0,2026-07-24T12:14:00.000Z,,,,,8420541311.53,"['mineable', 'pow', 'equihash', 'medium-of-exchange', 'privacy', 'zero-knowledge-proofs', 'quantum-resistant', 'binance-chain', 'boostvc-portfolio', 'dcg-portfolio', 'electric-capital-portfolio', 'fenbushi-capital-portfolio', 'hashkey-capital-portfolio', 'winklevoss-capital-portfolio', 'placeholder-ventures-portfolio', 'pantera-capital-portfolio', 'layer-1', 'standard-crypto-portfolio', '2017-2018-alt-season', 'made-in-america', 'binance-ecosystem', 'binance-listing', 'privacy-coins']",501.6154974147719,401417795.71848875,369790256.03603405,31627539.68245483,13.2469,0.31877744,-2.93831008,-6.07142479,19.67280197,-25.47728397,40.33296102,8420541311.527891,0.3805,10533925445.71,,2026-07-24T12:14:00.000Z,,,,,
2026-07-24 14:15:52.400367,328.0,Monero,XMR,monero,True,18782099.14058,18782099.14058,,2014-05-21T00:00:00.000Z,372.0,13.0,2026-07-24T12:14:00.000Z,,,,,6600669781.82,"['mineable', 'pow', 'medium-of-exchange', 'privacy', 'ringct', 'boostvc-portfolio', 'electric-capital-portfolio', 'galaxy-digital-portfolio', 'layer-1', '2017-2018-alt-season', 'binance-ecosystem', 'binance-listing', 'privacy-coins']",351.43408265554365,101389724.50207634,101389724.50207634,0.0,48.006,-0.2578214,1.33764967,8.51301218,8.32072232,-9.08231155,-5.19726346,6600669781.8152075,0.2983,6600669781.82,,2026-07-24T12:14:00.000Z,,,,,
2026-07-24 14:15:52.400367,1975.0,Chainlink,LINK,chainlink,False,748099970.424884,1000000000.0,1000000000.0,2017-09-20T00:00:00.000Z,2259.0,14.0,2026-07-24T12:14:00.000Z,,,,,8451744183.94,"['platform', 'cosmos-ecosystem', 'defi', 'privacy', 'interoperability', 'iot', 'oracles', 'smart-contracts', 'ethereum-ecosystem', 'tron-ecosystem', 'polkadot', 'polkadot-ecosystem', 'heco-ecosystem', 'avalanche-ecosystem', 'solana-ecosystem', 'framework-ventures-portfolio', 'hedera-hashgraph-ecosystem', 'polygon-ecosystem', 'fantom-ecosystem', 'cardano-ecosystem', 'terra-ecosystem', 'web3', 'near-protocol-ecosystem', 'arbitrum-ecosystem', 'celo-ecosystem', 'defi-2', 'cross-chain', 'cronos-ecosystem', 'cardano', 'injective-ecosystem', 'bnb-chain-ecosystem', 'oasis-ecosystem', 'moonbeam-ecosystem', 'xdc-ecosystem', 'metisdao-ecosystem', 'velas-ecosystem', 'doge-chain-ecosystem', 'aptos-ecosystem', 'sui-ecosystem', 'optimism-ecosystem', 'bitcoin-ecosystem', 'real-world-assets-protocols', 'zksync-era-ecosystem', 'kadena-ecosystem', 'base-ecosystem', 'linea-ecosystem', 'sei-ecosystem', 'toncoin-ecosystem', 'paal-ecosystem', 'blast-ecosystem', 'atomicals-ecosystem', 'move-vm', 'eigenlayer-ecosystem', 'hyperliquid-ecosystem', 'gnosis-chain-ecosystem', 'ronin-ecosystem', 'astar-ecosystem', 'core-ecosystem', 'starknet-ecosystem', 'mantle-ecosystem', 'opbnb-ecosystem', 'scroll-ecosystem', 'merlin-ecosystem', 'b²-network-ecosystem', 'mode-ecosystem', 'world-chain-mainnet-ecosystem', 'made-in-america', 'btcfi', 'world-liberty-financial-portfolio', 'corn-ecosystem', 'bonk-fun-ecosystem', 'sonic-ecosystem', 'binance-ecosystem', 'binance-listing', 'bittensor-ecosystem', 'hyperevm-ecosystem', 'etherlink-ecosystem', 'bera-chain-ecosystem', 'abstract-chain-ecosystem', 'unichain-ecosystem', 'soneium-ecosystem', 'fraxtal-ecosystem', 'monad-ecosystem', 'hashkey-chain-ecosystem', 'wlfi-ecosystem', 'plasma-ecosystem', 'x402-ecosystem', 'iso-20022', 'megaeth-ecosystem', 'sec-cftc-token-taxonomy', 'sec-cftc-digital-commodities', 'robinhood-ecosystem']",8.451744183943557,190304379.57428166,185233058.73244998,5071320.84183168,-4.4703,-0.13388146,-1.99348177,3.27561204,10.97466683,-11.30874888,-9.98690751,6322749574.04686,0.2857,8451744183.94,,2026-07-24T12:14:00.000Z,1027.0,ethereum,Ethereum,ETH,0x514910771af9ca656af840dff83e8264ecf986ca
2026-07-24 14:15:52.400367,512.0,Stellar,XLM,stellar,False,34174900114.233486,50001786839.912476,50001806812.0,2014-08-05T00:00:00.000Z,827.0,15.0,2026-07-24T12:15:00.000Z,,,31531408660.0,5753647680.78094,9124002926.37,"['medium-of-exchange', 'enterprise-solutions', 'decentralized-exchange-dex-token', 'defi', 'smart-contracts', 'hashkey-capital-portfolio', 'real-world-assets-protocols', '2017-2018-alt-season', 'made-in-america', 'binance-ecosystem', 'binance-listing', 'iso-20022', 'sec-cftc-token-taxonomy', 'sec-cftc-digital-commodities']",0.18247353750737694,124955779.02895705,124804745.17604707,151033.85291,-12.0844,-0.01423296,-1.18207124,-0.67100422,-4.86674527,21.03289483,5.91634879,6236014917.805445,0.2817,9124006570.75,,2026-07-24T12:15:00.000Z,,,,,
2026-07-24 14:15:52.400367,2010.0,Cardano,ADA,cardano,False,36489899411.97189,44993202652.386566,45000000000.0,2017-10-01T00:00:00.000Z,1718.0,16.0,2026-07-24T12:14:00.000Z,,,37997904336.0,6315155530.553108,7477756406.12,"['dpos', 'pos', 'platform', 'research', 'smart-contracts', 'staking', 'cardano-ecosystem', 'cardano', 'layer-1', 'alleged-sec-securities', '2017-2018-alt-season', 'made-in-america', 'us-strategic-crypto-reserve', 'binance-ecosystem', 'binance-listing', 'iso-20022', 'sec-cftc-token-taxonomy', 'sec-cftc-digital-commodities']",0.16619746906857702,234003858.69473484,233140080.6107279,863778.084007,-15.5534,-0.12815814,-4.81626323,3.53033778,12.14390353,-32.0425673,-33.98891304,6064528928.836686,0.2741,7478886108.09,,2026-07-24T12:14:00.000Z,,,,,
2026-07-24 14:15:52.400367,37263.0,Canton,CC,canton-network,True,39145141881.92199,39145141881.92199,,2025-07-08T04:07:45.000Z,108.0,17.0,2026-07-24T12:14:00.000Z,,,39145141881.92,4682280383.776957,4682280383.78,"['proof-of-authority', 'store-of-value', 'enterprise-solutions', 'privacy', 'interoperability', 'scaling', 'smart-contracts', 'layer-1', 'binance-ecosystem', 'binance-listing', 'privacy-blockchain']",0.11961332003600594,12485906.92671511,10414103.86127728,2071803.06543783,6.8841,-0.38401631,-0.51261998,-7.77594405,-20.47902333,-27.7144921,-21.24399727,4682280383.777194,0.2116,4682280383.78,,2026-07-24T12:14:00.000Z,,,,,
2026-07-24 14:15:52.400367,4943.0,Dai,DAI,multi-collateral-dai,True,4647076141.403908,4647076141.403908,,2019-11-22T00:00:00.000Z,3771.0,18.0,2026-07-24T12:15:00.000Z,,,,,4646298841.37,"['defi', 'stablecoin', 'asset-backed-stablecoin', 'usd-stablecoin', 'xlayer-ecosystem', 'anubis-ecosystem']",0.999832733526909,36995728.56312658,380477.45118384,36615251.11194273,9.0575,-0.0072006,0.03460294,0.019236,0.0279753,0.02328786,0.0132126,4646298841.36755,0.21,4646298841.37,,2026-07-24T12:15:00.000Z,1027.0,ethereum,Ethereum,ETH,0x6b175474e89094c44da98b954eedeac495271d0f
2026-07-24 14:15:52.400367,1831.0,Bitcoin Cash,BCH,bitcoin-cash,False,20065618.75,20065618.75,21000000.0,2017-07-23T00:00:00.000Z,1173.0,19.0,2026-07-24T12:14:00.000Z,,,,,4214365541.59,"['mineable', 'pow', 'sha-256', 'marketplace', 'medium-of-exchange', 'store-of-value', 'enterprise-solutions', 'payments', 'layer-1', '2017-2018-alt-season', 'made-in-america', 'binance-ecosystem', 'binance-listing', 'sec-cftc-token-taxonomy', 'sec-cftc-digital-commodities']",210.0291844521197,99157156.12799245,99150636.68505518,6519.44293727,24.5465,-0.07924784,-2.88915525,-3.8096945,8.38616049,-39.87848014,-53.70504471,4214365541.5896616,0.1904,4410612873.49,,2026-07-24T12:14:00.000Z,,,,,
2026-07-24 14:15:52.400367,36148.0,World Liberty Financial USD,USD1,usd1,False,4152511634.4574523,4152511634.4574523,,2025-04-13T05:37:56.000Z,1229.0,20.0,2026-07-24T12:14:00.000Z,,,,,4147136088.41,"['stablecoin', 'asset-backed-stablecoin', 'usd-stablecoin', 'tron20-ecosystem', 'made-in-america', 'world-liberty-financial-portfolio', 'binance-ecosystem', 'binance-listing', 'wlfi-ecosystem']",0.998705471164327,946627558.89794,909597798.5233417,37029760.37459846,38.5828,-0.02355708,-0.04298522,-0.02175525,-0.05063496,-0.02473436,-0.10197243,4147136088.4061794,0.1874,4147136088.41,,2026-07-24T12:14:00.000Z,1027.0,ethereum,Ethereum,ETH,0x8d0D000Ee44948FC98c9B98A4FA4921476f08B0d
2026-07-24 14:16:52.574589,1.0,Bitcoin,BTC,bitcoin,False,20060671.0,20060671.0,21000000.0,2010-07-13T00:00:00.000Z,12673.0,1.0,2026-07-24T12:14:00.000Z,,,,,1304220896645.8,"['mineable', 'pow', 'sha-256', 'store-of-value', 'state-channel', 'coinbase-ventures-portfolio', 'three-arrows-capital-portfolio', 'polychain-capital-portfolio', 'binance-labs-portfolio', 'blockchain-capital-portfolio', 'boostvc-portfolio', 'cms-holdings-portfolio', 'dcg-portfolio', 'dragonfly-capital-portfolio', 'electric-capital-portfolio', 'fabric-ventures-portfolio', 'framework-ventures-portfolio', 'galaxy-digital-portfolio', 'huobi-capital-portfolio', 'alameda-research-portfolio', 'a16z-portfolio', '1confirmation-portfolio', 'winklevoss-capital-portfolio', 'usv-portfolio', 'placeholder-ventures-portfolio', 'pantera-capital-portfolio', 'multicoin-capital-portfolio', 'paradigm-portfolio', 'bitcoin-ecosystem', 'layer-1', 'ftx-bankruptcy-estate', '2017-2018-alt-season', 'us-strategic-crypto-reserve', 'binance-ecosystem', 'binance-listing', 'sec-cftc-token-taxonomy', 'sec-cftc-digital-commodities']",65013.82215210048,25246733072.584038,25220431452.314507,26301620.26952842,21.156,0.0669301,-0.72647517,2.90093194,3.58669355,-15.88115519,-16.33020752,1304220896645.7998,58.94,1365290265194.11,,2026-07-24T12:14:00.000Z,,,,,
2026-07-24 14:16:52.574589,1027.0,Ethereum,ETH,ethereum,True,120682712.41641597,120682712.41641597,,2015-08-07T00:00:00.000Z,12237.0,2.0,2026-07-24T12:15:00.000Z,,,,,227148625579.34,"['pos', 'smart-contracts', 'ethereum-ecosystem', 'coinbase-ventures-portfolio', 'three-arrows-capital-portfolio', 'polychain-capital-portfolio', 'binance-labs-portfolio', 'blockchain-capital-portfolio', 'boostvc-portfolio', 'cms-holdings-portfolio', 'dcg-portfolio', 'dragonfly-capital-portfolio', 'electric-capital-portfolio', 'fabric-ventures-portfolio', 'framework-ventures-portfolio', 'hashkey-capital-portfolio', 'kenetic-capital-portfolio', 'huobi-capital-portfolio', 'alameda-research-portfolio', 'a16z-portfolio', '1confirmation-portfolio', 'winklevoss-capital-portfolio', 'usv-portfolio', 'placeholder-ventures-portfolio', 'pantera-capital-portfolio', 'multicoin-capital-portfolio', 'paradigm-portfolio', 'ethereum-pow-ecosystem', 'layer-1', 'ftx-bankruptcy-estate', 'sora-ecosystem', 'rsk-rbtc-ecosystem', 'world-liberty-financial-portfolio', 'us-strategic-crypto-reserve', 'binance-ecosystem', 'binance-listing', 'abstract-chain-ecosystem', 'unichain-ecosystem', 'soneium-ecosystem', 'sophon-ecosystem', 'sec-cftc-token-taxonomy', 'sec-cftc-digital-commodities', 'anubis-ecosystem', 'robinhood-ecosystem']",1882.1968866225031,10168853121.127851,10086081168.869558,82771952.25828858,6.8618,0.11429896,-2.11941651,2.59615478,12.33592198,-10.91535258,-18.73542834,227148625579.33704,10.2624,227148625579.34,,2026-07-24T12:15:00.000Z,,,,,
2026-07-24 14:16:52.574589,825.0,Tether USDt,USDT,tether,True,184156916986.16385,189106724037.45197,,2015-02-25T00:00:00.000Z,191306.0,3.0,2026-07-24T12:15:00.000Z,,,,,188946407388.84,"['stablecoin', 'asset-backed-stablecoin', 'usd-stablecoin', 'ethereum-pow-ecosystem', 'fiat-stablecoin', 'tron20-ecosystem', 'rsk-rbtc-ecosystem', 'venom-ecosystem', 'world-liberty-financial-portfolio', 'binance-ecosystem', 'binance-listing', 'peaq-ecosystem', 'etherlink-ecosystem', 'duckchain-ecosystem', 'onus-ecosystem', 'sophon-ecosystem', 'xlayer-ecosystem']",0.9991522424735133,52673337876.66876,51184269027.498795,1489068849.170099,9.9758,-0.01101585,-0.03439659,0.01587822,0.05284635,0.01126137,-0.09238356,184000796573.73425,8.3145,188946407388.84,,2026-07-24T12:15:00.000Z,1027.0,ethereum,Ethereum,ETH,0xdac17f958d2ee523a2206206994597c13d831ec7
2026-07-24 14:16:52.574589,1839.0,BNB,BNB,bnb,False,133165746.73,133165746.73,133165747.53,2017-07-25T00:00:00.000Z,3316.0,4.0,2026-07-24T12:16:00.000Z,,,,,75360949744.67,"['marketplace', 'centralized-exchange', 'payments', 'smart-contracts', 'alameda-research-portfolio', 'multicoin-capital-portfolio', 'bnb-chain-ecosystem', 'layer-1', 'alleged-sec-securities', 'celsius-bankruptcy-estate', 'binance-ecosystem', 'binance-listing', 'etherlink-ecosystem', 'made-in-china']",565.9184256854384,926989810.6704178,904598295.4165349,22391515.25388264,-1.329,0.01222765,-0.64879577,0.36577515,-2.15216473,-15.00400113,-10.84699093,75360949744.66742,3.4054,75360950197.4,,2026-07-24T12:16:00.000Z,,,,,
2026-07-24 14:16:52.574589,3408.0,USDC,USDC,usd-coin,False,72978910168.95134,72978910168.95134,,2018-10-08T00:00:00.000Z,41807.0,5.0,2026-07-24T12:15:00.000Z,,,60901219650.23,60893315527.15594,72969438531.26,"['medium-of-exchange', 'stablecoin', 'asset-backed-stablecoin', 'stellar-ecosystem', 'coinbase-ventures-portfolio', 'usd-stablecoin', 'xdc-ecosystem', 'ethereum-pow-ecosystem', 'fiat-stablecoin', 'tron20-ecosystem', 'venom-ecosystem', 'made-in-america', 'world-liberty-financial-portfolio', 'sonic-ecosystem', 'binance-ecosystem', 'binance-listing', 'hyperevm-ecosystem', 'etherlink-ecosystem', 'unichain-ecosystem', 'vector-smart-chain-ecosystem', 'sophon-ecosystem', 'monad-ecosystem', 'xlayer-ecosystem']",0.9998702140430116,10125671874.014872,8825801359.534092,1299870514.4807482,8.7748,-0.0009163,-0.00582477,0.00619266,0.0158845,0.01442901,0.01589444,72969438531.2551,3.2967,72969438531.26,,2026-07-24T12:15:00.000Z,1027.0,ethereum,Ethereum,ETH,0xa0b86991c6218b36c1d19d4a2e9eb0ce3606eb48
2026-07-24 14:16:52.574589,52.0,XRP,XRP,xrp,False,62466503703.0,99985639695.0,100000000000.0,2013-08-04T00:00:00.000Z,1851.0,6.0,2026-07-24T12:16:00.000Z,,,,,110271237415.85,"['medium-of-exchange', 'enterprise-solutions', 'xrp-ecosystem', 'solana-ecosystem', 'arrington-xrp-capital-portfolio', 'galaxy-digital-portfolio', 'a16z-portfolio', 'pantera-capital-portfolio', 'ftx-bankruptcy-estate', '2017-2018-alt-season', 'klaytn-ecosystem', 'made-in-america', 'us-strategic-crypto-reserve', 'binance-ecosystem', 'binance-listing', 'iso-20022', 'sec-cftc-token-taxonomy', 'sec-cftc-digital-commodities']",1.1028707497618935,1120057569.561617,1119292012.6072595,765556.95435743,19.6262,-0.14539072,-2.5674978,1.9463769,0.90554133,-18.69940601,-22.92585292,68892479773.9317,3.1125,110287074976.19,,2026-07-24T12:16:00.000Z,,,,,
2026-07-24 14:16:52.574589,5426.0,Solana,SOL,solana,True,582864861.9342287,630867516.9633151,,2020-04-10T00:00:00.000Z,1147.0,7.0,2026-07-24T12:15:00.000Z,,,525236893.3,39464139937.20252,47400790555.39,"['pos', 'platform', 'solana-ecosystem', 'cms-holdings-portfolio', 'kenetic-capital-portfolio', 'alameda-research-portfolio', 'multicoin-capital-portfolio', 'okx-ventures-portfolio', 'layer-1', 'ftx-bankruptcy-estate', 'alleged-sec-securities', 'cmc-crypto-awards-2024', 'made-in-america', 'us-strategic-crypto-reserve', 'binance-ecosystem', 'binance-listing', 'sec-cftc-token-taxonomy', 'sec-cftc-digital-commodities', 'coinlist-launchpad']",75.13588714085581,1634994338.882478,1634923692.889931,70645.99254701,4.4955,-0.29935645,-3.16519608,0.63404891,7.72593254,-12.40302873,-13.01275355,43794068484.660706,1.9789,47400790555.39,,2026-07-24T12:15:00.000Z,,,,,
2026-07-24 14:16:52.574589,1958.0,TRON,TRX,tron,True,94878859029.26059,94878859501.95769,,2017-09-13T00:00:00.000Z,1352.0,8.0,2026-07-24T12:15:00.000Z,,,94667886298.43,31345415218.067673,31415270402.58,"['media', 'payments', 'tron-ecosystem', 'layer-1', 'dwf-labs-portfolio', 'alleged-sec-securities', '2017-2018-alt-season', 'tron20-ecosystem', 'world-liberty-financial-portfolio', 'binance-ecosystem', 'binance-listing', 'made-in-china']",0.3311092752113925,453547859.55842215,453462623.2673816,85236.29104052,21.2244,-0.10097401,1.2072157,2.67611281,0.03823063,-9.61043676,2.56341901,31415270246.062355,1.4197,31415270402.58,,2026-07-24T12:15:00.000Z,,,,,
2026-07-24 14:16:52.574589,32196.0,Hyperliquid,HYPE,hyperliquid,False,252727609.92386654,953084179.5974618,953084878.0666131,2024-07-15T10:14:50.000Z,293.0,9.0,2026-07-24T12:15:00.000Z,,,333931719.0,19490993409.129684,55629808149.13,"['decentralized-exchange-dex-token', 'defi', 'derivatives', 'layer-1', 'hyperliquid-ecosystem', 'binance-ecosystem', 'binance-listing', 'perpetuals']",58.36820014432257,347850007.0155937,300657205.17005646,47192801.84553728,-6.7134,-0.0889765,-1.59492235,-2.46072316,-6.46761358,-8.46289849,40.33511211,14751255718.032524,0.6665,55629848917.52,,2026-07-24T12:15:00.000Z,32196.0,hyperliquid,Hyperliquid,HYPE,0x0d01dc56dcaaca66ad901c959b4011ec
2026-07-24 14:16:52.574589,74.0,Dogecoin,DOGE,dogecoin,True,155202516383.70523,155202516383.70523,,2013-12-15T00:00:00.000Z,1456.0,10.0,2026-07-24T12:15:00.000Z,,,,,10777070918.45,"['mineable', 'pow', 'scrypt', 'medium-of-exchange', 'memes', 'payments', 'doggone-doggerel', 'doge-chain-ecosystem', 'osmosis-ecosystem', 'ftx-bankruptcy-estate', 'animal-memes', 'made-in-america', 'binance-ecosystem', 'binance-listing', 'sec-cftc-token-taxonomy', 'sec-cftc-digital-commodities']",0.0694387640713472,935430459.2661011,935062725.2882178,367733.97788315,87.4046,-0.43438616,-3.95963817,-3.3838035,-11.95333896,-32.42083733,-29.11227741,10777070918.447506,0.487,10777070918.45,,2026-07-24T12:15:00.000Z,,,,,
2026-07-24 14:16:52.574589,3957.0,UNUS SED LEO,LEO,unus-sed-leo,False,920129382.9,985239504.0,,2019-05-21T00:00:00.000Z,69.0,11.0,2026-07-24T12:16:00.000Z,,,,,9457184902.28,"['marketplace', 'centralized-exchange', 'discount-token', 'payments', 'ethereum-ecosystem', 'kenetic-capital-portfolio', 'alameda-research-portfolio']",9.598868969305723,577332.56627488,577332.56627488,0.0,180.1048,-0.00860915,-1.31381891,-2.02344155,0.78579076,-4.55887345,-6.37289685,8832201381.265234,0.3991,9457184902.28,,2026-07-24T12:16:00.000Z,1027.0,ethereum,Ethereum,ETH,0x2af5d2ad76741191d15dfe7bf6ac92d4bd912ca3
2026-07-24 14:16:52.574589,1437.0,Zcash,ZEC,zcash,False,16786844.4155448,16786844.4155448,21000000.0,2016-10-29T00:00:00.000Z,630.0,12.0,2026-07-24T12:15:00.000Z,,,,,8421081459.78,"['mineable', 'pow', 'equihash', 'medium-of-exchange', 'privacy', 'zero-knowledge-proofs', 'quantum-resistant', 'binance-chain', 'boostvc-portfolio', 'dcg-portfolio', 'electric-capital-portfolio', 'fenbushi-capital-portfolio', 'hashkey-capital-portfolio', 'winklevoss-capital-portfolio', 'placeholder-ventures-portfolio', 'pantera-capital-portfolio', 'layer-1', 'standard-crypto-portfolio', '2017-2018-alt-season', 'made-in-america', 'binance-ecosystem', 'binance-listing', 'privacy-coins']",501.64767429341134,401325954.389097,369695018.46684605,31630935.92225096,13.1658,0.32885021,-2.95815914,-6.00420449,19.66221989,-25.50305703,40.27737952,8421081459.783389,0.3806,10534601160.16,,2026-07-24T12:15:00.000Z,,,,,
2026-07-24 14:16:52.574589,328.0,Monero,XMR,monero,True,18782099.14058,18782099.14058,,2014-05-21T00:00:00.000Z,372.0,13.0,2026-07-24T12:15:00.000Z,,,,,6611611481.87,"['mineable', 'pow', 'medium-of-exchange', 'privacy', 'ringct', 'boostvc-portfolio', 'electric-capital-portfolio', 'galaxy-digital-portfolio', 'layer-1', '2017-2018-alt-season', 'binance-ecosystem', 'binance-listing', 'privacy-coins']",352.0166426759683,101367230.29339801,101367230.29339801,0.0,47.9419,-0.15670919,1.51312311,8.67200783,8.48815633,-8.6901065,-5.04089946,6611611481.874161,0.2988,6611611481.87,,2026-07-24T12:15:00.000Z,,,,,
2026-07-24 14:16:52.574589,1975.0,Chainlink,LINK,chainlink,False,748099970.424884,1000000000.0,1000000000.0,2017-09-20T00:00:00.000Z,2259.0,14.0,2026-07-24T12:15:00.000Z,,,,,8451454299.09,"['platform', 'cosmos-ecosystem', 'defi', 'privacy', 'interoperability', 'iot', 'oracles', 'smart-contracts', 'ethereum-ecosystem', 'tron-ecosystem', 'polkadot', 'polkadot-ecosystem', 'heco-ecosystem', 'avalanche-ecosystem', 'solana-ecosystem', 'framework-ventures-portfolio', 'hedera-hashgraph-ecosystem', 'polygon-ecosystem', 'fantom-ecosystem', 'cardano-ecosystem', 'terra-ecosystem', 'web3', 'near-protocol-ecosystem', 'arbitrum-ecosystem', 'celo-ecosystem', 'defi-2', 'cross-chain', 'cronos-ecosystem', 'cardano', 'injective-ecosystem', 'bnb-chain-ecosystem', 'oasis-ecosystem', 'moonbeam-ecosystem', 'xdc-ecosystem', 'metisdao-ecosystem', 'velas-ecosystem', 'doge-chain-ecosystem', 'aptos-ecosystem', 'sui-ecosystem', 'optimism-ecosystem', 'bitcoin-ecosystem', 'real-world-assets-protocols', 'zksync-era-ecosystem', 'kadena-ecosystem', 'base-ecosystem', 'linea-ecosystem', 'sei-ecosystem', 'toncoin-ecosystem', 'paal-ecosystem', 'blast-ecosystem', 'atomicals-ecosystem', 'move-vm', 'eigenlayer-ecosystem', 'hyperliquid-ecosystem', 'gnosis-chain-ecosystem', 'ronin-ecosystem', 'astar-ecosystem', 'core-ecosystem', 'starknet-ecosystem', 'mantle-ecosystem', 'opbnb-ecosystem', 'scroll-ecosystem', 'merlin-ecosystem', 'b²-network-ecosystem', 'mode-ecosystem', 'world-chain-mainnet-ecosystem', 'made-in-america', 'btcfi', 'world-liberty-financial-portfolio', 'corn-ecosystem', 'bonk-fun-ecosystem', 'sonic-ecosystem', 'binance-ecosystem', 'binance-listing', 'bittensor-ecosystem', 'hyperevm-ecosystem', 'etherlink-ecosystem', 'bera-chain-ecosystem', 'abstract-chain-ecosystem', 'unichain-ecosystem', 'soneium-ecosystem', 'fraxtal-ecosystem', 'monad-ecosystem', 'hashkey-chain-ecosystem', 'wlfi-ecosystem', 'plasma-ecosystem', 'x402-ecosystem', 'iso-20022', 'megaeth-ecosystem', 'sec-cftc-token-taxonomy', 'sec-cftc-digital-commodities', 'robinhood-ecosystem']",8.451454299090818,190306072.44154924,185234859.40303552,5071213.03851366,-4.474,-0.1332397,-1.9966772,3.26841562,11.01528802,-11.33126108,-9.98399233,6322532711.1971,0.2857,8451454299.09,,2026-07-24T12:15:00.000Z,1027.0,ethereum,Ethereum,ETH,0x514910771af9ca656af840dff83e8264ecf986ca
2026-07-24 14:16:52.574589,512.0,Stellar,XLM,stellar,False,34174900114.233486,50001786839.912476,50001806812.0,2014-08-05T00:00:00.000Z,827.0,15.0,2026-07-24T12:15:00.000Z,,,31531408660.0,5753647680.78094,9124002926.37,"['medium-of-exchange', 'enterprise-solutions', 'decentralized-exchange-dex-token', 'defi', 'smart-contracts', 'hashkey-capital-portfolio', 'real-world-assets-protocols', '2017-2018-alt-season', 'made-in-america', 'binance-ecosystem', 'binance-listing', 'iso-20022', 'sec-cftc-token-taxonomy', 'sec-cftc-digital-commodities']",0.18247353750737694,124955779.02895705,124804745.17604707,151033.85291,-12.0844,-0.01423296,-1.18207124,-0.67100422,-4.86674527,21.03289483,5.91634879,6236014917.805445,0.2817,9124006570.75,,2026-07-24T12:15:00.000Z,,,,,
2026-07-24 14:16:52.574589,2010.0,Cardano,ADA,cardano,False,36489899411.97189,44993202652.386566,45000000000.0,2017-10-01T00:00:00.000Z,1718.0,16.0,2026-07-24T12:15:00.000Z,,,37997904336.0,6315114638.5444355,7477707986.01,"['dpos', 'pos', 'platform', 'research', 'smart-contracts', 'staking', 'cardano-ecosystem', 'cardano', 'layer-1', 'alleged-sec-securities', '2017-2018-alt-season', 'made-in-america', 'us-strategic-crypto-reserve', 'binance-ecosystem', 'binance-listing', 'iso-20022', 'sec-cftc-token-taxonomy', 'sec-cftc-digital-commodities']",0.16619639290373614,233995904.44346496,233130464.9681998,865439.4752653,-15.5475,-0.10698025,-4.8222702,3.53937179,12.13288805,-32.06945111,-34.00753235,6064489659.689892,0.2741,7478837680.67,,2026-07-24T12:15:00.000Z,,,,,
2026-07-24 14:16:52.574589,37263.0,Canton,CC,canton-network,True,39145141881.92199,39145141881.92199,,2025-07-08T04:07:45.000Z,108.0,17.0,2026-07-24T12:15:00.000Z,,,39145141881.92,4682196308.811017,4682196308.81,"['proof-of-authority', 'store-of-value', 'enterprise-solutions', 'privacy', 'interoperability', 'scaling', 'smart-contracts', 'layer-1', 'binance-ecosystem', 'binance-listing', 'privacy-blockchain']",0.11961117226078027,12488754.25237974,10416951.18694191,2071803.06543783,6.9071,-0.35951338,-0.49525016,-7.7489685,-20.44057205,-27.85027564,-21.22711959,4682196308.811255,0.2116,4682196308.81,,2026-07-24T12:15:00.000Z,,,,,
2026-07-24 14:16:52.574589,4943.0,Dai,DAI,multi-collateral-dai,True,4647076141.403908,4647076141.403908,,2019-11-22T00:00:00.000Z,3771.0,18.0,2026-07-24T12:15:00.000Z,,,,,4646298841.37,"['defi', 'stablecoin', 'asset-backed-stablecoin', 'usd-stablecoin', 'xlayer-ecosystem', 'anubis-ecosystem']",0.999832733526909,36995728.56312658,380477.45118384,36615251.11194273,9.0575,-0.0072006,0.03460294,0.019236,0.0279753,0.02328786,0.0132126,4646298841.36755,0.21,4646298841.37,,2026-07-24T12:15:00.000Z,1027.0,ethereum,Ethereum,ETH,0x6b175474e89094c44da98b954eedeac495271d0f
2026-07-24 14:16:52.574589,1831.0,Bitcoin Cash,BCH,bitcoin-cash,False,20065618.75,20065618.75,21000000.0,2017-07-23T00:00:00.000Z,1173.0,19.0,2026-07-24T12:15:00.000Z,,,,,4214245548.13,"['mineable', 'pow', 'sha-256', 'marketplace', 'medium-of-exchange', 'store-of-value', 'enterprise-solutions', 'payments', 'layer-1', '2017-2018-alt-season', 'made-in-america', 'binance-ecosystem', 'binance-listing', 'sec-cftc-token-taxonomy', 'sec-cftc-digital-commodities']",210.0232043995164,99131276.14365016,99124756.21292312,6519.93072703,24.4764,-0.08066418,-2.90251887,-3.79929765,8.43189846,-39.89509116,-53.70951657,4214245548.134019,0.1904,4410487292.39,,2026-07-24T12:15:00.000Z,,,,,
2026-07-24 14:16:52.574589,36148.0,World Liberty Financial USD,USD1,usd1,False,4152511634.4574523,4152511634.4574523,,2025-04-13T05:37:56.000Z,1229.0,20.0,2026-07-24T12:15:00.000Z,,,,,4147131930.47,"['stablecoin', 'asset-backed-stablecoin', 'usd-stablecoin', 'tron20-ecosystem', 'made-in-america', 'world-liberty-financial-portfolio', 'binance-ecosystem', 'binance-listing', 'wlfi-ecosystem']",0.9987044698589981,946609464.59543,909556085.2555585,37053379.33987116,38.5799,-0.02551239,-0.04346091,-0.02683355,-0.04919746,-0.02272303,-0.10667528,4147131930.4741516,0.1874,4147131930.47,,2026-07-24T12:15:00.000Z,1027.0,ethereum,Ethereum,ETH,0x8d0D000Ee44948FC98c9B98A4FA4921476f08B0d
2026-07-24 14:17:52.748573,1.0,Bitcoin,BTC,bitcoin,False,20060671.0,20060671.0,21000000.0,2010-07-13T00:00:00.000Z,12673.0,1.0,2026-07-24T12:15:00.000Z,,,,,1304257569696.05,"['mineable', 'pow', 'sha-256', 'store-of-value', 'state-channel', 'coinbase-ventures-portfolio', 'three-arrows-capital-portfolio', 'polychain-capital-portfolio', 'binance-labs-portfolio', 'blockchain-capital-portfolio', 'boostvc-portfolio', 'cms-holdings-portfolio', 'dcg-portfolio', 'dragonfly-capital-portfolio', 'electric-capital-portfolio', 'fabric-ventures-portfolio', 'framework-ventures-portfolio', 'galaxy-digital-portfolio', 'huobi-capital-portfolio', 'alameda-research-portfolio', 'a16z-portfolio', '1confirmation-portfolio', 'winklevoss-capital-portfolio', 'usv-portfolio', 'placeholder-ventures-portfolio', 'pantera-capital-portfolio', 'multicoin-capital-portfolio', 'paradigm-portfolio', 'bitcoin-ecosystem', 'layer-1', 'ftx-bankruptcy-estate', '2017-2018-alt-season', 'us-strategic-crypto-reserve', 'binance-ecosystem', 'binance-listing', 'sec-cftc-token-taxonomy', 'sec-cftc-digital-commodities']",65015.65025895967,25248658267.694984,25222356644.076744,26301623.61823835,21.1594,0.10421781,-0.70623145,2.86424164,3.62472547,-15.87162286,-16.32180728,1304257569696.0547,58.9417,1365328655438.15,,2026-07-24T12:15:00.000Z,,,,,
2026-07-24 14:17:52.748573,1027.0,Ethereum,ETH,ethereum,True,120682712.41641597,120682712.41641597,,2015-08-07T00:00:00.000Z,12237.0,2.0,2026-07-24T12:16:00.000Z,,,,,227156529596.86,"['pos', 'smart-contracts', 'ethereum-ecosystem', 'coinbase-ventures-portfolio', 'three-arrows-capital-portfolio', 'polychain-capital-portfolio', 'binance-labs-portfolio', 'blockchain-capital-portfolio', 'boostvc-portfolio', 'cms-holdings-portfolio', 'dcg-portfolio', 'dragonfly-capital-portfolio', 'electric-capital-portfolio', 'fabric-ventures-portfolio', 'framework-ventures-portfolio', 'hashkey-capital-portfolio', 'kenetic-capital-portfolio', 'huobi-capital-portfolio', 'alameda-research-portfolio', 'a16z-portfolio', '1confirmation-portfolio', 'winklevoss-capital-portfolio', 'usv-portfolio', 'placeholder-ventures-portfolio', 'pantera-capital-portfolio', 'multicoin-capital-portfolio', 'paradigm-portfolio', 'ethereum-pow-ecosystem', 'layer-1', 'ftx-bankruptcy-estate', 'sora-ecosystem', 'rsk-rbtc-ecosystem', 'world-liberty-financial-portfolio', 'us-strategic-crypto-reserve', 'binance-ecosystem', 'binance-listing', 'abstract-chain-ecosystem', 'unichain-ecosystem', 'soneium-ecosystem', 'sophon-ecosystem', 'sec-cftc-token-taxonomy', 'sec-cftc-digital-commodities', 'anubis-ecosystem', 'robinhood-ecosystem']",1882.2623808210428,10070515505.20999,9991386250.613195,79129254.59679878,5.7776,0.02959624,-2.11628096,2.60112901,12.25695421,-10.96239836,-18.74553691,227156529596.86435,10.2628,227156529596.86,,2026-07-24T12:16:00.000Z,,,,,
2026-07-24 14:17:52.748573,825.0,Tether USDt,USDT,tether,True,184156916986.16385,189106724037.45197,,2015-02-25T00:00:00.000Z,191307.0,3.0,2026-07-24T12:16:00.000Z,,,,,188948267262.55,"['stablecoin', 'asset-backed-stablecoin', 'usd-stablecoin', 'ethereum-pow-ecosystem', 'fiat-stablecoin', 'tron20-ecosystem', 'rsk-rbtc-ecosystem', 'venom-ecosystem', 'world-liberty-financial-portfolio', 'binance-ecosystem', 'binance-listing', 'peaq-ecosystem', 'etherlink-ecosystem', 'duckchain-ecosystem', 'onus-ecosystem', 'sophon-ecosystem', 'xlayer-ecosystem']",0.9991620775215179,52642968902.66407,51157744903.44012,1485223999.2240412,8.5008,-0.01403453,-0.02886539,0.00598169,0.04597518,0.01232689,-0.09507735,184002607765.85318,8.3146,188948267262.55,,2026-07-24T12:16:00.000Z,1027.0,ethereum,Ethereum,ETH,0xdac17f958d2ee523a2206206994597c13d831ec7
2026-07-24 14:17:52.748573,1839.0,BNB,BNB,bnb,False,133165746.73,133165746.73,133165747.53,2017-07-25T00:00:00.000Z,3316.0,4.0,2026-07-24T12:17:00.000Z,,,,,75358325393.02,"['marketplace', 'centralized-exchange', 'payments', 'smart-contracts', 'alameda-research-portfolio', 'multicoin-capital-portfolio', 'bnb-chain-ecosystem', 'layer-1', 'alleged-sec-securities', 'celsius-bankruptcy-estate', 'binance-ecosystem', 'binance-listing', 'etherlink-ecosystem', 'made-in-china']",565.8987182778842,926985831.0353585,904592339.5403343,22393491.4950242,-1.3316,0.00989962,-0.64291532,0.35219773,-2.15529581,-15.02557632,-10.84993242,75358325393.02435,3.4053,75358325845.74,,2026-07-24T12:17:00.000Z,,,,,
2026-07-24 14:17:52.748573,3408.0,USDC,USDC,usd-coin,False,72978910168.95134,72978910168.95134,,2018-10-08T00:00:00.000Z,41807.0,5.0,2026-07-24T12:15:00.000Z,,,60901219650.23,60893315527.15594,72969438531.26,"['medium-of-exchange', 'stablecoin', 'asset-backed-stablecoin', 'stellar-ecosystem', 'coinbase-ventures-portfolio', 'usd-stablecoin', 'xdc-ecosystem', 'ethereum-pow-ecosystem', 'fiat-stablecoin', 'tron20-ecosystem', 'venom-ecosystem', 'made-in-america', 'world-liberty-financial-portfolio', 'sonic-ecosystem', 'binance-ecosystem', 'binance-listing', 'hyperevm-ecosystem', 'etherlink-ecosystem', 'unichain-ecosystem', 'vector-smart-chain-ecosystem', 'sophon-ecosystem', 'monad-ecosystem', 'xlayer-ecosystem']",0.9998702140430116,10125671874.014872,8825801359.534092,1299870514.4807482,8.7748,-0.0009163,-0.00582477,0.00619266,0.0158845,0.01442901,0.01589444,72969438531.2551,3.2967,72969438531.26,,2026-07-24T12:15:00.000Z,1027.0,ethereum,Ethereum,ETH,0xa0b86991c6218b36c1d19d4a2e9eb0ce3606eb48
2026-07-24 14:17:52.748573,52.0,XRP,XRP,xrp,False,62466503703.0,99985639695.0,100000000000.0,2013-08-04T00:00:00.000Z,1851.0,6.0,2026-07-24T12:17:00.000Z,,,,,110264710445.1,"['medium-of-exchange', 'enterprise-solutions', 'xrp-ecosystem', 'solana-ecosystem', 'arrington-xrp-capital-portfolio', 'galaxy-digital-portfolio', 'a16z-portfolio', 'pantera-capital-portfolio', 'ftx-bankruptcy-estate', '2017-2018-alt-season', 'klaytn-ecosystem', 'made-in-america', 'us-strategic-crypto-reserve', 'binance-ecosystem', 'binance-listing', 'iso-20022', 'sec-cftc-token-taxonomy', 'sec-cftc-digital-commodities']",1.1028054706801855,1119953674.9618323,1119187963.1991313,765711.76270105,19.6091,-0.15924157,-2.56053968,1.94264764,0.89998195,-18.70353471,-22.9304803,68888402017.93246,3.1123,110280547068.02,,2026-07-24T12:17:00.000Z,,,,,
2026-07-24 14:17:52.748573,5426.0,Solana,SOL,solana,True,582864861.9342287,630867516.9633151,,2020-04-10T00:00:00.000Z,1147.0,7.0,2026-07-24T12:15:00.000Z,,,525236893.3,39464139937.20252,47400790555.39,"['pos', 'platform', 'solana-ecosystem', 'cms-holdings-portfolio', 'kenetic-capital-portfolio', 'alameda-research-portfolio', 'multicoin-capital-portfolio', 'okx-ventures-portfolio', 'layer-1', 'ftx-bankruptcy-estate', 'alleged-sec-securities', 'cmc-crypto-awards-2024', 'made-in-america', 'us-strategic-crypto-reserve', 'binance-ecosystem', 'binance-listing', 'sec-cftc-token-taxonomy', 'sec-cftc-digital-commodities', 'coinlist-launchpad']",75.13588714085581,1634994338.882478,1634923692.889931,70645.99254701,4.4955,-0.29935645,-3.16519608,0.63404891,7.72593254,-12.40302873,-13.01275355,43794068484.660706,1.9789,47400790555.39,,2026-07-24T12:15:00.000Z,,,,,
2026-07-24 14:17:52.748573,1958.0,TRON,TRX,tron,True,94878859029.26059,94878859501.95769,,2017-09-13T00:00:00.000Z,1352.0,8.0,2026-07-24T12:16:00.000Z,,,94667886298.43,31343999687.816628,31413851717.73,"['media', 'payments', 'tron-ecosystem', 'layer-1', 'dwf-labs-portfolio', 'alleged-sec-securities', '2017-2018-alt-season', 'tron20-ecosystem', 'world-liberty-financial-portfolio', 'binance-ecosystem', 'binance-listing', 'made-in-china']",0.3310943226196912,453198277.0659042,453113040.77486366,85236.29104052,21.2882,-0.10097161,1.23386318,2.66862014,0.03238555,-9.61698288,2.55376437,31413851561.222206,1.4197,31413851717.73,,2026-07-24T12:16:00.000Z,,,,,
2026-07-24 14:17:52.748573,32196.0,Hyperliquid,HYPE,hyperliquid,False,252727609.92386654,953084179.5974618,953084878.0666131,2024-07-15T10:14:50.000Z,293.0,9.0,2026-07-24T12:16:00.000Z,,,333931719.0,19505922513.241386,55672417737.07,"['decentralized-exchange-dex-token', 'defi', 'derivatives', 'layer-1', 'hyperliquid-ecosystem', 'binance-ecosystem', 'binance-listing', 'perpetuals']",58.41290720047288,347908462.44248664,300579132.9989868,47329329.44349989,-6.752,-0.08158323,-1.61058227,-2.45088168,-6.40945297,-8.40242129,40.44940101,14762554425.480125,0.667,55672458536.68,,2026-07-24T12:16:00.000Z,32196.0,hyperliquid,Hyperliquid,HYPE,0x0d01dc56dcaaca66ad901c959b4011ec
2026-07-24 14:17:52.748573,74.0,Dogecoin,DOGE,dogecoin,True,155202516383.70523,155202516383.70523,,2013-12-15T00:00:00.000Z,1456.0,10.0,2026-07-24T12:16:00.000Z,,,,,10777537248.69,"['mineable', 'pow', 'scrypt', 'medium-of-exchange', 'memes', 'payments', 'doggone-doggerel', 'doge-chain-ecosystem', 'osmosis-ecosystem', 'ftx-bankruptcy-estate', 'animal-memes', 'made-in-america', 'binance-ecosystem', 'binance-listing', 'sec-cftc-token-taxonomy', 'sec-cftc-digital-commodities']",0.069441768727798,935418042.9587779,935050257.7650769,367785.19370105,87.3731,-0.30469215,-3.99488795,-3.3673375,-11.9602526,-32.42858034,-29.11539317,10777537248.689539,0.487,10777537248.69,,2026-07-24T12:16:00.000Z,,,,,
2026-07-24 14:17:52.748573,3957.0,UNUS SED LEO,LEO,unus-sed-leo,False,920129382.9,985239504.0,,2019-05-21T00:00:00.000Z,69.0,11.0,2026-07-24T12:17:00.000Z,,,,,9457108442.98,"['marketplace', 'centralized-exchange', 'discount-token', 'payments', 'ethereum-ecosystem', 'kenetic-capital-portfolio', 'alameda-research-portfolio']",9.598791364519366,577297.1169176,577297.1169176,0.0,180.0844,-0.00904036,-1.31511431,-2.02475545,0.78842377,-4.56003191,-6.37364698,8832129974.821053,0.3991,9457108442.98,,2026-07-24T12:17:00.000Z,1027.0,ethereum,Ethereum,ETH,0x2af5d2ad76741191d15dfe7bf6ac92d4bd912ca3
2026-07-24 14:17:52.748573,1437.0,Zcash,ZEC,zcash,False,16786844.4155448,16786844.4155448,21000000.0,2016-10-29T00:00:00.000Z,630.0,12.0,2026-07-24T12:15:00.000Z,,,,,8421081459.78,"['mineable', 'pow', 'equihash', 'medium-of-exchange', 'privacy', 'zero-knowledge-proofs', 'quantum-resistant', 'binance-chain', 'boostvc-portfolio', 'dcg-portfolio', 'electric-capital-portfolio', 'fenbushi-capital-portfolio', 'hashkey-capital-portfolio', 'winklevoss-capital-portfolio', 'placeholder-ventures-portfolio', 'pantera-capital-portfolio', 'layer-1', 'standard-crypto-portfolio', '2017-2018-alt-season', 'made-in-america', 'binance-ecosystem', 'binance-listing', 'privacy-coins']",501.64767429341134,401325954.389097,369695018.46684605,31630935.92225096,13.1658,0.32885021,-2.95815914,-6.00420449,19.66221989,-25.50305703,40.27737952,8421081459.783389,0.3806,10534601160.16,,2026-07-24T12:15:00.000Z,,,,,
2026-07-24 14:17:52.748573,328.0,Monero,XMR,monero,True,18782099.14058,18782099.14058,,2014-05-21T00:00:00.000Z,372.0,13.0,2026-07-24T12:16:00.000Z,,,,,6607189703.36,"['mineable', 'pow', 'medium-of-exchange', 'privacy', 'ringct', 'boostvc-portfolio', 'electric-capital-portfolio', 'galaxy-digital-portfolio', 'layer-1', '2017-2018-alt-season', 'binance-ecosystem', 'binance-listing', 'privacy-coins']",351.7812175255188,100059662.4321605,100059662.4321605,0.0,45.8479,0.0078041,1.46510981,8.66526191,8.43612893,-8.73893824,-5.04157743,6607189703.3582325,0.2986,6607189703.36,,2026-07-24T12:16:00.000Z,,,,,
2026-07-24 14:17:52.748573,1975.0,Chainlink,LINK,chainlink,False,748099970.424884,1000000000.0,1000000000.0,2017-09-20T00:00:00.000Z,2259.0,14.0,2026-07-24T12:16:00.000Z,,,,,8453091232.67,"['platform', 'cosmos-ecosystem', 'defi', 'privacy', 'interoperability', 'iot', 'oracles', 'smart-contracts', 'ethereum-ecosystem', 'tron-ecosystem', 'polkadot', 'polkadot-ecosystem', 'heco-ecosystem', 'avalanche-ecosystem', 'solana-ecosystem', 'framework-ventures-portfolio', 'hedera-hashgraph-ecosystem', 'polygon-ecosystem', 'fantom-ecosystem', 'cardano-ecosystem', 'terra-ecosystem', 'web3', 'near-protocol-ecosystem', 'arbitrum-ecosystem', 'celo-ecosystem', 'defi-2', 'cross-chain', 'cronos-ecosystem', 'cardano', 'injective-ecosystem', 'bnb-chain-ecosystem', 'oasis-ecosystem', 'moonbeam-ecosystem', 'xdc-ecosystem', 'metisdao-ecosystem', 'velas-ecosystem', 'doge-chain-ecosystem', 'aptos-ecosystem', 'sui-ecosystem', 'optimism-ecosystem', 'bitcoin-ecosystem', 'real-world-assets-protocols', 'zksync-era-ecosystem', 'kadena-ecosystem', 'base-ecosystem', 'linea-ecosystem', 'sei-ecosystem', 'toncoin-ecosystem', 'paal-ecosystem', 'blast-ecosystem', 'atomicals-ecosystem', 'move-vm', 'eigenlayer-ecosystem', 'hyperliquid-ecosystem', 'gnosis-chain-ecosystem', 'ronin-ecosystem', 'astar-ecosystem', 'core-ecosystem', 'starknet-ecosystem', 'mantle-ecosystem', 'opbnb-ecosystem', 'scroll-ecosystem', 'merlin-ecosystem', 'b²-network-ecosystem', 'mode-ecosystem', 'world-chain-mainnet-ecosystem', 'made-in-america', 'btcfi', 'world-liberty-financial-portfolio', 'corn-ecosystem', 'bonk-fun-ecosystem', 'sonic-ecosystem', 'binance-ecosystem', 'binance-listing', 'bittensor-ecosystem', 'hyperevm-ecosystem', 'etherlink-ecosystem', 'bera-chain-ecosystem', 'abstract-chain-ecosystem', 'unichain-ecosystem', 'soneium-ecosystem', 'fraxtal-ecosystem', 'monad-ecosystem', 'hashkey-chain-ecosystem', 'wlfi-ecosystem', 'plasma-ecosystem', 'x402-ecosystem', 'iso-20022', 'megaeth-ecosystem', 'sec-cftc-token-taxonomy', 'sec-cftc-digital-commodities', 'robinhood-ecosystem']",8.45309123267083,190170719.96281275,185099829.39830333,5070890.56450939,-4.5682,-0.10221689,-2.0289367,3.29142082,11.03311982,-11.32459752,-9.96645566,6323757301.159894,0.2858,8453091232.67,,2026-07-24T12:16:00.000Z,1027.0,ethereum,Ethereum,ETH,0x514910771af9ca656af840dff83e8264ecf986ca
2026-07-24 14:17:52.748573,512.0,Stellar,XLM,stellar,False,34174900114.233486,50001786839.912476,50001806812.0,2014-08-05T00:00:00.000Z,827.0,15.0,2026-07-24T12:16:00.000Z,,,31531408660.0,5752659057.493367,9122435190.17,"['medium-of-exchange', 'enterprise-solutions', 'decentralized-exchange-dex-token', 'defi', 'smart-contracts', 'hashkey-capital-portfolio', 'real-world-assets-protocols', '2017-2018-alt-season', 'made-in-america', 'binance-ecosystem', 'binance-listing', 'iso-20022', 'sec-cftc-token-taxonomy', 'sec-cftc-digital-commodities']",0.18244218390379288,124951628.933227,124800568.56963442,151060.36359257,-12.0682,-0.01664838,-1.20734399,-0.68682139,-4.87554385,20.99920598,5.88880197,6234943411.534738,0.2817,9122438833.92,,2026-07-24T12:16:00.000Z,,,,,
2026-07-24 14:17:52.748573,2010.0,Cardano,ADA,cardano,False,36489899411.97189,44993202652.386566,45000000000.0,2017-10-01T00:00:00.000Z,1718.0,16.0,2026-07-24T12:16:00.000Z,,,37997904336.0,6316312082.438987,7479125875.68,"['dpos', 'pos', 'platform', 'research', 'smart-contracts', 'staking', 'cardano-ecosystem', 'cardano', 'layer-1', 'alleged-sec-securities', '2017-2018-alt-season', 'made-in-america', 'us-strategic-crypto-reserve', 'binance-ecosystem', 'binance-listing', 'iso-20022', 'sec-cftc-token-taxonomy', 'sec-cftc-digital-commodities']",0.16622790632310694,233919724.12767962,233054284.6524144,865439.4752653,-15.599,-0.00967016,-4.85996605,3.56795183,12.15365078,-32.06276795,-34.00096251,6065639581.19286,0.2741,7480255784.54,,2026-07-24T12:16:00.000Z,,,,,
2026-07-24 14:17:52.748573,37263.0,Canton,CC,canton-network,True,39145141881.92199,39145141881.92199,,2025-07-08T04:07:45.000Z,108.0,17.0,2026-07-24T12:15:00.000Z,,,39145141881.92,4682196308.811017,4682196308.81,"['proof-of-authority', 'store-of-value', 'enterprise-solutions', 'privacy', 'interoperability', 'scaling', 'smart-contracts', 'layer-1', 'binance-ecosystem', 'binance-listing', 'privacy-blockchain']",0.11961117226078027,12488754.25237974,10416951.18694191,2071803.06543783,6.9071,-0.35951338,-0.49525016,-7.7489685,-20.44057205,-27.85027564,-21.22711959,4682196308.811255,0.2116,4682196308.81,,2026-07-24T12:15:00.000Z,,,,,
2026-07-24 14:17:52.748573,4943.0,Dai,DAI,multi-collateral-dai,True,4647076141.403908,4647076141.403908,,2019-11-22T00:00:00.000Z,3771.0,18.0,2026-07-24T12:17:00.000Z,,,,,4645980713.15,"['defi', 'stablecoin', 'asset-backed-stablecoin', 'usd-stablecoin', 'xlayer-ecosystem', 'anubis-ecosystem']",0.9997642758116744,37012664.23386016,380540.50158628,36632123.73227389,9.1756,-0.00882302,0.01246087,0.00825055,0.02222103,0.01772554,0.00667973,4645980713.152388,0.21,4645980713.15,,2026-07-24T12:17:00.000Z,1027.0,ethereum,Ethereum,ETH,0x6b175474e89094c44da98b954eedeac495271d0f
2026-07-24 14:17:52.748573,1831.0,Bitcoin Cash,BCH,bitcoin-cash,False,20065618.75,20065618.75,21000000.0,2017-07-23T00:00:00.000Z,1173.0,19.0,2026-07-24T12:16:00.000Z,,,,,4213250709.59,"['mineable', 'pow', 'sha-256', 'marketplace', 'medium-of-exchange', 'store-of-value', 'enterprise-solutions', 'payments', 'layer-1', '2017-2018-alt-season', 'made-in-america', 'binance-ecosystem', 'binance-listing', 'sec-cftc-token-taxonomy', 'sec-cftc-digital-commodities']",209.9736251386865,98940363.6178432,98933850.68486722,6512.93297599,24.1051,-0.11581814,-2.97311085,-3.81970349,8.41182475,-39.91279398,-53.71994113,4213250709.5882993,0.1904,4409446127.91,,2026-07-24T12:16:00.000Z,,,,,
2026-07-24 14:17:52.748573,36148.0,World Liberty Financial USD,USD1,usd1,False,4152511634.4574523,4152511634.4574523,,2025-04-13T05:37:56.000Z,1229.0,20.0,2026-07-24T12:15:00.000Z,,,,,4147131930.47,"['stablecoin', 'asset-backed-stablecoin', 'usd-stablecoin', 'tron20-ecosystem', 'made-in-america', 'world-liberty-financial-portfolio', 'binance-ecosystem', 'binance-listing', 'wlfi-ecosystem']",0.9987044698589981,946609464.59543,909556085.2555585,37053379.33987116,38.5799,-0.02551239,-0.04346091,-0.02683355,-0.04919746,-0.02272303,-0.10667528,4147131930.4741516,0.1874,4147131930.47,,2026-07-24T12:15:00.000Z,1027.0,ethereum,Ethereum,ETH,0x8d0D000Ee44948FC98c9B98A4FA4921476f08B0d
2026-07-24 14:32:55.341632,1.0,Bitcoin,BTC,bitcoin,False,20060671.0,20060671.0,21000000.0,2010-07-13T00:00:00.000Z,12673.0,1.0,2026-07-24T12:30:00.000Z,,,,,1303486059369.3,"['mineable', 'pow', 'sha-256', 'store-of-value', 'state-channel', 'coinbase-ventures-portfolio', 'three-arrows-capital-portfolio', 'polychain-capital-portfolio', 'binance-labs-portfolio', 'blockchain-capital-portfolio', 'boostvc-portfolio', 'cms-holdings-portfolio', 'dcg-portfolio', 'dragonfly-capital-portfolio', 'electric-capital-portfolio', 'fabric-ventures-portfolio', 'framework-ventures-portfolio', 'galaxy-digital-portfolio', 'huobi-capital-portfolio', 'alameda-research-portfolio', 'a16z-portfolio', '1confirmation-portfolio', 'winklevoss-capital-portfolio', 'usv-portfolio', 'placeholder-ventures-portfolio', 'pantera-capital-portfolio', 'multicoin-capital-portfolio', 'paradigm-portfolio', 'bitcoin-ecosystem', 'layer-1', 'ftx-bankruptcy-estate', '2017-2018-alt-season', 'us-strategic-crypto-reserve', 'binance-ecosystem', 'binance-listing', 'sec-cftc-token-taxonomy', 'sec-cftc-digital-commodities']",64977.19140946459,25215526480.801323,25188860182.445736,26666298.35558762,16.5947,-0.04363622,-0.63212469,2.9123475,3.59832766,-15.98178821,-16.25213243,1303486059369.2954,58.9015,1364521019598.76,,2026-07-24T12:30:00.000Z,,,,,
2026-07-24 14:32:55.341632,1027.0,Ethereum,ETH,ethereum,True,120682712.41641597,120682712.41641597,,2015-08-07T00:00:00.000Z,12237.0,2.0,2026-07-24T12:32:00.000Z,,,,,227101693234.52,"['pos', 'smart-contracts', 'ethereum-ecosystem', 'coinbase-ventures-portfolio', 'three-arrows-capital-portfolio', 'polychain-capital-portfolio', 'binance-labs-portfolio', 'blockchain-capital-portfolio', 'boostvc-portfolio', 'cms-holdings-portfolio', 'dcg-portfolio', 'dragonfly-capital-portfolio', 'electric-capital-portfolio', 'fabric-ventures-portfolio', 'framework-ventures-portfolio', 'hashkey-capital-portfolio', 'kenetic-capital-portfolio', 'huobi-capital-portfolio', 'alameda-research-portfolio', 'a16z-portfolio', '1confirmation-portfolio', 'winklevoss-capital-portfolio', 'usv-portfolio', 'placeholder-ventures-portfolio', 'pantera-capital-portfolio', 'multicoin-capital-portfolio', 'paradigm-portfolio', 'ethereum-pow-ecosystem', 'layer-1', 'ftx-bankruptcy-estate', 'sora-ecosystem', 'rsk-rbtc-ecosystem', 'world-liberty-financial-portfolio', 'us-strategic-crypto-reserve', 'binance-ecosystem', 'binance-listing', 'abstract-chain-ecosystem', 'unichain-ecosystem', 'soneium-ecosystem', 'sophon-ecosystem', 'sec-cftc-token-taxonomy', 'sec-cftc-digital-commodities', 'anubis-ecosystem', 'robinhood-ecosystem']",1881.8079962514387,10033221310.749155,9951619643.587326,81601667.1618277,6.2507,0.11942655,-1.82074076,2.69043827,12.41405104,-11.06464433,-18.70645182,227101693234.52435,10.2586,227101693234.52,,2026-07-24T12:32:00.000Z,,,,,
2026-07-24 14:32:55.341632,825.0,Tether USDt,USDT,tether,True,184156916986.16385,189106724037.45197,,2015-02-25T00:00:00.000Z,191309.0,3.0,2026-07-24T12:31:00.000Z,,,,,188948702055.22,"['stablecoin', 'asset-backed-stablecoin', 'usd-stablecoin', 'ethereum-pow-ecosystem', 'fiat-stablecoin', 'tron20-ecosystem', 'rsk-rbtc-ecosystem', 'venom-ecosystem', 'world-liberty-financial-portfolio', 'binance-ecosystem', 'binance-listing', 'peaq-ecosystem', 'etherlink-ecosystem', 'duckchain-ecosystem', 'onus-ecosystem', 'sophon-ecosystem', 'xlayer-ecosystem']",0.9991643767135577,52505829161.10128,51023796301.566795,1482032859.5345051,7.6712,-0.02179796,-0.02925676,0.009235,0.04802461,0.01261504,-0.08805515,184003031177.9708,8.3122,188948702055.22,,2026-07-24T12:31:00.000Z,1027.0,ethereum,Ethereum,ETH,0xdac17f958d2ee523a2206206994597c13d831ec7
2026-07-24 14:32:55.341632,1839.0,BNB,BNB,bnb,False,133165746.73,133165746.73,133165746.73,2017-07-25T00:00:00.000Z,3316.0,4.0,2026-07-24T12:32:00.000Z,,,,,75352781104.09,"['marketplace', 'centralized-exchange', 'payments', 'smart-contracts', 'alameda-research-portfolio', 'multicoin-capital-portfolio', 'bnb-chain-ecosystem', 'layer-1', 'alleged-sec-securities', 'celsius-bankruptcy-estate', 'binance-ecosystem', 'binance-listing', 'etherlink-ecosystem', 'made-in-china']",565.8570837805231,925360300.7237637,903218061.2508975,22142239.47286646,-2.0808,-0.0142748,-0.67612957,0.53819057,-2.07214035,-15.27166955,-10.86831228,75352781104.09354,3.404,75352781104.09,,2026-07-24T12:32:00.000Z,,,,,
2026-07-24 14:32:55.341632,3408.0,USDC,USDC,usd-coin,False,72978910168.95134,72978910168.95134,,2018-10-08T00:00:00.000Z,41807.0,5.0,2026-07-24T12:30:00.000Z,,,60901219650.23,60888464959.0361,72963626017.53,"['medium-of-exchange', 'stablecoin', 'asset-backed-stablecoin', 'stellar-ecosystem', 'coinbase-ventures-portfolio', 'usd-stablecoin', 'xdc-ecosystem', 'ethereum-pow-ecosystem', 'fiat-stablecoin', 'tron20-ecosystem', 'venom-ecosystem', 'made-in-america', 'world-liberty-financial-portfolio', 'sonic-ecosystem', 'binance-ecosystem', 'binance-listing', 'hyperevm-ecosystem', 'etherlink-ecosystem', 'unichain-ecosystem', 'vector-smart-chain-ecosystem', 'sophon-ecosystem', 'monad-ecosystem', 'xlayer-ecosystem']",0.9997905675573141,10155013262.281488,8864694456.036049,1290318806.2454348,8.2424,-0.04228365,-0.01313396,-0.00537565,0.00547532,0.00943724,0.00364113,72963626017.5301,3.2959,72963626017.53,,2026-07-24T12:30:00.000Z,1027.0,ethereum,Ethereum,ETH,0xa0b86991c6218b36c1d19d4a2e9eb0ce3606eb48
2026-07-24 14:32:55.341632,52.0,XRP,XRP,xrp,False,62466503703.0,99985639695.0,100000000000.0,2013-08-04T00:00:00.000Z,1851.0,6.0,2026-07-24T12:32:00.000Z,,,,,110360208792.14,"['medium-of-exchange', 'enterprise-solutions', 'xrp-ecosystem', 'solana-ecosystem', 'arrington-xrp-capital-portfolio', 'galaxy-digital-portfolio', 'a16z-portfolio', 'pantera-capital-portfolio', 'ftx-bankruptcy-estate', '2017-2018-alt-season', 'klaytn-ecosystem', 'made-in-america', 'us-strategic-crypto-reserve', 'binance-ecosystem', 'binance-listing', 'iso-20022', 'sec-cftc-token-taxonomy', 'sec-cftc-digital-commodities']",1.103760591308766,1120012704.1737013,1119257475.1061816,755229.06751957,19.1142,-0.02696561,-2.30256347,2.14162433,1.20074012,-18.67348011,-22.84981813,68948065064.21451,3.1145,110376059130.88,,2026-07-24T12:32:00.000Z,,,,,
2026-07-24 14:32:55.341632,5426.0,Solana,SOL,solana,True,582864861.9342287,630867516.9633151,,2020-04-10T00:00:00.000Z,1147.0,7.0,2026-07-24T12:30:00.000Z,,,525236893.3,39487183111.06116,47428467952.12,"['pos', 'platform', 'solana-ecosystem', 'cms-holdings-portfolio', 'kenetic-capital-portfolio', 'alameda-research-portfolio', 'multicoin-capital-portfolio', 'okx-ventures-portfolio', 'layer-1', 'ftx-bankruptcy-estate', 'alleged-sec-securities', 'cmc-crypto-awards-2024', 'made-in-america', 'us-strategic-crypto-reserve', 'binance-ecosystem', 'binance-listing', 'sec-cftc-token-taxonomy', 'sec-cftc-digital-commodities', 'coinlist-launchpad']",75.17975910444515,1633837847.9543216,1633767202.2979686,70645.65635304,4.1513,-0.14719072,-3.0266794,0.79854119,7.91981983,-12.48059371,-12.94277988,43819639910.660995,1.9795,47428467952.12,,2026-07-24T12:30:00.000Z,,,,,
2026-07-24 14:32:55.341632,1958.0,TRON,TRX,tron,True,94878859029.26059,94878859501.95769,,2017-09-13T00:00:00.000Z,1352.0,8.0,2026-07-24T12:31:00.000Z,,,94667886298.43,31334765828.842514,31404597280.53,"['media', 'payments', 'tron-ecosystem', 'layer-1', 'dwf-labs-portfolio', 'alleged-sec-securities', '2017-2018-alt-season', 'tron20-ecosystem', 'world-liberty-financial-portfolio', 'binance-ecosystem', 'binance-listing', 'made-in-china']",0.33099678311252395,451741591.5633245,451656551.05494887,85040.50837564,20.2174,-0.14229969,1.30180653,2.64074722,0.00816237,-9.98365783,2.49889776,31404597124.0719,1.4189,31404597280.53,,2026-07-24T12:31:00.000Z,,,,,
2026-07-24 14:32:55.341632,32196.0,Hyperliquid,HYPE,hyperliquid,False,252727609.92386654,953084179.5974618,953084179.5974618,2024-07-15T10:14:50.000Z,293.0,9.0,2026-07-24T12:31:00.000Z,,,333931719.0,19518758341.508465,55709052845.85,"['decentralized-exchange-dex-token', 'defi', 'derivatives', 'layer-1', 'hyperliquid-ecosystem', 'binance-ecosystem', 'binance-listing', 'perpetuals']",58.45134568216464,346781644.7541005,299526810.06346047,47254834.69064002,-7.1503,0.08962042,-1.6113765,-2.6231046,-5.96343838,-7.21082159,40.64177679,14772268891.087185,0.6673,55709052845.85,,2026-07-24T12:31:00.000Z,32196.0,hyperliquid,Hyperliquid,HYPE,0x0d01dc56dcaaca66ad901c959b4011ec
2026-07-24 14:32:55.341632,74.0,Dogecoin,DOGE,dogecoin,True,155202516383.70523,155202516383.70523,,2013-12-15T00:00:00.000Z,1456.0,10.0,2026-07-24T12:31:00.000Z,,,,,10791437669.02,"['mineable', 'pow', 'scrypt', 'medium-of-exchange', 'memes', 'payments', 'doggone-doggerel', 'doge-chain-ecosystem', 'osmosis-ecosystem', 'ftx-bankruptcy-estate', 'animal-memes', 'made-in-america', 'binance-ecosystem', 'binance-listing', 'sec-cftc-token-taxonomy', 'sec-cftc-digital-commodities']",0.06953133183963867,934797439.3100084,934427664.3328626,369774.97714573,86.2365,-0.11022219,-3.80515075,-3.2270349,-11.84255375,-32.42113916,-28.97813093,10791437669.022366,0.4875,10791437669.02,,2026-07-24T12:31:00.000Z,,,,,
2026-07-24 14:32:55.341632,3957.0,UNUS SED LEO,LEO,unus-sed-leo,False,920129382.9,985239504.0,,2019-05-21T00:00:00.000Z,69.0,11.0,2026-07-24T12:32:00.000Z,,,,,9457139932.04,"['marketplace', 'centralized-exchange', 'discount-token', 'payments', 'ethereum-ecosystem', 'kenetic-capital-portfolio', 'alameda-research-portfolio']",9.598823325335418,576933.96327189,576933.96327189,0.0,179.7178,-0.00636188,-1.31548318,-2.02828563,0.81077209,-4.55447746,-6.37754144,8832159382.907003,0.399,9457139932.04,,2026-07-24T12:32:00.000Z,1027.0,ethereum,Ethereum,ETH,0x2af5d2ad76741191d15dfe7bf6ac92d4bd912ca3
2026-07-24 14:32:55.341632,1437.0,Zcash,ZEC,zcash,False,16786844.4155448,16786844.4155448,21000000.0,2016-10-29T00:00:00.000Z,630.0,12.0,2026-07-24T12:30:00.000Z,,,,,8437343393.76,"['mineable', 'pow', 'equihash', 'medium-of-exchange', 'privacy', 'zero-knowledge-proofs', 'quantum-resistant', 'binance-chain', 'boostvc-portfolio', 'dcg-portfolio', 'electric-capital-portfolio', 'fenbushi-capital-portfolio', 'hashkey-capital-portfolio', 'winklevoss-capital-portfolio', 'placeholder-ventures-portfolio', 'pantera-capital-portfolio', 'layer-1', 'standard-crypto-portfolio', '2017-2018-alt-season', 'made-in-america', 'binance-ecosystem', 'binance-listing', 'privacy-coins']",502.61640513843815,400533534.5732135,369187444.4404321,31346090.13278137,11.9052,0.11333595,-2.38328517,-5.62919295,19.91668256,-25.31416497,41.36253532,8437343393.759393,0.3813,10554944507.91,,2026-07-24T12:30:00.000Z,,,,,
2026-07-24 14:32:55.341632,328.0,Monero,XMR,monero,True,18782099.14058,18782099.14058,,2014-05-21T00:00:00.000Z,372.0,13.0,2026-07-24T12:31:00.000Z,,,,,6647944896.21,"['mineable', 'pow', 'medium-of-exchange', 'privacy', 'ringct', 'boostvc-portfolio', 'electric-capital-portfolio', 'galaxy-digital-portfolio', 'layer-1', '2017-2018-alt-season', 'binance-ecosystem', 'binance-listing', 'privacy-coins']",353.9511130491281,100364396.57608652,100364396.57608652,0.0,43.225,0.36006488,2.19794384,9.06565361,10.00735445,-7.92343714,-4.40451746,6647944896.207363,0.3004,6647944896.21,,2026-07-24T12:31:00.000Z,,,,,
2026-07-24 14:32:55.341632,1975.0,Chainlink,LINK,chainlink,False,748099970.424884,1000000000.0,1000000000.0,2017-09-20T00:00:00.000Z,2259.0,14.0,2026-07-24T12:32:00.000Z,,,,,8469447953.62,"['platform', 'cosmos-ecosystem', 'defi', 'privacy', 'interoperability', 'iot', 'oracles', 'smart-contracts', 'ethereum-ecosystem', 'tron-ecosystem', 'polkadot', 'polkadot-ecosystem', 'heco-ecosystem', 'avalanche-ecosystem', 'solana-ecosystem', 'framework-ventures-portfolio', 'hedera-hashgraph-ecosystem', 'polygon-ecosystem', 'fantom-ecosystem', 'cardano-ecosystem', 'terra-ecosystem', 'web3', 'near-protocol-ecosystem', 'arbitrum-ecosystem', 'celo-ecosystem', 'defi-2', 'cross-chain', 'cronos-ecosystem', 'cardano', 'injective-ecosystem', 'bnb-chain-ecosystem', 'oasis-ecosystem', 'moonbeam-ecosystem', 'xdc-ecosystem', 'metisdao-ecosystem', 'velas-ecosystem', 'doge-chain-ecosystem', 'aptos-ecosystem', 'sui-ecosystem', 'optimism-ecosystem', 'bitcoin-ecosystem', 'real-world-assets-protocols', 'zksync-era-ecosystem', 'kadena-ecosystem', 'base-ecosystem', 'linea-ecosystem', 'sei-ecosystem', 'toncoin-ecosystem', 'paal-ecosystem', 'blast-ecosystem', 'atomicals-ecosystem', 'move-vm', 'eigenlayer-ecosystem', 'hyperliquid-ecosystem', 'gnosis-chain-ecosystem', 'ronin-ecosystem', 'astar-ecosystem', 'core-ecosystem', 'starknet-ecosystem', 'mantle-ecosystem', 'opbnb-ecosystem', 'scroll-ecosystem', 'merlin-ecosystem', 'b²-network-ecosystem', 'mode-ecosystem', 'world-chain-mainnet-ecosystem', 'made-in-america', 'btcfi', 'world-liberty-financial-portfolio', 'corn-ecosystem', 'bonk-fun-ecosystem', 'sonic-ecosystem', 'binance-ecosystem', 'binance-listing', 'bittensor-ecosystem', 'hyperevm-ecosystem', 'etherlink-ecosystem', 'bera-chain-ecosystem', 'abstract-chain-ecosystem', 'unichain-ecosystem', 'soneium-ecosystem', 'fraxtal-ecosystem', 'monad-ecosystem', 'hashkey-chain-ecosystem', 'wlfi-ecosystem', 'plasma-ecosystem', 'x402-ecosystem', 'iso-20022', 'megaeth-ecosystem', 'sec-cftc-token-taxonomy', 'sec-cftc-digital-commodities', 'robinhood-ecosystem']",8.46944795362381,189697160.15622938,184707770.86145994,4989389.29476943,-6.3825,0.11803554,-1.59060912,3.58675331,11.41480699,-11.28732579,-9.78128837,6335993763.621066,0.2862,8469447953.62,,2026-07-24T12:32:00.000Z,1027.0,ethereum,Ethereum,ETH,0x514910771af9ca656af840dff83e8264ecf986ca
2026-07-24 14:32:55.341632,512.0,Stellar,XLM,stellar,False,34174900114.233486,50001786839.912476,50001806812.0,2014-08-05T00:00:00.000Z,827.0,15.0,2026-07-24T12:32:00.000Z,,,31531408660.0,5744764244.00254,9109915775.46,"['medium-of-exchange', 'enterprise-solutions', 'decentralized-exchange-dex-token', 'defi', 'smart-contracts', 'hashkey-capital-portfolio', 'real-world-assets-protocols', '2017-2018-alt-season', 'made-in-america', 'binance-ecosystem', 'binance-listing', 'iso-20022', 'sec-cftc-token-taxonomy', 'sec-cftc-digital-commodities']",0.18219180455740983,122793457.8632516,122641812.30053559,151645.56271602,-14.8897,-0.14847339,-0.79341784,-0.84120235,-4.83776055,21.30448653,5.88509289,6226386722.381431,0.2813,9109919414.21,,2026-07-24T12:32:00.000Z,,,,,
2026-07-24 14:32:55.341632,2010.0,Cardano,ADA,cardano,False,36489899411.97189,44993202652.386566,45000000000.0,2017-10-01T00:00:00.000Z,1718.0,16.0,2026-07-24T12:31:00.000Z,,,37997904336.0,6319078093.503383,7482401100.94,"['dpos', 'pos', 'platform', 'research', 'smart-contracts', 'staking', 'cardano-ecosystem', 'cardano', 'layer-1', 'alleged-sec-securities', '2017-2018-alt-season', 'made-in-america', 'us-strategic-crypto-reserve', 'binance-ecosystem', 'binance-listing', 'iso-20022', 'sec-cftc-token-taxonomy', 'sec-cftc-digital-commodities']",0.16630070010246742,232638309.3073735,231774939.09184536,863370.21552806,-16.5567,0.06557901,-4.67673346,3.81149612,12.01009896,-32.04538043,-33.93339991,6068295818.87954,0.2742,7483531504.61,,2026-07-24T12:31:00.000Z,,,,,
2026-07-24 14:32:55.341632,37263.0,Canton,CC,canton-network,True,39145141881.92199,39145141881.92199,,2025-07-08T04:07:45.000Z,108.0,17.0,2026-07-24T12:30:00.000Z,,,39145141881.92,4684290586.226368,4684290586.23,"['proof-of-authority', 'store-of-value', 'enterprise-solutions', 'privacy', 'interoperability', 'scaling', 'smart-contracts', 'layer-1', 'binance-ecosystem', 'binance-listing', 'privacy-blockchain']",0.11966467257562566,12494279.61849583,10427615.59630103,2066664.02219479,7.1491,-0.15853171,-0.28501465,-7.67756784,-20.44506343,-28.01385319,-21.10974069,4684290586.226605,0.2117,4684290586.23,,2026-07-24T12:30:00.000Z,,,,,
2026-07-24 14:32:55.341632,4943.0,Dai,DAI,multi-collateral-dai,True,4647076141.403908,4647076141.403908,,2019-11-22T00:00:00.000Z,3771.0,18.0,2026-07-24T12:31:00.000Z,,,,,4645669251.49,"['defi', 'stablecoin', 'asset-backed-stablecoin', 'usd-stablecoin', 'xlayer-ecosystem', 'anubis-ecosystem']",0.9996972526662976,36602009.6525807,380538.86074676,36221470.79183394,2.5819,-0.02280779,-0.00263655,0.02036947,0.01357868,0.01429233,0.00137087,4645669251.492585,0.2099,4645669251.49,,2026-07-24T12:31:00.000Z,1027.0,ethereum,Ethereum,ETH,0x6b175474e89094c44da98b954eedeac495271d0f
2026-07-24 14:32:55.341632,1831.0,Bitcoin Cash,BCH,bitcoin-cash,False,20065618.75,20065618.75,21000000.0,2017-07-23T00:00:00.000Z,1173.0,19.0,2026-07-24T12:30:00.000Z,,,,,4221662590.76,"['mineable', 'pow', 'sha-256', 'marketplace', 'medium-of-exchange', 'store-of-value', 'enterprise-solutions', 'payments', 'layer-1', '2017-2018-alt-season', 'made-in-america', 'binance-ecosystem', 'binance-listing', 'sec-cftc-token-taxonomy', 'sec-cftc-digital-commodities']",210.39284376719408,99078259.70701747,99071746.77404149,6512.93297599,23.7277,-0.02452881,-2.74423913,-3.84643191,8.94190867,-39.76170343,-53.61766163,4221662590.7608304,0.1907,4418249719.11,,2026-07-24T12:30:00.000Z,,,,,
2026-07-24 14:32:55.341632,36148.0,World Liberty Financial USD,USD1,usd1,False,4152511634.4574523,4152511634.4574523,,2025-04-13T05:37:56.000Z,1229.0,20.0,2026-07-24T12:30:00.000Z,,,,,4147509172.18,"['stablecoin', 'asset-backed-stablecoin', 'usd-stablecoin', 'tron20-ecosystem', 'made-in-america', 'world-liberty-financial-portfolio', 'binance-ecosystem', 'binance-listing', 'wlfi-ecosystem']",0.9987953164926461,944926342.2474432,907992738.364444,36933603.88299941,36.4177,-0.02511302,-0.03099534,-0.02072388,-0.0310833,-0.00576245,-0.09973191,4147509172.177326,0.1874,4147509172.18,,2026-07-24T12:30:00.000Z,1027.0,ethereum,Ethereum,ETH,0x8d0D000Ee44948FC98c9B98A4FA4921476f08B0d
2026-07-24 14:32:55.341632,1.0,Bitcoin,BTC,bitcoin,False,20060671.0,20060671.0,21000000.0,2010-07-13T00:00:00.000Z,12673.0,1.0,2026-07-24T12:30:00.000Z,,,,,1303486059369.3,"['mineable', 'pow', 'sha-256', 'store-of-value', 'state-channel', 'coinbase-ventures-portfolio', 'three-arrows-capital-portfolio', 'polychain-capital-portfolio', 'binance-labs-portfolio', 'blockchain-capital-portfolio', 'boostvc-portfolio', 'cms-holdings-portfolio', 'dcg-portfolio', 'dragonfly-capital-portfolio', 'electric-capital-portfolio', 'fabric-ventures-portfolio', 'framework-ventures-portfolio', 'galaxy-digital-portfolio', 'huobi-capital-portfolio', 'alameda-research-portfolio', 'a16z-portfolio', '1confirmation-portfolio', 'winklevoss-capital-portfolio', 'usv-portfolio', 'placeholder-ventures-portfolio', 'pantera-capital-portfolio', 'multicoin-capital-portfolio', 'paradigm-portfolio', 'bitcoin-ecosystem', 'layer-1', 'ftx-bankruptcy-estate', '2017-2018-alt-season', 'us-strategic-crypto-reserve', 'binance-ecosystem', 'binance-listing', 'sec-cftc-token-taxonomy', 'sec-cftc-digital-commodities']",64977.19140946459,25215526480.801323,25188860182.445736,26666298.35558762,16.5947,-0.04363622,-0.63212469,2.9123475,3.59832766,-15.98178821,-16.25213243,1303486059369.2954,58.9015,1364521019598.76,,2026-07-24T12:30:00.000Z,,,,,
2026-07-24 14:32:55.341632,1027.0,Ethereum,ETH,ethereum,True,120682712.41641597,120682712.41641597,,2015-08-07T00:00:00.000Z,12237.0,2.0,2026-07-24T12:32:00.000Z,,,,,227101693234.52,"['pos', 'smart-contracts', 'ethereum-ecosystem', 'coinbase-ventures-portfolio', 'three-arrows-capital-portfolio', 'polychain-capital-portfolio', 'binance-labs-portfolio', 'blockchain-capital-portfolio', 'boostvc-portfolio', 'cms-holdings-portfolio', 'dcg-portfolio', 'dragonfly-capital-portfolio', 'electric-capital-portfolio', 'fabric-ventures-portfolio', 'framework-ventures-portfolio', 'hashkey-capital-portfolio', 'kenetic-capital-portfolio', 'huobi-capital-portfolio', 'alameda-research-portfolio', 'a16z-portfolio', '1confirmation-portfolio', 'winklevoss-capital-portfolio', 'usv-portfolio', 'placeholder-ventures-portfolio', 'pantera-capital-portfolio', 'multicoin-capital-portfolio', 'paradigm-portfolio', 'ethereum-pow-ecosystem', 'layer-1', 'ftx-bankruptcy-estate', 'sora-ecosystem', 'rsk-rbtc-ecosystem', 'world-liberty-financial-portfolio', 'us-strategic-crypto-reserve', 'binance-ecosystem', 'binance-listing', 'abstract-chain-ecosystem', 'unichain-ecosystem', 'soneium-ecosystem', 'sophon-ecosystem', 'sec-cftc-token-taxonomy', 'sec-cftc-digital-commodities', 'anubis-ecosystem', 'robinhood-ecosystem']",1881.8079962514387,10033221310.749155,9951619643.587326,81601667.1618277,6.2507,0.11942655,-1.82074076,2.69043827,12.41405104,-11.06464433,-18.70645182,227101693234.52435,10.2586,227101693234.52,,2026-07-24T12:32:00.000Z,,,,,
2026-07-24 14:32:55.341632,825.0,Tether USDt,USDT,tether,True,184156916986.16385,189106724037.45197,,2015-02-25T00:00:00.000Z,191309.0,3.0,2026-07-24T12:31:00.000Z,,,,,188948702055.22,"['stablecoin', 'asset-backed-stablecoin', 'usd-stablecoin', 'ethereum-pow-ecosystem', 'fiat-stablecoin', 'tron20-ecosystem', 'rsk-rbtc-ecosystem', 'venom-ecosystem', 'world-liberty-financial-portfolio', 'binance-ecosystem', 'binance-listing', 'peaq-ecosystem', 'etherlink-ecosystem', 'duckchain-ecosystem', 'onus-ecosystem', 'sophon-ecosystem', 'xlayer-ecosystem']",0.9991643767135577,52505829161.10128,51023796301.566795,1482032859.5345051,7.6712,-0.02179796,-0.02925676,0.009235,0.04802461,0.01261504,-0.08805515,184003031177.9708,8.3122,188948702055.22,,2026-07-24T12:31:00.000Z,1027.0,ethereum,Ethereum,ETH,0xdac17f958d2ee523a2206206994597c13d831ec7
2026-07-24 14:32:55.341632,1839.0,BNB,BNB,bnb,False,133165746.73,133165746.73,133165746.73,2017-07-25T00:00:00.000Z,3316.0,4.0,2026-07-24T12:32:00.000Z,,,,,75352781104.09,"['marketplace', 'centralized-exchange', 'payments', 'smart-contracts', 'alameda-research-portfolio', 'multicoin-capital-portfolio', 'bnb-chain-ecosystem', 'layer-1', 'alleged-sec-securities', 'celsius-bankruptcy-estate', 'binance-ecosystem', 'binance-listing', 'etherlink-ecosystem', 'made-in-china']",565.8570837805231,925360300.7237637,903218061.2508975,22142239.47286646,-2.0808,-0.0142748,-0.67612957,0.53819057,-2.07214035,-15.27166955,-10.86831228,75352781104.09354,3.404,75352781104.09,,2026-07-24T12:32:00.000Z,,,,,
2026-07-24 14:32:55.341632,3408.0,USDC,USDC,usd-coin,False,72978910168.95134,72978910168.95134,,2018-10-08T00:00:00.000Z,41807.0,5.0,2026-07-24T12:30:00.000Z,,,60901219650.23,60888464959.0361,72963626017.53,"['medium-of-exchange', 'stablecoin', 'asset-backed-stablecoin', 'stellar-ecosystem', 'coinbase-ventures-portfolio', 'usd-stablecoin', 'xdc-ecosystem', 'ethereum-pow-ecosystem', 'fiat-stablecoin', 'tron20-ecosystem', 'venom-ecosystem', 'made-in-america', 'world-liberty-financial-portfolio', 'sonic-ecosystem', 'binance-ecosystem', 'binance-listing', 'hyperevm-ecosystem', 'etherlink-ecosystem', 'unichain-ecosystem', 'vector-smart-chain-ecosystem', 'sophon-ecosystem', 'monad-ecosystem', 'xlayer-ecosystem']",0.9997905675573141,10155013262.281488,8864694456.036049,1290318806.2454348,8.2424,-0.04228365,-0.01313396,-0.00537565,0.00547532,0.00943724,0.00364113,72963626017.5301,3.2959,72963626017.53,,2026-07-24T12:30:00.000Z,1027.0,ethereum,Ethereum,ETH,0xa0b86991c6218b36c1d19d4a2e9eb0ce3606eb48
2026-07-24 14:32:55.341632,52.0,XRP,XRP,xrp,False,62466503703.0,99985639695.0,100000000000.0,2013-08-04T00:00:00.000Z,1851.0,6.0,2026-07-24T12:32:00.000Z,,,,,110360208792.14,"['medium-of-exchange', 'enterprise-solutions', 'xrp-ecosystem', 'solana-ecosystem', 'arrington-xrp-capital-portfolio', 'galaxy-digital-portfolio', 'a16z-portfolio', 'pantera-capital-portfolio', 'ftx-bankruptcy-estate', '2017-2018-alt-season', 'klaytn-ecosystem', 'made-in-america', 'us-strategic-crypto-reserve', 'binance-ecosystem', 'binance-listing', 'iso-20022', 'sec-cftc-token-taxonomy', 'sec-cftc-digital-commodities']",1.103760591308766,1120012704.1737013,1119257475.1061816,755229.06751957,19.1142,-0.02696561,-2.30256347,2.14162433,1.20074012,-18.67348011,-22.84981813,68948065064.21451,3.1145,110376059130.88,,2026-07-24T12:32:00.000Z,,,,,
2026-07-24 14:32:55.341632,5426.0,Solana,SOL,solana,True,582864861.9342287,630867516.9633151,,2020-04-10T00:00:00.000Z,1147.0,7.0,2026-07-24T12:30:00.000Z,,,525236893.3,39487183111.06116,47428467952.12,"['pos', 'platform', 'solana-ecosystem', 'cms-holdings-portfolio', 'kenetic-capital-portfolio', 'alameda-research-portfolio', 'multicoin-capital-portfolio', 'okx-ventures-portfolio', 'layer-1', 'ftx-bankruptcy-estate', 'alleged-sec-securities', 'cmc-crypto-awards-2024', 'made-in-america', 'us-strategic-crypto-reserve', 'binance-ecosystem', 'binance-listing', 'sec-cftc-token-taxonomy', 'sec-cftc-digital-commodities', 'coinlist-launchpad']",75.17975910444515,1633837847.9543216,1633767202.2979686,70645.65635304,4.1513,-0.14719072,-3.0266794,0.79854119,7.91981983,-12.48059371,-12.94277988,43819639910.660995,1.9795,47428467952.12,,2026-07-24T12:30:00.000Z,,,,,
2026-07-24 14:32:55.341632,1958.0,TRON,TRX,tron,True,94878859029.26059,94878859501.95769,,2017-09-13T00:00:00.000Z,1352.0,8.0,2026-07-24T12:31:00.000Z,,,94667886298.43,31334765828.842514,31404597280.53,"['media', 'payments', 'tron-ecosystem', 'layer-1', 'dwf-labs-portfolio', 'alleged-sec-securities', '2017-2018-alt-season', 'tron20-ecosystem', 'world-liberty-financial-portfolio', 'binance-ecosystem', 'binance-listing', 'made-in-china']",0.33099678311252395,451741591.5633245,451656551.05494887,85040.50837564,20.2174,-0.14229969,1.30180653,2.64074722,0.00816237,-9.98365783,2.49889776,31404597124.0719,1.4189,31404597280.53,,2026-07-24T12:31:00.000Z,,,,,
2026-07-24 14:32:55.341632,32196.0,Hyperliquid,HYPE,hyperliquid,False,252727609.92386654,953084179.5974618,953084179.5974618,2024-07-15T10:14:50.000Z,293.0,9.0,2026-07-24T12:31:00.000Z,,,333931719.0,19518758341.508465,55709052845.85,"['decentralized-exchange-dex-token', 'defi', 'derivatives', 'layer-1', 'hyperliquid-ecosystem', 'binance-ecosystem', 'binance-listing', 'perpetuals']",58.45134568216464,346781644.7541005,299526810.06346047,47254834.69064002,-7.1503,0.08962042,-1.6113765,-2.6231046,-5.96343838,-7.21082159,40.64177679,14772268891.087185,0.6673,55709052845.85,,2026-07-24T12:31:00.000Z,32196.0,hyperliquid,Hyperliquid,HYPE,0x0d01dc56dcaaca66ad901c959b4011ec
2026-07-24 14:32:55.341632,74.0,Dogecoin,DOGE,dogecoin,True,155202516383.70523,155202516383.70523,,2013-12-15T00:00:00.000Z,1456.0,10.0,2026-07-24T12:31:00.000Z,,,,,10791437669.02,"['mineable', 'pow', 'scrypt', 'medium-of-exchange', 'memes', 'payments', 'doggone-doggerel', 'doge-chain-ecosystem', 'osmosis-ecosystem', 'ftx-bankruptcy-estate', 'animal-memes', 'made-in-america', 'binance-ecosystem', 'binance-listing', 'sec-cftc-token-taxonomy', 'sec-cftc-digital-commodities']",0.06953133183963867,934797439.3100084,934427664.3328626,369774.97714573,86.2365,-0.11022219,-3.80515075,-3.2270349,-11.84255375,-32.42113916,-28.97813093,10791437669.022366,0.4875,10791437669.02,,2026-07-24T12:31:00.000Z,,,,,
2026-07-24 14:32:55.341632,3957.0,UNUS SED LEO,LEO,unus-sed-leo,False,920129382.9,985239504.0,,2019-05-21T00:00:00.000Z,69.0,11.0,2026-07-24T12:32:00.000Z,,,,,9457139932.04,"['marketplace', 'centralized-exchange', 'discount-token', 'payments', 'ethereum-ecosystem', 'kenetic-capital-portfolio', 'alameda-research-portfolio']",9.598823325335418,576933.96327189,576933.96327189,0.0,179.7178,-0.00636188,-1.31548318,-2.02828563,0.81077209,-4.55447746,-6.37754144,8832159382.907003,0.399,9457139932.04,,2026-07-24T12:32:00.000Z,1027.0,ethereum,Ethereum,ETH,0x2af5d2ad76741191d15dfe7bf6ac92d4bd912ca3
2026-07-24 14:32:55.341632,1437.0,Zcash,ZEC,zcash,False,16786844.4155448,16786844.4155448,21000000.0,2016-10-29T00:00:00.000Z,630.0,12.0,2026-07-24T12:30:00.000Z,,,,,8437343393.76,"['mineable', 'pow', 'equihash', 'medium-of-exchange', 'privacy', 'zero-knowledge-proofs', 'quantum-resistant', 'binance-chain', 'boostvc-portfolio', 'dcg-portfolio', 'electric-capital-portfolio', 'fenbushi-capital-portfolio', 'hashkey-capital-portfolio', 'winklevoss-capital-portfolio', 'placeholder-ventures-portfolio', 'pantera-capital-portfolio', 'layer-1', 'standard-crypto-portfolio', '2017-2018-alt-season', 'made-in-america', 'binance-ecosystem', 'binance-listing', 'privacy-coins']",502.61640513843815,400533534.5732135,369187444.4404321,31346090.13278137,11.9052,0.11333595,-2.38328517,-5.62919295,19.91668256,-25.31416497,41.36253532,8437343393.759393,0.3813,10554944507.91,,2026-07-24T12:30:00.000Z,,,,,
2026-07-24 14:32:55.341632,328.0,Monero,XMR,monero,True,18782099.14058,18782099.14058,,2014-05-21T00:00:00.000Z,372.0,13.0,2026-07-24T12:31:00.000Z,,,,,6647944896.21,"['mineable', 'pow', 'medium-of-exchange', 'privacy', 'ringct', 'boostvc-portfolio', 'electric-capital-portfolio', 'galaxy-digital-portfolio', 'layer-1', '2017-2018-alt-season', 'binance-ecosystem', 'binance-listing', 'privacy-coins']",353.9511130491281,100364396.57608652,100364396.57608652,0.0,43.225,0.36006488,2.19794384,9.06565361,10.00735445,-7.92343714,-4.40451746,6647944896.207363,0.3004,6647944896.21,,2026-07-24T12:31:00.000Z,,,,,
2026-07-24 14:32:55.341632,1975.0,Chainlink,LINK,chainlink,False,748099970.424884,1000000000.0,1000000000.0,2017-09-20T00:00:00.000Z,2259.0,14.0,2026-07-24T12:32:00.000Z,,,,,8469447953.62,"['platform', 'cosmos-ecosystem', 'defi', 'privacy', 'interoperability', 'iot', 'oracles', 'smart-contracts', 'ethereum-ecosystem', 'tron-ecosystem', 'polkadot', 'polkadot-ecosystem', 'heco-ecosystem', 'avalanche-ecosystem', 'solana-ecosystem', 'framework-ventures-portfolio', 'hedera-hashgraph-ecosystem', 'polygon-ecosystem', 'fantom-ecosystem', 'cardano-ecosystem', 'terra-ecosystem', 'web3', 'near-protocol-ecosystem', 'arbitrum-ecosystem', 'celo-ecosystem', 'defi-2', 'cross-chain', 'cronos-ecosystem', 'cardano', 'injective-ecosystem', 'bnb-chain-ecosystem', 'oasis-ecosystem', 'moonbeam-ecosystem', 'xdc-ecosystem', 'metisdao-ecosystem', 'velas-ecosystem', 'doge-chain-ecosystem', 'aptos-ecosystem', 'sui-ecosystem', 'optimism-ecosystem', 'bitcoin-ecosystem', 'real-world-assets-protocols', 'zksync-era-ecosystem', 'kadena-ecosystem', 'base-ecosystem', 'linea-ecosystem', 'sei-ecosystem', 'toncoin-ecosystem', 'paal-ecosystem', 'blast-ecosystem', 'atomicals-ecosystem', 'move-vm', 'eigenlayer-ecosystem', 'hyperliquid-ecosystem', 'gnosis-chain-ecosystem', 'ronin-ecosystem', 'astar-ecosystem', 'core-ecosystem', 'starknet-ecosystem', 'mantle-ecosystem', 'opbnb-ecosystem', 'scroll-ecosystem', 'merlin-ecosystem', 'b²-network-ecosystem', 'mode-ecosystem', 'world-chain-mainnet-ecosystem', 'made-in-america', 'btcfi', 'world-liberty-financial-portfolio', 'corn-ecosystem', 'bonk-fun-ecosystem', 'sonic-ecosystem', 'binance-ecosystem', 'binance-listing', 'bittensor-ecosystem', 'hyperevm-ecosystem', 'etherlink-ecosystem', 'bera-chain-ecosystem', 'abstract-chain-ecosystem', 'unichain-ecosystem', 'soneium-ecosystem', 'fraxtal-ecosystem', 'monad-ecosystem', 'hashkey-chain-ecosystem', 'wlfi-ecosystem', 'plasma-ecosystem', 'x402-ecosystem', 'iso-20022', 'megaeth-ecosystem', 'sec-cftc-token-taxonomy', 'sec-cftc-digital-commodities', 'robinhood-ecosystem']",8.46944795362381,189697160.15622938,184707770.86145994,4989389.29476943,-6.3825,0.11803554,-1.59060912,3.58675331,11.41480699,-11.28732579,-9.78128837,6335993763.621066,0.2862,8469447953.62,,2026-07-24T12:32:00.000Z,1027.0,ethereum,Ethereum,ETH,0x514910771af9ca656af840dff83e8264ecf986ca
2026-07-24 14:32:55.341632,512.0,Stellar,XLM,stellar,False,34174900114.233486,50001786839.912476,50001806812.0,2014-08-05T00:00:00.000Z,827.0,15.0,2026-07-24T12:32:00.000Z,,,31531408660.0,5744764244.00254,9109915775.46,"['medium-of-exchange', 'enterprise-solutions', 'decentralized-exchange-dex-token', 'defi', 'smart-contracts', 'hashkey-capital-portfolio', 'real-world-assets-protocols', '2017-2018-alt-season', 'made-in-america', 'binance-ecosystem', 'binance-listing', 'iso-20022', 'sec-cftc-token-taxonomy', 'sec-cftc-digital-commodities']",0.18219180455740983,122793457.8632516,122641812.30053559,151645.56271602,-14.8897,-0.14847339,-0.79341784,-0.84120235,-4.83776055,21.30448653,5.88509289,6226386722.381431,0.2813,9109919414.21,,2026-07-24T12:32:00.000Z,,,,,
2026-07-24 14:32:55.341632,2010.0,Cardano,ADA,cardano,False,36489899411.97189,44993202652.386566,45000000000.0,2017-10-01T00:00:00.000Z,1718.0,16.0,2026-07-24T12:31:00.000Z,,,37997904336.0,6319078093.503383,7482401100.94,"['dpos', 'pos', 'platform', 'research', 'smart-contracts', 'staking', 'cardano-ecosystem', 'cardano', 'layer-1', 'alleged-sec-securities', '2017-2018-alt-season', 'made-in-america', 'us-strategic-crypto-reserve', 'binance-ecosystem', 'binance-listing', 'iso-20022', 'sec-cftc-token-taxonomy', 'sec-cftc-digital-commodities']",0.16630070010246742,232638309.3073735,231774939.09184536,863370.21552806,-16.5567,0.06557901,-4.67673346,3.81149612,12.01009896,-32.04538043,-33.93339991,6068295818.87954,0.2742,7483531504.61,,2026-07-24T12:31:00.000Z,,,,,
2026-07-24 14:32:55.341632,37263.0,Canton,CC,canton-network,True,39145141881.92199,39145141881.92199,,2025-07-08T04:07:45.000Z,108.0,17.0,2026-07-24T12:30:00.000Z,,,39145141881.92,4684290586.226368,4684290586.23,"['proof-of-authority', 'store-of-value', 'enterprise-solutions', 'privacy', 'interoperability', 'scaling', 'smart-contracts', 'layer-1', 'binance-ecosystem', 'binance-listing', 'privacy-blockchain']",0.11966467257562566,12494279.61849583,10427615.59630103,2066664.02219479,7.1491,-0.15853171,-0.28501465,-7.67756784,-20.44506343,-28.01385319,-21.10974069,4684290586.226605,0.2117,4684290586.23,,2026-07-24T12:30:00.000Z,,,,,
2026-07-24 14:32:55.341632,4943.0,Dai,DAI,multi-collateral-dai,True,4647076141.403908,4647076141.403908,,2019-11-22T00:00:00.000Z,3771.0,18.0,2026-07-24T12:31:00.000Z,,,,,4645669251.49,"['defi', 'stablecoin', 'asset-backed-stablecoin', 'usd-stablecoin', 'xlayer-ecosystem', 'anubis-ecosystem']",0.9996972526662976,36602009.6525807,380538.86074676,36221470.79183394,2.5819,-0.02280779,-0.00263655,0.02036947,0.01357868,0.01429233,0.00137087,4645669251.492585,0.2099,4645669251.49,,2026-07-24T12:31:00.000Z,1027.0,ethereum,Ethereum,ETH,0x6b175474e89094c44da98b954eedeac495271d0f
2026-07-24 14:32:55.341632,1831.0,Bitcoin Cash,BCH,bitcoin-cash,False,20065618.75,20065618.75,21000000.0,2017-07-23T00:00:00.000Z,1173.0,19.0,2026-07-24T12:30:00.000Z,,,,,4221662590.76,"['mineable', 'pow', 'sha-256', 'marketplace', 'medium-of-exchange', 'store-of-value', 'enterprise-solutions', 'payments', 'layer-1', '2017-2018-alt-season', 'made-in-america', 'binance-ecosystem', 'binance-listing', 'sec-cftc-token-taxonomy', 'sec-cftc-digital-commodities']",210.39284376719408,99078259.70701747,99071746.77404149,6512.93297599,23.7277,-0.02452881,-2.74423913,-3.84643191,8.94190867,-39.76170343,-53.61766163,4221662590.7608304,0.1907,4418249719.11,,2026-07-24T12:30:00.000Z,,,,,
2026-07-24 14:32:55.341632,36148.0,World Liberty Financial USD,USD1,usd1,False,4152511634.4574523,4152511634.4574523,,2025-04-13T05:37:56.000Z,1229.0,20.0,2026-07-24T12:30:00.000Z,,,,,4147509172.18,"['stablecoin', 'asset-backed-stablecoin', 'usd-stablecoin', 'tron20-ecosystem', 'made-in-america', 'world-liberty-financial-portfolio', 'binance-ecosystem', 'binance-listing', 'wlfi-ecosystem']",0.9987953164926461,944926342.2474432,907992738.364444,36933603.88299941,36.4177,-0.02511302,-0.03099534,-0.02072388,-0.0310833,-0.00576245,-0.09973191,4147509172.177326,0.1874,4147509172.18,,2026-07-24T12:30:00.000Z,1027.0,ethereum,Ethereum,ETH,0x8d0D000Ee44948FC98c9B98A4FA4921476f08B0d
2026-07-24 14:33:55.516418,1.0,Bitcoin,BTC,bitcoin,False,20060671.0,20060671.0,21000000.0,2010-07-13T00:00:00.000Z,12673.0,1.0,2026-07-24T12:31:00.000Z,,,,,1303473806358.45,"['mineable', 'pow', 'sha-256', 'store-of-value', 'state-channel', 'coinbase-ventures-portfolio', 'three-arrows-capital-portfolio', 'polychain-capital-portfolio', 'binance-labs-portfolio', 'blockchain-capital-portfolio', 'boostvc-portfolio', 'cms-holdings-portfolio', 'dcg-portfolio', 'dragonfly-capital-portfolio', 'electric-capital-portfolio', 'fabric-ventures-portfolio', 'framework-ventures-portfolio', 'galaxy-digital-portfolio', 'huobi-capital-portfolio', 'alameda-research-portfolio', 'a16z-portfolio', '1confirmation-portfolio', 'winklevoss-capital-portfolio', 'usv-portfolio', 'placeholder-ventures-portfolio', 'pantera-capital-portfolio', 'multicoin-capital-portfolio', 'paradigm-portfolio', 'bitcoin-ecosystem', 'layer-1', 'ftx-bankruptcy-estate', '2017-2018-alt-season', 'us-strategic-crypto-reserve', 'binance-ecosystem', 'binance-listing', 'sec-cftc-token-taxonomy', 'sec-cftc-digital-commodities']",64976.58061180775,25182831622.15585,25156142089.124004,26689533.03184556,16.6563,-0.02012935,-0.59926337,2.92253209,3.63012621,-15.97744243,-16.26525226,1303473806358.454,58.8939,1364508192847.96,,2026-07-24T12:31:00.000Z,,,,,
2026-07-24 14:33:55.516418,1027.0,Ethereum,ETH,ethereum,True,120682712.41641597,120682712.41641597,,2015-08-07T00:00:00.000Z,12237.0,2.0,2026-07-24T12:32:00.000Z,,,,,227101693234.52,"['pos', 'smart-contracts', 'ethereum-ecosystem', 'coinbase-ventures-portfolio', 'three-arrows-capital-portfolio', 'polychain-capital-portfolio', 'binance-labs-portfolio', 'blockchain-capital-portfolio', 'boostvc-portfolio', 'cms-holdings-portfolio', 'dcg-portfolio', 'dragonfly-capital-portfolio', 'electric-capital-portfolio', 'fabric-ventures-portfolio', 'framework-ventures-portfolio', 'hashkey-capital-portfolio', 'kenetic-capital-portfolio', 'huobi-capital-portfolio', 'alameda-research-portfolio', 'a16z-portfolio', '1confirmation-portfolio', 'winklevoss-capital-portfolio', 'usv-portfolio', 'placeholder-ventures-portfolio', 'pantera-capital-portfolio', 'multicoin-capital-portfolio', 'paradigm-portfolio', 'ethereum-pow-ecosystem', 'layer-1', 'ftx-bankruptcy-estate', 'sora-ecosystem', 'rsk-rbtc-ecosystem', 'world-liberty-financial-portfolio', 'us-strategic-crypto-reserve', 'binance-ecosystem', 'binance-listing', 'abstract-chain-ecosystem', 'unichain-ecosystem', 'soneium-ecosystem', 'sophon-ecosystem', 'sec-cftc-token-taxonomy', 'sec-cftc-digital-commodities', 'anubis-ecosystem', 'robinhood-ecosystem']",1881.8079962514387,10033221310.749155,9951619643.587326,81601667.1618277,6.2507,0.11942655,-1.82074076,2.69043827,12.41405104,-11.06464433,-18.70645182,227101693234.52435,10.2586,227101693234.52,,2026-07-24T12:32:00.000Z,,,,,
2026-07-24 14:33:55.516418,825.0,Tether USDt,USDT,tether,True,184156916986.16385,189106724037.45197,,2015-02-25T00:00:00.000Z,191309.0,3.0,2026-07-24T12:32:00.000Z,,,,,188959340984.96,"['stablecoin', 'asset-backed-stablecoin', 'usd-stablecoin', 'ethereum-pow-ecosystem', 'fiat-stablecoin', 'tron20-ecosystem', 'rsk-rbtc-ecosystem', 'venom-ecosystem', 'world-liberty-financial-portfolio', 'binance-ecosystem', 'binance-listing', 'peaq-ecosystem', 'etherlink-ecosystem', 'duckchain-ecosystem', 'onus-ecosystem', 'sophon-ecosystem', 'xlayer-ecosystem']",0.9992206355789948,52515336216.78423,51024181554.05555,1491154662.7287147,7.6608,-0.02201931,-0.0217579,0.00840478,0.04332033,0.0205363,-0.08853909,184013391637.18283,8.3126,188959340984.96,,2026-07-24T12:32:00.000Z,1027.0,ethereum,Ethereum,ETH,0xdac17f958d2ee523a2206206994597c13d831ec7
2026-07-24 14:33:55.516418,1839.0,BNB,BNB,bnb,False,133165746.73,133165746.73,133165746.73,2017-07-25T00:00:00.000Z,3316.0,4.0,2026-07-24T12:33:00.000Z,,,,,75358085877.55,"['marketplace', 'centralized-exchange', 'payments', 'smart-contracts', 'alameda-research-portfolio', 'multicoin-capital-portfolio', 'bnb-chain-ecosystem', 'layer-1', 'alleged-sec-securities', 'celsius-bankruptcy-estate', 'binance-ecosystem', 'binance-listing', 'etherlink-ecosystem', 'made-in-china']",565.8969196511124,925338784.8565912,903196544.2067908,22142240.64980051,-2.0857,-0.00308174,-0.66586135,0.55423471,-2.07186718,-15.32105935,-10.85329864,75358085877.5472,3.4042,75358085877.55,,2026-07-24T12:33:00.000Z,,,,,
2026-07-24 14:33:55.516418,3408.0,USDC,USDC,usd-coin,False,72978910168.95134,72978910168.95134,,2018-10-08T00:00:00.000Z,41807.0,5.0,2026-07-24T12:32:00.000Z,,,60901219650.23,60898165729.05855,72975250606.14,"['medium-of-exchange', 'stablecoin', 'asset-backed-stablecoin', 'stellar-ecosystem', 'coinbase-ventures-portfolio', 'usd-stablecoin', 'xdc-ecosystem', 'ethereum-pow-ecosystem', 'fiat-stablecoin', 'tron20-ecosystem', 'venom-ecosystem', 'made-in-america', 'world-liberty-financial-portfolio', 'sonic-ecosystem', 'binance-ecosystem', 'binance-listing', 'hyperevm-ecosystem', 'etherlink-ecosystem', 'unichain-ecosystem', 'vector-smart-chain-ecosystem', 'sophon-ecosystem', 'monad-ecosystem', 'xlayer-ecosystem']",0.9999498545154105,10163064070.892197,8868488502.574083,1294575568.3181193,8.4974,-0.01443952,0.00097336,-0.00222144,-0.00290402,0.0282394,0.01458835,72975250606.13611,3.2989,72975250606.14,,2026-07-24T12:32:00.000Z,1027.0,ethereum,Ethereum,ETH,0xa0b86991c6218b36c1d19d4a2e9eb0ce3606eb48
2026-07-24 14:33:55.516418,52.0,XRP,XRP,xrp,False,62466503703.0,99985639695.0,100000000000.0,2013-08-04T00:00:00.000Z,1851.0,6.0,2026-07-24T12:33:00.000Z,,,,,110364422519.45,"['medium-of-exchange', 'enterprise-solutions', 'xrp-ecosystem', 'solana-ecosystem', 'arrington-xrp-capital-portfolio', 'galaxy-digital-portfolio', 'a16z-portfolio', 'pantera-capital-portfolio', 'ftx-bankruptcy-estate', '2017-2018-alt-season', 'klaytn-ecosystem', 'made-in-america', 'us-strategic-crypto-reserve', 'binance-ecosystem', 'binance-listing', 'iso-20022', 'sec-cftc-token-taxonomy', 'sec-cftc-digital-commodities']",1.1038027346338197,1119840452.6082158,1119086313.611999,754138.99621708,19.0695,-0.00040116,-2.29509736,2.13294358,1.19268241,-18.67347269,-22.82878631,68950697610.38503,3.1169,110380273463.38,,2026-07-24T12:33:00.000Z,,,,,
2026-07-24 14:33:55.516418,5426.0,Solana,SOL,solana,True,582864861.9342287,630867516.9633151,,2020-04-10T00:00:00.000Z,1147.0,7.0,2026-07-24T12:31:00.000Z,,,525236893.3,39460152435.58859,47396001125.56,"['pos', 'platform', 'solana-ecosystem', 'cms-holdings-portfolio', 'kenetic-capital-portfolio', 'alameda-research-portfolio', 'multicoin-capital-portfolio', 'okx-ventures-portfolio', 'layer-1', 'ftx-bankruptcy-estate', 'alleged-sec-securities', 'cmc-crypto-awards-2024', 'made-in-america', 'us-strategic-crypto-reserve', 'binance-ecosystem', 'binance-listing', 'sec-cftc-token-taxonomy', 'sec-cftc-digital-commodities', 'coinlist-launchpad']",75.12829532530591,1633306582.4862306,1633235935.80409,70646.68214064,4.1797,-0.18323551,-3.03636124,0.73433217,7.87747778,-12.54093892,-13.01657091,43789643482.13838,1.9782,47396001125.56,,2026-07-24T12:31:00.000Z,,,,,
2026-07-24 14:33:55.516418,1958.0,TRON,TRX,tron,True,94878859029.26059,94878859501.95769,,2017-09-13T00:00:00.000Z,1352.0,8.0,2026-07-24T12:32:00.000Z,,,94667886298.43,31334812985.99912,31404644542.78,"['media', 'payments', 'tron-ecosystem', 'layer-1', 'dwf-labs-portfolio', 'alleged-sec-securities', '2017-2018-alt-season', 'tron20-ecosystem', 'world-liberty-financial-portfolio', 'binance-ecosystem', 'binance-listing', 'made-in-china']",0.33099728124508454,451711750.2641842,451626709.75580865,85040.50837564,20.1972,-0.13954271,1.30287981,2.63711316,0.0020102,-9.97630234,2.49280953,31404644386.320896,1.4189,31404644542.78,,2026-07-24T12:32:00.000Z,,,,,
2026-07-24 14:33:55.516418,32196.0,Hyperliquid,HYPE,hyperliquid,False,252727609.92386654,953084179.5974618,953084179.5974618,2024-07-15T10:14:50.000Z,293.0,9.0,2026-07-24T12:32:00.000Z,,,333931719.0,19516500013.465492,55702607286.45,"['decentralized-exchange-dex-token', 'defi', 'derivatives', 'layer-1', 'hyperliquid-ecosystem', 'binance-ecosystem', 'binance-listing', 'perpetuals']",58.44458283840204,346766418.26824147,299511583.57760143,47254834.69064002,-7.1307,0.07603296,-1.62010197,-2.64254261,-5.98695287,-7.22252388,40.62595966,14770559733.746775,0.6676,55702607286.45,,2026-07-24T12:32:00.000Z,32196.0,hyperliquid,Hyperliquid,HYPE,0x0d01dc56dcaaca66ad901c959b4011ec
2026-07-24 14:33:55.516418,74.0,Dogecoin,DOGE,dogecoin,True,155202516383.70523,155202516383.70523,,2013-12-15T00:00:00.000Z,1456.0,10.0,2026-07-24T12:32:00.000Z,,,,,10791469255.72,"['mineable', 'pow', 'scrypt', 'medium-of-exchange', 'memes', 'payments', 'doggone-doggerel', 'doge-chain-ecosystem', 'osmosis-ecosystem', 'ftx-bankruptcy-estate', 'animal-memes', 'made-in-america', 'binance-ecosystem', 'binance-listing', 'sec-cftc-token-taxonomy', 'sec-cftc-digital-commodities']",0.0695315353588687,934772943.5982797,934403168.621134,369774.97714573,86.2145,-0.10177489,-3.80195325,-3.22385351,-11.84139716,-32.42145464,-28.98497458,10791469255.719,0.4875,10791469255.72,,2026-07-24T12:32:00.000Z,,,,,
2026-07-24 14:33:55.516418,3957.0,UNUS SED LEO,LEO,unus-sed-leo,False,920129382.9,985239504.0,,2019-05-21T00:00:00.000Z,69.0,11.0,2026-07-24T12:33:00.000Z,,,,,9457273385.52,"['marketplace', 'centralized-exchange', 'discount-token', 'payments', 'ethereum-ecosystem', 'kenetic-capital-portfolio', 'alameda-research-portfolio']",9.598958778169449,576942.75886783,576942.75886783,0.0,179.7315,-0.00711565,-1.31204427,-2.02418558,0.83606519,-4.55445815,-6.37162335,8832284017.039593,0.399,9457273385.52,,2026-07-24T12:33:00.000Z,1027.0,ethereum,Ethereum,ETH,0x2af5d2ad76741191d15dfe7bf6ac92d4bd912ca3
2026-07-24 14:33:55.516418,1437.0,Zcash,ZEC,zcash,False,16786844.4155448,16786844.4155448,21000000.0,2016-10-29T00:00:00.000Z,630.0,12.0,2026-07-24T12:32:00.000Z,,,,,8432515267.16,"['mineable', 'pow', 'equihash', 'medium-of-exchange', 'privacy', 'zero-knowledge-proofs', 'quantum-resistant', 'binance-chain', 'boostvc-portfolio', 'dcg-portfolio', 'electric-capital-portfolio', 'fenbushi-capital-portfolio', 'hashkey-capital-portfolio', 'winklevoss-capital-portfolio', 'placeholder-ventures-portfolio', 'pantera-capital-portfolio', 'layer-1', 'standard-crypto-portfolio', '2017-2018-alt-season', 'made-in-america', 'binance-ecosystem', 'binance-listing', 'privacy-coins']",502.3287914283718,400220751.5771346,368918243.9198759,31302507.65725867,11.7497,0.09079483,-2.38257967,-5.6845033,19.88198888,-25.27183248,41.25840588,8432515267.156732,0.381,10548904620.0,,2026-07-24T12:32:00.000Z,,,,,
2026-07-24 14:33:55.516418,328.0,Monero,XMR,monero,True,18782099.14058,18782099.14058,,2014-05-21T00:00:00.000Z,372.0,13.0,2026-07-24T12:32:00.000Z,,,,,6648696185.08,"['mineable', 'pow', 'medium-of-exchange', 'privacy', 'ringct', 'boostvc-portfolio', 'electric-capital-portfolio', 'galaxy-digital-portfolio', 'layer-1', '2017-2018-alt-season', 'binance-ecosystem', 'binance-listing', 'privacy-coins']",353.99111331052273,100386835.41210529,100386835.41210529,0.0,43.1484,0.5455897,2.21611425,9.07771981,10.01916336,-7.91080338,-4.3835832,6648696185.082526,0.3004,6648696185.08,,2026-07-24T12:32:00.000Z,,,,,
2026-07-24 14:33:55.516418,1975.0,Chainlink,LINK,chainlink,False,748099970.424884,1000000000.0,1000000000.0,2017-09-20T00:00:00.000Z,2259.0,14.0,2026-07-24T12:33:00.000Z,,,,,8469900103.01,"['platform', 'cosmos-ecosystem', 'defi', 'privacy', 'interoperability', 'iot', 'oracles', 'smart-contracts', 'ethereum-ecosystem', 'tron-ecosystem', 'polkadot', 'polkadot-ecosystem', 'heco-ecosystem', 'avalanche-ecosystem', 'solana-ecosystem', 'framework-ventures-portfolio', 'hedera-hashgraph-ecosystem', 'polygon-ecosystem', 'fantom-ecosystem', 'cardano-ecosystem', 'terra-ecosystem', 'web3', 'near-protocol-ecosystem', 'arbitrum-ecosystem', 'celo-ecosystem', 'defi-2', 'cross-chain', 'cronos-ecosystem', 'cardano', 'injective-ecosystem', 'bnb-chain-ecosystem', 'oasis-ecosystem', 'moonbeam-ecosystem', 'xdc-ecosystem', 'metisdao-ecosystem', 'velas-ecosystem', 'doge-chain-ecosystem', 'aptos-ecosystem', 'sui-ecosystem', 'optimism-ecosystem', 'bitcoin-ecosystem', 'real-world-assets-protocols', 'zksync-era-ecosystem', 'kadena-ecosystem', 'base-ecosystem', 'linea-ecosystem', 'sei-ecosystem', 'toncoin-ecosystem', 'paal-ecosystem', 'blast-ecosystem', 'atomicals-ecosystem', 'move-vm', 'eigenlayer-ecosystem', 'hyperliquid-ecosystem', 'gnosis-chain-ecosystem', 'ronin-ecosystem', 'astar-ecosystem', 'core-ecosystem', 'starknet-ecosystem', 'mantle-ecosystem', 'opbnb-ecosystem', 'scroll-ecosystem', 'merlin-ecosystem', 'b²-network-ecosystem', 'mode-ecosystem', 'world-chain-mainnet-ecosystem', 'made-in-america', 'btcfi', 'world-liberty-financial-portfolio', 'corn-ecosystem', 'bonk-fun-ecosystem', 'sonic-ecosystem', 'binance-ecosystem', 'binance-listing', 'bittensor-ecosystem', 'hyperevm-ecosystem', 'etherlink-ecosystem', 'bera-chain-ecosystem', 'abstract-chain-ecosystem', 'unichain-ecosystem', 'soneium-ecosystem', 'fraxtal-ecosystem', 'monad-ecosystem', 'hashkey-chain-ecosystem', 'wlfi-ecosystem', 'plasma-ecosystem', 'x402-ecosystem', 'iso-20022', 'megaeth-ecosystem', 'sec-cftc-token-taxonomy', 'sec-cftc-digital-commodities', 'robinhood-ecosystem']",8.469900103012789,189618187.81797934,184652904.0220012,4965283.79597812,-6.444,0.14161557,-1.57876209,3.59153608,11.41636272,-11.32058057,-9.76413488,6336332016.565589,0.2862,8469900103.01,,2026-07-24T12:33:00.000Z,1027.0,ethereum,Ethereum,ETH,0x514910771af9ca656af840dff83e8264ecf986ca
2026-07-24 14:33:55.516418,512.0,Stellar,XLM,stellar,False,34174900114.233486,50001786839.912476,50001806812.0,2014-08-05T00:00:00.000Z,827.0,15.0,2026-07-24T12:33:00.000Z,,,31531408660.0,5744558204.014194,9109589041.96,"['medium-of-exchange', 'enterprise-solutions', 'decentralized-exchange-dex-token', 'defi', 'smart-contracts', 'hashkey-capital-portfolio', 'real-world-assets-protocols', '2017-2018-alt-season', 'made-in-america', 'binance-ecosystem', 'binance-listing', 'iso-20022', 'sec-cftc-token-taxonomy', 'sec-cftc-digital-commodities']",0.18218527012088756,122383580.31078403,122231934.74806802,151645.56271602,-15.4287,-0.11968823,-0.77464372,-0.85915397,-4.8445965,21.33076852,5.90753059,6226163408.665978,0.2815,9109592680.58,,2026-07-24T12:33:00.000Z,,,,,
2026-07-24 14:33:55.516418,2010.0,Cardano,ADA,cardano,False,36489899411.97189,44993202652.386566,45000000000.0,2017-10-01T00:00:00.000Z,1718.0,16.0,2026-07-24T12:32:00.000Z,,,37997904336.0,6318628987.601443,7481869316.02,"['dpos', 'pos', 'platform', 'research', 'smart-contracts', 'staking', 'cardano-ecosystem', 'cardano', 'layer-1', 'alleged-sec-securities', '2017-2018-alt-season', 'made-in-america', 'us-strategic-crypto-reserve', 'binance-ecosystem', 'binance-listing', 'iso-20022', 'sec-cftc-token-taxonomy', 'sec-cftc-digital-commodities']",0.16628888087428137,232766303.90399078,231901240.23294327,865063.67104747,-16.5086,0.06356959,-4.66151508,3.80613816,11.99384681,-32.06727612,-33.94549829,6067864536.431905,0.2742,7482999639.34,,2026-07-24T12:32:00.000Z,,,,,
2026-07-24 14:33:55.516418,37263.0,Canton,CC,canton-network,True,39145141881.92199,39145141881.92199,,2025-07-08T04:07:45.000Z,108.0,17.0,2026-07-24T12:32:00.000Z,,,39145141881.92,4687643094.568625,4687643094.57,"['proof-of-authority', 'store-of-value', 'enterprise-solutions', 'privacy', 'interoperability', 'scaling', 'smart-contracts', 'layer-1', 'binance-ecosystem', 'binance-listing', 'privacy-blockchain']",0.11975031560004924,12498584.95916037,10431338.77008675,2067246.18907362,7.2988,-0.05563106,-0.20314986,-7.60354598,-20.39011389,-27.93968741,-21.06444899,4687643094.568863,0.2118,4687643094.57,,2026-07-24T12:32:00.000Z,,,,,
2026-07-24 14:33:55.516418,4943.0,Dai,DAI,multi-collateral-dai,True,4647076141.403908,4647076141.403908,,2019-11-22T00:00:00.000Z,3771.0,18.0,2026-07-24T12:32:00.000Z,,,,,4645578124.96,"['defi', 'stablecoin', 'asset-backed-stablecoin', 'usd-stablecoin', 'xlayer-ecosystem', 'anubis-ecosystem']",0.9996776432323963,36598902.95022702,380539.41021209,36218363.54001494,2.5597,-0.02613306,-0.00451219,-0.00205807,0.01304686,0.01164515,-0.00096427,4645578124.960156,0.2099,4645578124.96,,2026-07-24T12:32:00.000Z,1027.0,ethereum,Ethereum,ETH,0x6b175474e89094c44da98b954eedeac495271d0f
2026-07-24 14:33:55.516418,1831.0,Bitcoin Cash,BCH,bitcoin-cash,False,20065618.75,20065618.75,21000000.0,2017-07-23T00:00:00.000Z,1173.0,19.0,2026-07-24T12:31:00.000Z,,,,,4220759289.92,"['mineable', 'pow', 'sha-256', 'marketplace', 'medium-of-exchange', 'store-of-value', 'enterprise-solutions', 'payments', 'layer-1', '2017-2018-alt-season', 'made-in-america', 'binance-ecosystem', 'binance-listing', 'sec-cftc-token-taxonomy', 'sec-cftc-digital-commodities']",210.34782642416957,99062579.74603306,99056066.81305707,6512.93297599,23.5467,-0.05814654,-2.74286221,-3.85481582,8.93391912,-39.77684813,-53.63112256,4220759289.9185624,0.1907,4417304354.91,,2026-07-24T12:31:00.000Z,,,,,
2026-07-24 14:33:55.516418,36148.0,World Liberty Financial USD,USD1,usd1,False,4152511634.4574523,4152511634.4574523,,2025-04-13T05:37:56.000Z,1229.0,20.0,2026-07-24T12:32:00.000Z,,,,,4147189950.18,"['stablecoin', 'asset-backed-stablecoin', 'usd-stablecoin', 'tron20-ecosystem', 'made-in-america', 'world-liberty-financial-portfolio', 'binance-ecosystem', 'binance-listing', 'wlfi-ecosystem']",0.9987184420538864,944646160.5216256,907772778.8790455,36873381.6425804,36.0074,-0.02588476,-0.03181348,-0.02497366,-0.031643,-0.01362739,-0.107417,4147189950.175984,0.1874,4147189950.18,,2026-07-24T12:32:00.000Z,1027.0,ethereum,Ethereum,ETH,0x8d0D000Ee44948FC98c9B98A4FA4921476f08B0d
2026-07-24 14:32:55.341632,1.0,Bitcoin,BTC,bitcoin,False,20060671.0,20060671.0,21000000.0,2010-07-13T00:00:00.000Z,12673.0,1.0,2026-07-24T12:30:00.000Z,,,,,1303486059369.3,"['mineable', 'pow', 'sha-256', 'store-of-value', 'state-channel', 'coinbase-ventures-portfolio', 'three-arrows-capital-portfolio', 'polychain-capital-portfolio', 'binance-labs-portfolio', 'blockchain-capital-portfolio', 'boostvc-portfolio', 'cms-holdings-portfolio', 'dcg-portfolio', 'dragonfly-capital-portfolio', 'electric-capital-portfolio', 'fabric-ventures-portfolio', 'framework-ventures-portfolio', 'galaxy-digital-portfolio', 'huobi-capital-portfolio', 'alameda-research-portfolio', 'a16z-portfolio', '1confirmation-portfolio', 'winklevoss-capital-portfolio', 'usv-portfolio', 'placeholder-ventures-portfolio', 'pantera-capital-portfolio', 'multicoin-capital-portfolio', 'paradigm-portfolio', 'bitcoin-ecosystem', 'layer-1', 'ftx-bankruptcy-estate', '2017-2018-alt-season', 'us-strategic-crypto-reserve', 'binance-ecosystem', 'binance-listing', 'sec-cftc-token-taxonomy', 'sec-cftc-digital-commodities']",64977.19140946459,25215526480.801323,25188860182.445736,26666298.35558762,16.5947,-0.04363622,-0.63212469,2.9123475,3.59832766,-15.98178821,-16.25213243,1303486059369.2954,58.9015,1364521019598.76,,2026-07-24T12:30:00.000Z,,,,,
2026-07-24 14:32:55.341632,1027.0,Ethereum,ETH,ethereum,True,120682712.41641597,120682712.41641597,,2015-08-07T00:00:00.000Z,12237.0,2.0,2026-07-24T12:32:00.000Z,,,,,227101693234.52,"['pos', 'smart-contracts', 'ethereum-ecosystem', 'coinbase-ventures-portfolio', 'three-arrows-capital-portfolio', 'polychain-capital-portfolio', 'binance-labs-portfolio', 'blockchain-capital-portfolio', 'boostvc-portfolio', 'cms-holdings-portfolio', 'dcg-portfolio', 'dragonfly-capital-portfolio', 'electric-capital-portfolio', 'fabric-ventures-portfolio', 'framework-ventures-portfolio', 'hashkey-capital-portfolio', 'kenetic-capital-portfolio', 'huobi-capital-portfolio', 'alameda-research-portfolio', 'a16z-portfolio', '1confirmation-portfolio', 'winklevoss-capital-portfolio', 'usv-portfolio', 'placeholder-ventures-portfolio', 'pantera-capital-portfolio', 'multicoin-capital-portfolio', 'paradigm-portfolio', 'ethereum-pow-ecosystem', 'layer-1', 'ftx-bankruptcy-estate', 'sora-ecosystem', 'rsk-rbtc-ecosystem', 'world-liberty-financial-portfolio', 'us-strategic-crypto-reserve', 'binance-ecosystem', 'binance-listing', 'abstract-chain-ecosystem', 'unichain-ecosystem', 'soneium-ecosystem', 'sophon-ecosystem', 'sec-cftc-token-taxonomy', 'sec-cftc-digital-commodities', 'anubis-ecosystem', 'robinhood-ecosystem']",1881.8079962514387,10033221310.749155,9951619643.587326,81601667.1618277,6.2507,0.11942655,-1.82074076,2.69043827,12.41405104,-11.06464433,-18.70645182,227101693234.52435,10.2586,227101693234.52,,2026-07-24T12:32:00.000Z,,,,,
2026-07-24 14:32:55.341632,825.0,Tether USDt,USDT,tether,True,184156916986.16385,189106724037.45197,,2015-02-25T00:00:00.000Z,191309.0,3.0,2026-07-24T12:31:00.000Z,,,,,188948702055.22,"['stablecoin', 'asset-backed-stablecoin', 'usd-stablecoin', 'ethereum-pow-ecosystem', 'fiat-stablecoin', 'tron20-ecosystem', 'rsk-rbtc-ecosystem', 'venom-ecosystem', 'world-liberty-financial-portfolio', 'binance-ecosystem', 'binance-listing', 'peaq-ecosystem', 'etherlink-ecosystem', 'duckchain-ecosystem', 'onus-ecosystem', 'sophon-ecosystem', 'xlayer-ecosystem']",0.9991643767135577,52505829161.10128,51023796301.566795,1482032859.5345051,7.6712,-0.02179796,-0.02925676,0.009235,0.04802461,0.01261504,-0.08805515,184003031177.9708,8.3122,188948702055.22,,2026-07-24T12:31:00.000Z,1027.0,ethereum,Ethereum,ETH,0xdac17f958d2ee523a2206206994597c13d831ec7
2026-07-24 14:32:55.341632,1839.0,BNB,BNB,bnb,False,133165746.73,133165746.73,133165746.73,2017-07-25T00:00:00.000Z,3316.0,4.0,2026-07-24T12:32:00.000Z,,,,,75352781104.09,"['marketplace', 'centralized-exchange', 'payments', 'smart-contracts', 'alameda-research-portfolio', 'multicoin-capital-portfolio', 'bnb-chain-ecosystem', 'layer-1', 'alleged-sec-securities', 'celsius-bankruptcy-estate', 'binance-ecosystem', 'binance-listing', 'etherlink-ecosystem', 'made-in-china']",565.8570837805231,925360300.7237637,903218061.2508975,22142239.47286646,-2.0808,-0.0142748,-0.67612957,0.53819057,-2.07214035,-15.27166955,-10.86831228,75352781104.09354,3.404,75352781104.09,,2026-07-24T12:32:00.000Z,,,,,
2026-07-24 14:32:55.341632,3408.0,USDC,USDC,usd-coin,False,72978910168.95134,72978910168.95134,,2018-10-08T00:00:00.000Z,41807.0,5.0,2026-07-24T12:30:00.000Z,,,60901219650.23,60888464959.0361,72963626017.53,"['medium-of-exchange', 'stablecoin', 'asset-backed-stablecoin', 'stellar-ecosystem', 'coinbase-ventures-portfolio', 'usd-stablecoin', 'xdc-ecosystem', 'ethereum-pow-ecosystem', 'fiat-stablecoin', 'tron20-ecosystem', 'venom-ecosystem', 'made-in-america', 'world-liberty-financial-portfolio', 'sonic-ecosystem', 'binance-ecosystem', 'binance-listing', 'hyperevm-ecosystem', 'etherlink-ecosystem', 'unichain-ecosystem', 'vector-smart-chain-ecosystem', 'sophon-ecosystem', 'monad-ecosystem', 'xlayer-ecosystem']",0.9997905675573141,10155013262.281488,8864694456.036049,1290318806.2454348,8.2424,-0.04228365,-0.01313396,-0.00537565,0.00547532,0.00943724,0.00364113,72963626017.5301,3.2959,72963626017.53,,2026-07-24T12:30:00.000Z,1027.0,ethereum,Ethereum,ETH,0xa0b86991c6218b36c1d19d4a2e9eb0ce3606eb48
2026-07-24 14:32:55.341632,52.0,XRP,XRP,xrp,False,62466503703.0,99985639695.0,100000000000.0,2013-08-04T00:00:00.000Z,1851.0,6.0,2026-07-24T12:32:00.000Z,,,,,110360208792.14,"['medium-of-exchange', 'enterprise-solutions', 'xrp-ecosystem', 'solana-ecosystem', 'arrington-xrp-capital-portfolio', 'galaxy-digital-portfolio', 'a16z-portfolio', 'pantera-capital-portfolio', 'ftx-bankruptcy-estate', '2017-2018-alt-season', 'klaytn-ecosystem', 'made-in-america', 'us-strategic-crypto-reserve', 'binance-ecosystem', 'binance-listing', 'iso-20022', 'sec-cftc-token-taxonomy', 'sec-cftc-digital-commodities']",1.103760591308766,1120012704.1737013,1119257475.1061816,755229.06751957,19.1142,-0.02696561,-2.30256347,2.14162433,1.20074012,-18.67348011,-22.84981813,68948065064.21451,3.1145,110376059130.88,,2026-07-24T12:32:00.000Z,,,,,
2026-07-24 14:32:55.341632,5426.0,Solana,SOL,solana,True,582864861.9342287,630867516.9633151,,2020-04-10T00:00:00.000Z,1147.0,7.0,2026-07-24T12:30:00.000Z,,,525236893.3,39487183111.06116,47428467952.12,"['pos', 'platform', 'solana-ecosystem', 'cms-holdings-portfolio', 'kenetic-capital-portfolio', 'alameda-research-portfolio', 'multicoin-capital-portfolio', 'okx-ventures-portfolio', 'layer-1', 'ftx-bankruptcy-estate', 'alleged-sec-securities', 'cmc-crypto-awards-2024', 'made-in-america', 'us-strategic-crypto-reserve', 'binance-ecosystem', 'binance-listing', 'sec-cftc-token-taxonomy', 'sec-cftc-digital-commodities', 'coinlist-launchpad']",75.17975910444515,1633837847.9543216,1633767202.2979686,70645.65635304,4.1513,-0.14719072,-3.0266794,0.79854119,7.91981983,-12.48059371,-12.94277988,43819639910.660995,1.9795,47428467952.12,,2026-07-24T12:30:00.000Z,,,,,
2026-07-24 14:32:55.341632,1958.0,TRON,TRX,tron,True,94878859029.26059,94878859501.95769,,2017-09-13T00:00:00.000Z,1352.0,8.0,2026-07-24T12:31:00.000Z,,,94667886298.43,31334765828.842514,31404597280.53,"['media', 'payments', 'tron-ecosystem', 'layer-1', 'dwf-labs-portfolio', 'alleged-sec-securities', '2017-2018-alt-season', 'tron20-ecosystem', 'world-liberty-financial-portfolio', 'binance-ecosystem', 'binance-listing', 'made-in-china']",0.33099678311252395,451741591.5633245,451656551.05494887,85040.50837564,20.2174,-0.14229969,1.30180653,2.64074722,0.00816237,-9.98365783,2.49889776,31404597124.0719,1.4189,31404597280.53,,2026-07-24T12:31:00.000Z,,,,,
2026-07-24 14:32:55.341632,32196.0,Hyperliquid,HYPE,hyperliquid,False,252727609.92386654,953084179.5974618,953084179.5974618,2024-07-15T10:14:50.000Z,293.0,9.0,2026-07-24T12:31:00.000Z,,,333931719.0,19518758341.508465,55709052845.85,"['decentralized-exchange-dex-token', 'defi', 'derivatives', 'layer-1', 'hyperliquid-ecosystem', 'binance-ecosystem', 'binance-listing', 'perpetuals']",58.45134568216464,346781644.7541005,299526810.06346047,47254834.69064002,-7.1503,0.08962042,-1.6113765,-2.6231046,-5.96343838,-7.21082159,40.64177679,14772268891.087185,0.6673,55709052845.85,,2026-07-24T12:31:00.000Z,32196.0,hyperliquid,Hyperliquid,HYPE,0x0d01dc56dcaaca66ad901c959b4011ec
2026-07-24 14:32:55.341632,74.0,Dogecoin,DOGE,dogecoin,True,155202516383.70523,155202516383.70523,,2013-12-15T00:00:00.000Z,1456.0,10.0,2026-07-24T12:31:00.000Z,,,,,10791437669.02,"['mineable', 'pow', 'scrypt', 'medium-of-exchange', 'memes', 'payments', 'doggone-doggerel', 'doge-chain-ecosystem', 'osmosis-ecosystem', 'ftx-bankruptcy-estate', 'animal-memes', 'made-in-america', 'binance-ecosystem', 'binance-listing', 'sec-cftc-token-taxonomy', 'sec-cftc-digital-commodities']",0.06953133183963867,934797439.3100084,934427664.3328626,369774.97714573,86.2365,-0.11022219,-3.80515075,-3.2270349,-11.84255375,-32.42113916,-28.97813093,10791437669.022366,0.4875,10791437669.02,,2026-07-24T12:31:00.000Z,,,,,
2026-07-24 14:32:55.341632,3957.0,UNUS SED LEO,LEO,unus-sed-leo,False,920129382.9,985239504.0,,2019-05-21T00:00:00.000Z,69.0,11.0,2026-07-24T12:32:00.000Z,,,,,9457139932.04,"['marketplace', 'centralized-exchange', 'discount-token', 'payments', 'ethereum-ecosystem', 'kenetic-capital-portfolio', 'alameda-research-portfolio']",9.598823325335418,576933.96327189,576933.96327189,0.0,179.7178,-0.00636188,-1.31548318,-2.02828563,0.81077209,-4.55447746,-6.37754144,8832159382.907003,0.399,9457139932.04,,2026-07-24T12:32:00.000Z,1027.0,ethereum,Ethereum,ETH,0x2af5d2ad76741191d15dfe7bf6ac92d4bd912ca3
2026-07-24 14:32:55.341632,1437.0,Zcash,ZEC,zcash,False,16786844.4155448,16786844.4155448,21000000.0,2016-10-29T00:00:00.000Z,630.0,12.0,2026-07-24T12:30:00.000Z,,,,,8437343393.76,"['mineable', 'pow', 'equihash', 'medium-of-exchange', 'privacy', 'zero-knowledge-proofs', 'quantum-resistant', 'binance-chain', 'boostvc-portfolio', 'dcg-portfolio', 'electric-capital-portfolio', 'fenbushi-capital-portfolio', 'hashkey-capital-portfolio', 'winklevoss-capital-portfolio', 'placeholder-ventures-portfolio', 'pantera-capital-portfolio', 'layer-1', 'standard-crypto-portfolio', '2017-2018-alt-season', 'made-in-america', 'binance-ecosystem', 'binance-listing', 'privacy-coins']",502.61640513843815,400533534.5732135,369187444.4404321,31346090.13278137,11.9052,0.11333595,-2.38328517,-5.62919295,19.91668256,-25.31416497,41.36253532,8437343393.759393,0.3813,10554944507.91,,2026-07-24T12:30:00.000Z,,,,,
2026-07-24 14:32:55.341632,328.0,Monero,XMR,monero,True,18782099.14058,18782099.14058,,2014-05-21T00:00:00.000Z,372.0,13.0,2026-07-24T12:31:00.000Z,,,,,6647944896.21,"['mineable', 'pow', 'medium-of-exchange', 'privacy', 'ringct', 'boostvc-portfolio', 'electric-capital-portfolio', 'galaxy-digital-portfolio', 'layer-1', '2017-2018-alt-season', 'binance-ecosystem', 'binance-listing', 'privacy-coins']",353.9511130491281,100364396.57608652,100364396.57608652,0.0,43.225,0.36006488,2.19794384,9.06565361,10.00735445,-7.92343714,-4.40451746,6647944896.207363,0.3004,6647944896.21,,2026-07-24T12:31:00.000Z,,,,,
2026-07-24 14:32:55.341632,1975.0,Chainlink,LINK,chainlink,False,748099970.424884,1000000000.0,1000000000.0,2017-09-20T00:00:00.000Z,2259.0,14.0,2026-07-24T12:32:00.000Z,,,,,8469447953.62,"['platform', 'cosmos-ecosystem', 'defi', 'privacy', 'interoperability', 'iot', 'oracles', 'smart-contracts', 'ethereum-ecosystem', 'tron-ecosystem', 'polkadot', 'polkadot-ecosystem', 'heco-ecosystem', 'avalanche-ecosystem', 'solana-ecosystem', 'framework-ventures-portfolio', 'hedera-hashgraph-ecosystem', 'polygon-ecosystem', 'fantom-ecosystem', 'cardano-ecosystem', 'terra-ecosystem', 'web3', 'near-protocol-ecosystem', 'arbitrum-ecosystem', 'celo-ecosystem', 'defi-2', 'cross-chain', 'cronos-ecosystem', 'cardano', 'injective-ecosystem', 'bnb-chain-ecosystem', 'oasis-ecosystem', 'moonbeam-ecosystem', 'xdc-ecosystem', 'metisdao-ecosystem', 'velas-ecosystem', 'doge-chain-ecosystem', 'aptos-ecosystem', 'sui-ecosystem', 'optimism-ecosystem', 'bitcoin-ecosystem', 'real-world-assets-protocols', 'zksync-era-ecosystem', 'kadena-ecosystem', 'base-ecosystem', 'linea-ecosystem', 'sei-ecosystem', 'toncoin-ecosystem', 'paal-ecosystem', 'blast-ecosystem', 'atomicals-ecosystem', 'move-vm', 'eigenlayer-ecosystem', 'hyperliquid-ecosystem', 'gnosis-chain-ecosystem', 'ronin-ecosystem', 'astar-ecosystem', 'core-ecosystem', 'starknet-ecosystem', 'mantle-ecosystem', 'opbnb-ecosystem', 'scroll-ecosystem', 'merlin-ecosystem', 'b²-network-ecosystem', 'mode-ecosystem', 'world-chain-mainnet-ecosystem', 'made-in-america', 'btcfi', 'world-liberty-financial-portfolio', 'corn-ecosystem', 'bonk-fun-ecosystem', 'sonic-ecosystem', 'binance-ecosystem', 'binance-listing', 'bittensor-ecosystem', 'hyperevm-ecosystem', 'etherlink-ecosystem', 'bera-chain-ecosystem', 'abstract-chain-ecosystem', 'unichain-ecosystem', 'soneium-ecosystem', 'fraxtal-ecosystem', 'monad-ecosystem', 'hashkey-chain-ecosystem', 'wlfi-ecosystem', 'plasma-ecosystem', 'x402-ecosystem', 'iso-20022', 'megaeth-ecosystem', 'sec-cftc-token-taxonomy', 'sec-cftc-digital-commodities', 'robinhood-ecosystem']",8.46944795362381,189697160.15622938,184707770.86145994,4989389.29476943,-6.3825,0.11803554,-1.59060912,3.58675331,11.41480699,-11.28732579,-9.78128837,6335993763.621066,0.2862,8469447953.62,,2026-07-24T12:32:00.000Z,1027.0,ethereum,Ethereum,ETH,0x514910771af9ca656af840dff83e8264ecf986ca
2026-07-24 14:32:55.341632,512.0,Stellar,XLM,stellar,False,34174900114.233486,50001786839.912476,50001806812.0,2014-08-05T00:00:00.000Z,827.0,15.0,2026-07-24T12:32:00.000Z,,,31531408660.0,5744764244.00254,9109915775.46,"['medium-of-exchange', 'enterprise-solutions', 'decentralized-exchange-dex-token', 'defi', 'smart-contracts', 'hashkey-capital-portfolio', 'real-world-assets-protocols', '2017-2018-alt-season', 'made-in-america', 'binance-ecosystem', 'binance-listing', 'iso-20022', 'sec-cftc-token-taxonomy', 'sec-cftc-digital-commodities']",0.18219180455740983,122793457.8632516,122641812.30053559,151645.56271602,-14.8897,-0.14847339,-0.79341784,-0.84120235,-4.83776055,21.30448653,5.88509289,6226386722.381431,0.2813,9109919414.21,,2026-07-24T12:32:00.000Z,,,,,
2026-07-24 14:32:55.341632,2010.0,Cardano,ADA,cardano,False,36489899411.97189,44993202652.386566,45000000000.0,2017-10-01T00:00:00.000Z,1718.0,16.0,2026-07-24T12:31:00.000Z,,,37997904336.0,6319078093.503383,7482401100.94,"['dpos', 'pos', 'platform', 'research', 'smart-contracts', 'staking', 'cardano-ecosystem', 'cardano', 'layer-1', 'alleged-sec-securities', '2017-2018-alt-season', 'made-in-america', 'us-strategic-crypto-reserve', 'binance-ecosystem', 'binance-listing', 'iso-20022', 'sec-cftc-token-taxonomy', 'sec-cftc-digital-commodities']",0.16630070010246742,232638309.3073735,231774939.09184536,863370.21552806,-16.5567,0.06557901,-4.67673346,3.81149612,12.01009896,-32.04538043,-33.93339991,6068295818.87954,0.2742,7483531504.61,,2026-07-24T12:31:00.000Z,,,,,
2026-07-24 14:32:55.341632,37263.0,Canton,CC,canton-network,True,39145141881.92199,39145141881.92199,,2025-07-08T04:07:45.000Z,108.0,17.0,2026-07-24T12:30:00.000Z,,,39145141881.92,4684290586.226368,4684290586.23,"['proof-of-authority', 'store-of-value', 'enterprise-solutions', 'privacy', 'interoperability', 'scaling', 'smart-contracts', 'layer-1', 'binance-ecosystem', 'binance-listing', 'privacy-blockchain']",0.11966467257562566,12494279.61849583,10427615.59630103,2066664.02219479,7.1491,-0.15853171,-0.28501465,-7.67756784,-20.44506343,-28.01385319,-21.10974069,4684290586.226605,0.2117,4684290586.23,,2026-07-24T12:30:00.000Z,,,,,
2026-07-24 14:32:55.341632,4943.0,Dai,DAI,multi-collateral-dai,True,4647076141.403908,4647076141.403908,,2019-11-22T00:00:00.000Z,3771.0,18.0,2026-07-24T12:31:00.000Z,,,,,4645669251.49,"['defi', 'stablecoin', 'asset-backed-stablecoin', 'usd-stablecoin', 'xlayer-ecosystem', 'anubis-ecosystem']",0.9996972526662976,36602009.6525807,380538.86074676,36221470.79183394,2.5819,-0.02280779,-0.00263655,0.02036947,0.01357868,0.01429233,0.00137087,4645669251.492585,0.2099,4645669251.49,,2026-07-24T12:31:00.000Z,1027.0,ethereum,Ethereum,ETH,0x6b175474e89094c44da98b954eedeac495271d0f
2026-07-24 14:32:55.341632,1831.0,Bitcoin Cash,BCH,bitcoin-cash,False,20065618.75,20065618.75,21000000.0,2017-07-23T00:00:00.000Z,1173.0,19.0,2026-07-24T12:30:00.000Z,,,,,4221662590.76,"['mineable', 'pow', 'sha-256', 'marketplace', 'medium-of-exchange', 'store-of-value', 'enterprise-solutions', 'payments', 'layer-1', '2017-2018-alt-season', 'made-in-america', 'binance-ecosystem', 'binance-listing', 'sec-cftc-token-taxonomy', 'sec-cftc-digital-commodities']",210.39284376719408,99078259.70701747,99071746.77404149,6512.93297599,23.7277,-0.02452881,-2.74423913,-3.84643191,8.94190867,-39.76170343,-53.61766163,4221662590.7608304,0.1907,4418249719.11,,2026-07-24T12:30:00.000Z,,,,,
2026-07-24 14:32:55.341632,36148.0,World Liberty Financial USD,USD1,usd1,False,4152511634.4574523,4152511634.4574523,,2025-04-13T05:37:56.000Z,1229.0,20.0,2026-07-24T12:30:00.000Z,,,,,4147509172.18,"['stablecoin', 'asset-backed-stablecoin', 'usd-stablecoin', 'tron20-ecosystem', 'made-in-america', 'world-liberty-financial-portfolio', 'binance-ecosystem', 'binance-listing', 'wlfi-ecosystem']",0.9987953164926461,944926342.2474432,907992738.364444,36933603.88299941,36.4177,-0.02511302,-0.03099534,-0.02072388,-0.0310833,-0.00576245,-0.09973191,4147509172.177326,0.1874,4147509172.18,,2026-07-24T12:30:00.000Z,1027.0,ethereum,Ethereum,ETH,0x8d0D000Ee44948FC98c9B98A4FA4921476f08B0d
2026-07-24 14:33:55.516418,1.0,Bitcoin,BTC,bitcoin,False,20060671.0,20060671.0,21000000.0,2010-07-13T00:00:00.000Z,12673.0,1.0,2026-07-24T12:31:00.000Z,,,,,1303473806358.45,"['mineable', 'pow', 'sha-256', 'store-of-value', 'state-channel', 'coinbase-ventures-portfolio', 'three-arrows-capital-portfolio', 'polychain-capital-portfolio', 'binance-labs-portfolio', 'blockchain-capital-portfolio', 'boostvc-portfolio', 'cms-holdings-portfolio', 'dcg-portfolio', 'dragonfly-capital-portfolio', 'electric-capital-portfolio', 'fabric-ventures-portfolio', 'framework-ventures-portfolio', 'galaxy-digital-portfolio', 'huobi-capital-portfolio', 'alameda-research-portfolio', 'a16z-portfolio', '1confirmation-portfolio', 'winklevoss-capital-portfolio', 'usv-portfolio', 'placeholder-ventures-portfolio', 'pantera-capital-portfolio', 'multicoin-capital-portfolio', 'paradigm-portfolio', 'bitcoin-ecosystem', 'layer-1', 'ftx-bankruptcy-estate', '2017-2018-alt-season', 'us-strategic-crypto-reserve', 'binance-ecosystem', 'binance-listing', 'sec-cftc-token-taxonomy', 'sec-cftc-digital-commodities']",64976.58061180775,25182831622.15585,25156142089.124004,26689533.03184556,16.6563,-0.02012935,-0.59926337,2.92253209,3.63012621,-15.97744243,-16.26525226,1303473806358.454,58.8939,1364508192847.96,,2026-07-24T12:31:00.000Z,,,,,
2026-07-24 14:33:55.516418,1027.0,Ethereum,ETH,ethereum,True,120682712.41641597,120682712.41641597,,2015-08-07T00:00:00.000Z,12237.0,2.0,2026-07-24T12:32:00.000Z,,,,,227101693234.52,"['pos', 'smart-contracts', 'ethereum-ecosystem', 'coinbase-ventures-portfolio', 'three-arrows-capital-portfolio', 'polychain-capital-portfolio', 'binance-labs-portfolio', 'blockchain-capital-portfolio', 'boostvc-portfolio', 'cms-holdings-portfolio', 'dcg-portfolio', 'dragonfly-capital-portfolio', 'electric-capital-portfolio', 'fabric-ventures-portfolio', 'framework-ventures-portfolio', 'hashkey-capital-portfolio', 'kenetic-capital-portfolio', 'huobi-capital-portfolio', 'alameda-research-portfolio', 'a16z-portfolio', '1confirmation-portfolio', 'winklevoss-capital-portfolio', 'usv-portfolio', 'placeholder-ventures-portfolio', 'pantera-capital-portfolio', 'multicoin-capital-portfolio', 'paradigm-portfolio', 'ethereum-pow-ecosystem', 'layer-1', 'ftx-bankruptcy-estate', 'sora-ecosystem', 'rsk-rbtc-ecosystem', 'world-liberty-financial-portfolio', 'us-strategic-crypto-reserve', 'binance-ecosystem', 'binance-listing', 'abstract-chain-ecosystem', 'unichain-ecosystem', 'soneium-ecosystem', 'sophon-ecosystem', 'sec-cftc-token-taxonomy', 'sec-cftc-digital-commodities', 'anubis-ecosystem', 'robinhood-ecosystem']",1881.8079962514387,10033221310.749155,9951619643.587326,81601667.1618277,6.2507,0.11942655,-1.82074076,2.69043827,12.41405104,-11.06464433,-18.70645182,227101693234.52435,10.2586,227101693234.52,,2026-07-24T12:32:00.000Z,,,,,
2026-07-24 14:33:55.516418,825.0,Tether USDt,USDT,tether,True,184156916986.16385,189106724037.45197,,2015-02-25T00:00:00.000Z,191309.0,3.0,2026-07-24T12:32:00.000Z,,,,,188959340984.96,"['stablecoin', 'asset-backed-stablecoin', 'usd-stablecoin', 'ethereum-pow-ecosystem', 'fiat-stablecoin', 'tron20-ecosystem', 'rsk-rbtc-ecosystem', 'venom-ecosystem', 'world-liberty-financial-portfolio', 'binance-ecosystem', 'binance-listing', 'peaq-ecosystem', 'etherlink-ecosystem', 'duckchain-ecosystem', 'onus-ecosystem', 'sophon-ecosystem', 'xlayer-ecosystem']",0.9992206355789948,52515336216.78423,51024181554.05555,1491154662.7287147,7.6608,-0.02201931,-0.0217579,0.00840478,0.04332033,0.0205363,-0.08853909,184013391637.18283,8.3126,188959340984.96,,2026-07-24T12:32:00.000Z,1027.0,ethereum,Ethereum,ETH,0xdac17f958d2ee523a2206206994597c13d831ec7
2026-07-24 14:33:55.516418,1839.0,BNB,BNB,bnb,False,133165746.73,133165746.73,133165746.73,2017-07-25T00:00:00.000Z,3316.0,4.0,2026-07-24T12:33:00.000Z,,,,,75358085877.55,"['marketplace', 'centralized-exchange', 'payments', 'smart-contracts', 'alameda-research-portfolio', 'multicoin-capital-portfolio', 'bnb-chain-ecosystem', 'layer-1', 'alleged-sec-securities', 'celsius-bankruptcy-estate', 'binance-ecosystem', 'binance-listing', 'etherlink-ecosystem', 'made-in-china']",565.8969196511124,925338784.8565912,903196544.2067908,22142240.64980051,-2.0857,-0.00308174,-0.66586135,0.55423471,-2.07186718,-15.32105935,-10.85329864,75358085877.5472,3.4042,75358085877.55,,2026-07-24T12:33:00.000Z,,,,,
2026-07-24 14:33:55.516418,3408.0,USDC,USDC,usd-coin,False,72978910168.95134,72978910168.95134,,2018-10-08T00:00:00.000Z,41807.0,5.0,2026-07-24T12:32:00.000Z,,,60901219650.23,60898165729.05855,72975250606.14,"['medium-of-exchange', 'stablecoin', 'asset-backed-stablecoin', 'stellar-ecosystem', 'coinbase-ventures-portfolio', 'usd-stablecoin', 'xdc-ecosystem', 'ethereum-pow-ecosystem', 'fiat-stablecoin', 'tron20-ecosystem', 'venom-ecosystem', 'made-in-america', 'world-liberty-financial-portfolio', 'sonic-ecosystem', 'binance-ecosystem', 'binance-listing', 'hyperevm-ecosystem', 'etherlink-ecosystem', 'unichain-ecosystem', 'vector-smart-chain-ecosystem', 'sophon-ecosystem', 'monad-ecosystem', 'xlayer-ecosystem']",0.9999498545154105,10163064070.892197,8868488502.574083,1294575568.3181193,8.4974,-0.01443952,0.00097336,-0.00222144,-0.00290402,0.0282394,0.01458835,72975250606.13611,3.2989,72975250606.14,,2026-07-24T12:32:00.000Z,1027.0,ethereum,Ethereum,ETH,0xa0b86991c6218b36c1d19d4a2e9eb0ce3606eb48
2026-07-24 14:33:55.516418,52.0,XRP,XRP,xrp,False,62466503703.0,99985639695.0,100000000000.0,2013-08-04T00:00:00.000Z,1851.0,6.0,2026-07-24T12:33:00.000Z,,,,,110364422519.45,"['medium-of-exchange', 'enterprise-solutions', 'xrp-ecosystem', 'solana-ecosystem', 'arrington-xrp-capital-portfolio', 'galaxy-digital-portfolio', 'a16z-portfolio', 'pantera-capital-portfolio', 'ftx-bankruptcy-estate', '2017-2018-alt-season', 'klaytn-ecosystem', 'made-in-america', 'us-strategic-crypto-reserve', 'binance-ecosystem', 'binance-listing', 'iso-20022', 'sec-cftc-token-taxonomy', 'sec-cftc-digital-commodities']",1.1038027346338197,1119840452.6082158,1119086313.611999,754138.99621708,19.0695,-0.00040116,-2.29509736,2.13294358,1.19268241,-18.67347269,-22.82878631,68950697610.38503,3.1169,110380273463.38,,2026-07-24T12:33:00.000Z,,,,,
2026-07-24 14:33:55.516418,5426.0,Solana,SOL,solana,True,582864861.9342287,630867516.9633151,,2020-04-10T00:00:00.000Z,1147.0,7.0,2026-07-24T12:31:00.000Z,,,525236893.3,39460152435.58859,47396001125.56,"['pos', 'platform', 'solana-ecosystem', 'cms-holdings-portfolio', 'kenetic-capital-portfolio', 'alameda-research-portfolio', 'multicoin-capital-portfolio', 'okx-ventures-portfolio', 'layer-1', 'ftx-bankruptcy-estate', 'alleged-sec-securities', 'cmc-crypto-awards-2024', 'made-in-america', 'us-strategic-crypto-reserve', 'binance-ecosystem', 'binance-listing', 'sec-cftc-token-taxonomy', 'sec-cftc-digital-commodities', 'coinlist-launchpad']",75.12829532530591,1633306582.4862306,1633235935.80409,70646.68214064,4.1797,-0.18323551,-3.03636124,0.73433217,7.87747778,-12.54093892,-13.01657091,43789643482.13838,1.9782,47396001125.56,,2026-07-24T12:31:00.000Z,,,,,
2026-07-24 14:33:55.516418,1958.0,TRON,TRX,tron,True,94878859029.26059,94878859501.95769,,2017-09-13T00:00:00.000Z,1352.0,8.0,2026-07-24T12:32:00.000Z,,,94667886298.43,31334812985.99912,31404644542.78,"['media', 'payments', 'tron-ecosystem', 'layer-1', 'dwf-labs-portfolio', 'alleged-sec-securities', '2017-2018-alt-season', 'tron20-ecosystem', 'world-liberty-financial-portfolio', 'binance-ecosystem', 'binance-listing', 'made-in-china']",0.33099728124508454,451711750.2641842,451626709.75580865,85040.50837564,20.1972,-0.13954271,1.30287981,2.63711316,0.0020102,-9.97630234,2.49280953,31404644386.320896,1.4189,31404644542.78,,2026-07-24T12:32:00.000Z,,,,,
2026-07-24 14:33:55.516418,32196.0,Hyperliquid,HYPE,hyperliquid,False,252727609.92386654,953084179.5974618,953084179.5974618,2024-07-15T10:14:50.000Z,293.0,9.0,2026-07-24T12:32:00.000Z,,,333931719.0,19516500013.465492,55702607286.45,"['decentralized-exchange-dex-token', 'defi', 'derivatives', 'layer-1', 'hyperliquid-ecosystem', 'binance-ecosystem', 'binance-listing', 'perpetuals']",58.44458283840204,346766418.26824147,299511583.57760143,47254834.69064002,-7.1307,0.07603296,-1.62010197,-2.64254261,-5.98695287,-7.22252388,40.62595966,14770559733.746775,0.6676,55702607286.45,,2026-07-24T12:32:00.000Z,32196.0,hyperliquid,Hyperliquid,HYPE,0x0d01dc56dcaaca66ad901c959b4011ec
2026-07-24 14:33:55.516418,74.0,Dogecoin,DOGE,dogecoin,True,155202516383.70523,155202516383.70523,,2013-12-15T00:00:00.000Z,1456.0,10.0,2026-07-24T12:32:00.000Z,,,,,10791469255.72,"['mineable', 'pow', 'scrypt', 'medium-of-exchange', 'memes', 'payments', 'doggone-doggerel', 'doge-chain-ecosystem', 'osmosis-ecosystem', 'ftx-bankruptcy-estate', 'animal-memes', 'made-in-america', 'binance-ecosystem', 'binance-listing', 'sec-cftc-token-taxonomy', 'sec-cftc-digital-commodities']",0.0695315353588687,934772943.5982797,934403168.621134,369774.97714573,86.2145,-0.10177489,-3.80195325,-3.22385351,-11.84139716,-32.42145464,-28.98497458,10791469255.719,0.4875,10791469255.72,,2026-07-24T12:32:00.000Z,,,,,
2026-07-24 14:33:55.516418,3957.0,UNUS SED LEO,LEO,unus-sed-leo,False,920129382.9,985239504.0,,2019-05-21T00:00:00.000Z,69.0,11.0,2026-07-24T12:33:00.000Z,,,,,9457273385.52,"['marketplace', 'centralized-exchange', 'discount-token', 'payments', 'ethereum-ecosystem', 'kenetic-capital-portfolio', 'alameda-research-portfolio']",9.598958778169449,576942.75886783,576942.75886783,0.0,179.7315,-0.00711565,-1.31204427,-2.02418558,0.83606519,-4.55445815,-6.37162335,8832284017.039593,0.399,9457273385.52,,2026-07-24T12:33:00.000Z,1027.0,ethereum,Ethereum,ETH,0x2af5d2ad76741191d15dfe7bf6ac92d4bd912ca3
2026-07-24 14:33:55.516418,1437.0,Zcash,ZEC,zcash,False,16786844.4155448,16786844.4155448,21000000.0,2016-10-29T00:00:00.000Z,630.0,12.0,2026-07-24T12:32:00.000Z,,,,,8432515267.16,"['mineable', 'pow', 'equihash', 'medium-of-exchange', 'privacy', 'zero-knowledge-proofs', 'quantum-resistant', 'binance-chain', 'boostvc-portfolio', 'dcg-portfolio', 'electric-capital-portfolio', 'fenbushi-capital-portfolio', 'hashkey-capital-portfolio', 'winklevoss-capital-portfolio', 'placeholder-ventures-portfolio', 'pantera-capital-portfolio', 'layer-1', 'standard-crypto-portfolio', '2017-2018-alt-season', 'made-in-america', 'binance-ecosystem', 'binance-listing', 'privacy-coins']",502.3287914283718,400220751.5771346,368918243.9198759,31302507.65725867,11.7497,0.09079483,-2.38257967,-5.6845033,19.88198888,-25.27183248,41.25840588,8432515267.156732,0.381,10548904620.0,,2026-07-24T12:32:00.000Z,,,,,
2026-07-24 14:33:55.516418,328.0,Monero,XMR,monero,True,18782099.14058,18782099.14058,,2014-05-21T00:00:00.000Z,372.0,13.0,2026-07-24T12:32:00.000Z,,,,,6648696185.08,"['mineable', 'pow', 'medium-of-exchange', 'privacy', 'ringct', 'boostvc-portfolio', 'electric-capital-portfolio', 'galaxy-digital-portfolio', 'layer-1', '2017-2018-alt-season', 'binance-ecosystem', 'binance-listing', 'privacy-coins']",353.99111331052273,100386835.41210529,100386835.41210529,0.0,43.1484,0.5455897,2.21611425,9.07771981,10.01916336,-7.91080338,-4.3835832,6648696185.082526,0.3004,6648696185.08,,2026-07-24T12:32:00.000Z,,,,,
2026-07-24 14:33:55.516418,1975.0,Chainlink,LINK,chainlink,False,748099970.424884,1000000000.0,1000000000.0,2017-09-20T00:00:00.000Z,2259.0,14.0,2026-07-24T12:33:00.000Z,,,,,8469900103.01,"['platform', 'cosmos-ecosystem', 'defi', 'privacy', 'interoperability', 'iot', 'oracles', 'smart-contracts', 'ethereum-ecosystem', 'tron-ecosystem', 'polkadot', 'polkadot-ecosystem', 'heco-ecosystem', 'avalanche-ecosystem', 'solana-ecosystem', 'framework-ventures-portfolio', 'hedera-hashgraph-ecosystem', 'polygon-ecosystem', 'fantom-ecosystem', 'cardano-ecosystem', 'terra-ecosystem', 'web3', 'near-protocol-ecosystem', 'arbitrum-ecosystem', 'celo-ecosystem', 'defi-2', 'cross-chain', 'cronos-ecosystem', 'cardano', 'injective-ecosystem', 'bnb-chain-ecosystem', 'oasis-ecosystem', 'moonbeam-ecosystem', 'xdc-ecosystem', 'metisdao-ecosystem', 'velas-ecosystem', 'doge-chain-ecosystem', 'aptos-ecosystem', 'sui-ecosystem', 'optimism-ecosystem', 'bitcoin-ecosystem', 'real-world-assets-protocols', 'zksync-era-ecosystem', 'kadena-ecosystem', 'base-ecosystem', 'linea-ecosystem', 'sei-ecosystem', 'toncoin-ecosystem', 'paal-ecosystem', 'blast-ecosystem', 'atomicals-ecosystem', 'move-vm', 'eigenlayer-ecosystem', 'hyperliquid-ecosystem', 'gnosis-chain-ecosystem', 'ronin-ecosystem', 'astar-ecosystem', 'core-ecosystem', 'starknet-ecosystem', 'mantle-ecosystem', 'opbnb-ecosystem', 'scroll-ecosystem', 'merlin-ecosystem', 'b²-network-ecosystem', 'mode-ecosystem', 'world-chain-mainnet-ecosystem', 'made-in-america', 'btcfi', 'world-liberty-financial-portfolio', 'corn-ecosystem', 'bonk-fun-ecosystem', 'sonic-ecosystem', 'binance-ecosystem', 'binance-listing', 'bittensor-ecosystem', 'hyperevm-ecosystem', 'etherlink-ecosystem', 'bera-chain-ecosystem', 'abstract-chain-ecosystem', 'unichain-ecosystem', 'soneium-ecosystem', 'fraxtal-ecosystem', 'monad-ecosystem', 'hashkey-chain-ecosystem', 'wlfi-ecosystem', 'plasma-ecosystem', 'x402-ecosystem', 'iso-20022', 'megaeth-ecosystem', 'sec-cftc-token-taxonomy', 'sec-cftc-digital-commodities', 'robinhood-ecosystem']",8.469900103012789,189618187.81797934,184652904.0220012,4965283.79597812,-6.444,0.14161557,-1.57876209,3.59153608,11.41636272,-11.32058057,-9.76413488,6336332016.565589,0.2862,8469900103.01,,2026-07-24T12:33:00.000Z,1027.0,ethereum,Ethereum,ETH,0x514910771af9ca656af840dff83e8264ecf986ca
2026-07-24 14:33:55.516418,512.0,Stellar,XLM,stellar,False,34174900114.233486,50001786839.912476,50001806812.0,2014-08-05T00:00:00.000Z,827.0,15.0,2026-07-24T12:33:00.000Z,,,31531408660.0,5744558204.014194,9109589041.96,"['medium-of-exchange', 'enterprise-solutions', 'decentralized-exchange-dex-token', 'defi', 'smart-contracts', 'hashkey-capital-portfolio', 'real-world-assets-protocols', '2017-2018-alt-season', 'made-in-america', 'binance-ecosystem', 'binance-listing', 'iso-20022', 'sec-cftc-token-taxonomy', 'sec-cftc-digital-commodities']",0.18218527012088756,122383580.31078403,122231934.74806802,151645.56271602,-15.4287,-0.11968823,-0.77464372,-0.85915397,-4.8445965,21.33076852,5.90753059,6226163408.665978,0.2815,9109592680.58,,2026-07-24T12:33:00.000Z,,,,,
2026-07-24 14:33:55.516418,2010.0,Cardano,ADA,cardano,False,36489899411.97189,44993202652.386566,45000000000.0,2017-10-01T00:00:00.000Z,1718.0,16.0,2026-07-24T12:32:00.000Z,,,37997904336.0,6318628987.601443,7481869316.02,"['dpos', 'pos', 'platform', 'research', 'smart-contracts', 'staking', 'cardano-ecosystem', 'cardano', 'layer-1', 'alleged-sec-securities', '2017-2018-alt-season', 'made-in-america', 'us-strategic-crypto-reserve', 'binance-ecosystem', 'binance-listing', 'iso-20022', 'sec-cftc-token-taxonomy', 'sec-cftc-digital-commodities']",0.16628888087428137,232766303.90399078,231901240.23294327,865063.67104747,-16.5086,0.06356959,-4.66151508,3.80613816,11.99384681,-32.06727612,-33.94549829,6067864536.431905,0.2742,7482999639.34,,2026-07-24T12:32:00.000Z,,,,,
2026-07-24 14:33:55.516418,37263.0,Canton,CC,canton-network,True,39145141881.92199,39145141881.92199,,2025-07-08T04:07:45.000Z,108.0,17.0,2026-07-24T12:32:00.000Z,,,39145141881.92,4687643094.568625,4687643094.57,"['proof-of-authority', 'store-of-value', 'enterprise-solutions', 'privacy', 'interoperability', 'scaling', 'smart-contracts', 'layer-1', 'binance-ecosystem', 'binance-listing', 'privacy-blockchain']",0.11975031560004924,12498584.95916037,10431338.77008675,2067246.18907362,7.2988,-0.05563106,-0.20314986,-7.60354598,-20.39011389,-27.93968741,-21.06444899,4687643094.568863,0.2118,4687643094.57,,2026-07-24T12:32:00.000Z,,,,,
2026-07-24 14:33:55.516418,4943.0,Dai,DAI,multi-collateral-dai,True,4647076141.403908,4647076141.403908,,2019-11-22T00:00:00.000Z,3771.0,18.0,2026-07-24T12:32:00.000Z,,,,,4645578124.96,"['defi', 'stablecoin', 'asset-backed-stablecoin', 'usd-stablecoin', 'xlayer-ecosystem', 'anubis-ecosystem']",0.9996776432323963,36598902.95022702,380539.41021209,36218363.54001494,2.5597,-0.02613306,-0.00451219,-0.00205807,0.01304686,0.01164515,-0.00096427,4645578124.960156,0.2099,4645578124.96,,2026-07-24T12:32:00.000Z,1027.0,ethereum,Ethereum,ETH,0x6b175474e89094c44da98b954eedeac495271d0f
2026-07-24 14:33:55.516418,1831.0,Bitcoin Cash,BCH,bitcoin-cash,False,20065618.75,20065618.75,21000000.0,2017-07-23T00:00:00.000Z,1173.0,19.0,2026-07-24T12:31:00.000Z,,,,,4220759289.92,"['mineable', 'pow', 'sha-256', 'marketplace', 'medium-of-exchange', 'store-of-value', 'enterprise-solutions', 'payments', 'layer-1', '2017-2018-alt-season', 'made-in-america', 'binance-ecosystem', 'binance-listing', 'sec-cftc-token-taxonomy', 'sec-cftc-digital-commodities']",210.34782642416957,99062579.74603306,99056066.81305707,6512.93297599,23.5467,-0.05814654,-2.74286221,-3.85481582,8.93391912,-39.77684813,-53.63112256,4220759289.9185624,0.1907,4417304354.91,,2026-07-24T12:31:00.000Z,,,,,
2026-07-24 14:33:55.516418,36148.0,World Liberty Financial USD,USD1,usd1,False,4152511634.4574523,4152511634.4574523,,2025-04-13T05:37:56.000Z,1229.0,20.0,2026-07-24T12:32:00.000Z,,,,,4147189950.18,"['stablecoin', 'asset-backed-stablecoin', 'usd-stablecoin', 'tron20-ecosystem', 'made-in-america', 'world-liberty-financial-portfolio', 'binance-ecosystem', 'binance-listing', 'wlfi-ecosystem']",0.9987184420538864,944646160.5216256,907772778.8790455,36873381.6425804,36.0074,-0.02588476,-0.03181348,-0.02497366,-0.031643,-0.01362739,-0.107417,4147189950.175984,0.1874,4147189950.18,,2026-07-24T12:32:00.000Z,1027.0,ethereum,Ethereum,ETH,0x8d0D000Ee44948FC98c9B98A4FA4921476f08B0d
2026-07-24 14:34:55.684841,1.0,Bitcoin,BTC,bitcoin,False,20060671.0,20060671.0,21000000.0,2010-07-13T00:00:00.000Z,12673.0,1.0,2026-07-24T12:32:00.000Z,,,,,1303605090728.21,"['mineable', 'pow', 'sha-256', 'store-of-value', 'state-channel', 'coinbase-ventures-portfolio', 'three-arrows-capital-portfolio', 'polychain-capital-portfolio', 'binance-labs-portfolio', 'blockchain-capital-portfolio', 'boostvc-portfolio', 'cms-holdings-portfolio', 'dcg-portfolio', 'dragonfly-capital-portfolio', 'electric-capital-portfolio', 'fabric-ventures-portfolio', 'framework-ventures-portfolio', 'galaxy-digital-portfolio', 'huobi-capital-portfolio', 'alameda-research-portfolio', 'a16z-portfolio', '1confirmation-portfolio', 'winklevoss-capital-portfolio', 'usv-portfolio', 'placeholder-ventures-portfolio', 'pantera-capital-portfolio', 'multicoin-capital-portfolio', 'paradigm-portfolio', 'bitcoin-ecosystem', 'layer-1', 'ftx-bankruptcy-estate', '2017-2018-alt-season', 'us-strategic-crypto-reserve', 'binance-ecosystem', 'binance-listing', 'sec-cftc-token-taxonomy', 'sec-cftc-digital-commodities']",64983.124977634696,25181799186.463264,25155109549.082268,26689637.38099878,16.623,0.00518295,-0.56847839,2.93792153,3.59573441,-15.96688335,-16.27905068,1303605090728.212,58.8998,1364645624530.33,,2026-07-24T12:32:00.000Z,,,,,
2026-07-24 14:34:55.684841,1027.0,Ethereum,ETH,ethereum,True,120682712.41641597,120682712.41641597,,2015-08-07T00:00:00.000Z,12237.0,2.0,2026-07-24T12:34:00.000Z,,,,,227151160331.69,"['pos', 'smart-contracts', 'ethereum-ecosystem', 'coinbase-ventures-portfolio', 'three-arrows-capital-portfolio', 'polychain-capital-portfolio', 'binance-labs-portfolio', 'blockchain-capital-portfolio', 'boostvc-portfolio', 'cms-holdings-portfolio', 'dcg-portfolio', 'dragonfly-capital-portfolio', 'electric-capital-portfolio', 'fabric-ventures-portfolio', 'framework-ventures-portfolio', 'hashkey-capital-portfolio', 'kenetic-capital-portfolio', 'huobi-capital-portfolio', 'alameda-research-portfolio', 'a16z-portfolio', '1confirmation-portfolio', 'winklevoss-capital-portfolio', 'usv-portfolio', 'placeholder-ventures-portfolio', 'pantera-capital-portfolio', 'multicoin-capital-portfolio', 'paradigm-portfolio', 'ethereum-pow-ecosystem', 'layer-1', 'ftx-bankruptcy-estate', 'sora-ecosystem', 'rsk-rbtc-ecosystem', 'world-liberty-financial-portfolio', 'us-strategic-crypto-reserve', 'binance-ecosystem', 'binance-listing', 'abstract-chain-ecosystem', 'unichain-ecosystem', 'soneium-ecosystem', 'sophon-ecosystem', 'sec-cftc-token-taxonomy', 'sec-cftc-digital-commodities', 'anubis-ecosystem', 'robinhood-ecosystem']",1882.2178900645144,10026407483.193428,9941796021.295824,84611461.89760588,4.7513,0.13878389,-1.64299752,2.71569503,12.43727652,-11.01859746,-18.68663051,227151160331.68906,10.2684,227151160331.69,,2026-07-24T12:34:00.000Z,,,,,
2026-07-24 14:34:55.684841,825.0,Tether USDt,USDT,tether,True,184156916986.16385,189106724037.45197,,2015-02-25T00:00:00.000Z,191309.0,3.0,2026-07-24T12:33:00.000Z,,,,,188968912942.57,"['stablecoin', 'asset-backed-stablecoin', 'usd-stablecoin', 'ethereum-pow-ecosystem', 'fiat-stablecoin', 'tron20-ecosystem', 'rsk-rbtc-ecosystem', 'venom-ecosystem', 'world-liberty-financial-portfolio', 'binance-ecosystem', 'binance-listing', 'peaq-ecosystem', 'etherlink-ecosystem', 'duckchain-ecosystem', 'onus-ecosystem', 'sophon-ecosystem', 'xlayer-ecosystem']",0.9992712522752494,52512874979.45066,51022262136.8367,1490612842.6140058,7.6743,-0.01550509,-0.00909597,0.01303906,0.05717597,0.02803696,-0.08021548,184022713051.9131,8.3131,188968912942.57,,2026-07-24T12:33:00.000Z,1027.0,ethereum,Ethereum,ETH,0xdac17f958d2ee523a2206206994597c13d831ec7
2026-07-24 14:34:55.684841,1839.0,BNB,BNB,bnb,False,133165746.73,133165746.73,133165746.73,2017-07-25T00:00:00.000Z,3316.0,4.0,2026-07-24T12:34:00.000Z,,,,,75378361976.99,"['marketplace', 'centralized-exchange', 'payments', 'smart-contracts', 'alameda-research-portfolio', 'multicoin-capital-portfolio', 'bnb-chain-ecosystem', 'layer-1', 'alleged-sec-securities', 'celsius-bankruptcy-estate', 'binance-ecosystem', 'binance-listing', 'etherlink-ecosystem', 'made-in-china']",566.0491817751072,925530941.8075117,903434860.2726266,22096081.5348851,-2.0784,0.0235219,-0.61303202,0.57888579,-2.04815383,-15.30739689,-10.83074482,75378361976.98766,3.4074,75378361976.99,,2026-07-24T12:34:00.000Z,,,,,
2026-07-24 14:34:55.684841,3408.0,USDC,USDC,usd-coin,False,72978910168.95134,72978910168.95134,,2018-10-08T00:00:00.000Z,41807.0,5.0,2026-07-24T12:32:00.000Z,,,60901219650.23,60898165729.05855,72975250606.14,"['medium-of-exchange', 'stablecoin', 'asset-backed-stablecoin', 'stellar-ecosystem', 'coinbase-ventures-portfolio', 'usd-stablecoin', 'xdc-ecosystem', 'ethereum-pow-ecosystem', 'fiat-stablecoin', 'tron20-ecosystem', 'venom-ecosystem', 'made-in-america', 'world-liberty-financial-portfolio', 'sonic-ecosystem', 'binance-ecosystem', 'binance-listing', 'hyperevm-ecosystem', 'etherlink-ecosystem', 'unichain-ecosystem', 'vector-smart-chain-ecosystem', 'sophon-ecosystem', 'monad-ecosystem', 'xlayer-ecosystem']",0.9999498545154105,10163064070.892197,8868488502.574083,1294575568.3181193,8.4974,-0.01443952,0.00097336,-0.00222144,-0.00290402,0.0282394,0.01458835,72975250606.13611,3.2989,72975250606.14,,2026-07-24T12:32:00.000Z,1027.0,ethereum,Ethereum,ETH,0xa0b86991c6218b36c1d19d4a2e9eb0ce3606eb48
2026-07-24 14:34:55.684841,52.0,XRP,XRP,xrp,False,62466503703.0,99985639695.0,100000000000.0,2013-08-04T00:00:00.000Z,1851.0,6.0,2026-07-24T12:34:00.000Z,,,,,110360263455.04,"['medium-of-exchange', 'enterprise-solutions', 'xrp-ecosystem', 'solana-ecosystem', 'arrington-xrp-capital-portfolio', 'galaxy-digital-portfolio', 'a16z-portfolio', 'pantera-capital-portfolio', 'ftx-bankruptcy-estate', '2017-2018-alt-season', 'klaytn-ecosystem', 'made-in-america', 'us-strategic-crypto-reserve', 'binance-ecosystem', 'binance-listing', 'iso-20022', 'sec-cftc-token-taxonomy', 'sec-cftc-digital-commodities']",1.1037611380162584,1118555312.2635436,1117801948.4306474,753363.83289654,18.8407,0.03320304,-2.20277173,2.13409402,1.19399926,-18.67840267,-22.83435231,68948099215.1201,3.1168,110376113801.63,,2026-07-24T12:34:00.000Z,,,,,
2026-07-24 14:34:55.684841,5426.0,Solana,SOL,solana,True,582864861.9342287,630867516.9633151,,2020-04-10T00:00:00.000Z,1147.0,7.0,2026-07-24T12:32:00.000Z,,,525236893.3,39460990460.65467,47397007686.22,"['pos', 'platform', 'solana-ecosystem', 'cms-holdings-portfolio', 'kenetic-capital-portfolio', 'alameda-research-portfolio', 'multicoin-capital-portfolio', 'okx-ventures-portfolio', 'layer-1', 'ftx-bankruptcy-estate', 'alleged-sec-securities', 'cmc-crypto-awards-2024', 'made-in-america', 'us-strategic-crypto-reserve', 'binance-ecosystem', 'binance-listing', 'sec-cftc-token-taxonomy', 'sec-cftc-digital-commodities', 'coinlist-launchpad']",75.12989084358875,1633262096.9330437,1633191445.9866874,70650.94635615,4.1644,-0.14778342,-3.02447641,0.73337685,7.87712753,-12.53320767,-13.02408897,43790573453.68203,1.9782,47397007686.22,,2026-07-24T12:32:00.000Z,,,,,
2026-07-24 14:34:55.684841,1958.0,TRON,TRX,tron,True,94878859029.26059,94878859501.95769,,2017-09-13T00:00:00.000Z,1352.0,8.0,2026-07-24T12:33:00.000Z,,,94667886298.43,31335343660.852966,31405176400.28,"['media', 'payments', 'tron-ecosystem', 'layer-1', 'dwf-labs-portfolio', 'alleged-sec-securities', '2017-2018-alt-season', 'tron20-ecosystem', 'world-liberty-financial-portfolio', 'binance-ecosystem', 'binance-listing', 'made-in-china']",0.33100288689315166,451687546.87448674,451602650.8257472,84896.04873965,20.1886,-0.13372267,1.30729784,2.64050891,0.00471142,-9.97470018,2.50077245,31405176243.81362,1.419,31405176400.28,,2026-07-24T12:33:00.000Z,,,,,
2026-07-24 14:34:55.684841,32196.0,Hyperliquid,HYPE,hyperliquid,False,252727609.92386654,953084179.5974618,953084179.5974618,2024-07-15T10:14:50.000Z,293.0,9.0,2026-07-24T12:32:00.000Z,,,333931719.0,19516500013.465492,55702607286.45,"['decentralized-exchange-dex-token', 'defi', 'derivatives', 'layer-1', 'hyperliquid-ecosystem', 'binance-ecosystem', 'binance-listing', 'perpetuals']",58.44458283840204,346766418.26824147,299511583.57760143,47254834.69064002,-7.1307,0.07603296,-1.62010197,-2.64254261,-5.98695287,-7.22252388,40.62595966,14770559733.746775,0.6676,55702607286.45,,2026-07-24T12:32:00.000Z,32196.0,hyperliquid,Hyperliquid,HYPE,0x0d01dc56dcaaca66ad901c959b4011ec
2026-07-24 14:34:55.684841,74.0,Dogecoin,DOGE,dogecoin,True,155202516383.70523,155202516383.70523,,2013-12-15T00:00:00.000Z,1456.0,10.0,2026-07-24T12:33:00.000Z,,,,,10791981860.71,"['mineable', 'pow', 'scrypt', 'medium-of-exchange', 'memes', 'payments', 'doggone-doggerel', 'doge-chain-ecosystem', 'osmosis-ecosystem', 'ftx-bankruptcy-estate', 'animal-memes', 'made-in-america', 'binance-ecosystem', 'binance-listing', 'sec-cftc-token-taxonomy', 'sec-cftc-digital-commodities']",0.06953483817253149,934758653.6435088,934388878.666363,369774.97714573,86.2011,-0.08689557,-3.78359635,-3.18779239,-11.80817254,-32.43015247,-28.95022228,10791981860.710611,0.4875,10791981860.71,,2026-07-24T12:33:00.000Z,,,,,
2026-07-24 14:34:55.684841,3957.0,UNUS SED LEO,LEO,unus-sed-leo,False,920129382.9,985239504.0,,2019-05-21T00:00:00.000Z,69.0,11.0,2026-07-24T12:34:00.000Z,,,,,9457424233.52,"['marketplace', 'centralized-exchange', 'discount-token', 'payments', 'ethereum-ecosystem', 'kenetic-capital-portfolio', 'alameda-research-portfolio']",9.59911188612324,576976.46893349,576976.46893349,0.0,179.7308,-0.00068122,-1.30682572,-2.022175,0.81941966,-4.55322786,-6.37032039,8832424896.166632,0.3993,9457424233.52,,2026-07-24T12:34:00.000Z,1027.0,ethereum,Ethereum,ETH,0x2af5d2ad76741191d15dfe7bf6ac92d4bd912ca3
2026-07-24 14:34:55.684841,1437.0,Zcash,ZEC,zcash,False,16786844.4155448,16786844.4155448,21000000.0,2016-10-29T00:00:00.000Z,630.0,12.0,2026-07-24T12:33:00.000Z,,,,,8432835158.4,"['mineable', 'pow', 'equihash', 'medium-of-exchange', 'privacy', 'zero-knowledge-proofs', 'quantum-resistant', 'binance-chain', 'boostvc-portfolio', 'dcg-portfolio', 'electric-capital-portfolio', 'fenbushi-capital-portfolio', 'hashkey-capital-portfolio', 'winklevoss-capital-portfolio', 'placeholder-ventures-portfolio', 'pantera-capital-portfolio', 'layer-1', 'standard-crypto-portfolio', '2017-2018-alt-season', 'made-in-america', 'binance-ecosystem', 'binance-listing', 'privacy-coins']",502.3478474957784,400135800.904343,368850903.80580235,31284897.0985407,11.5941,0.10116295,-2.3485788,-5.67986436,19.96664389,-25.09703569,41.39214529,8432835158.395458,0.381,10549304797.41,,2026-07-24T12:33:00.000Z,,,,,
2026-07-24 14:34:55.684841,328.0,Monero,XMR,monero,True,18782099.14058,18782099.14058,,2014-05-21T00:00:00.000Z,372.0,13.0,2026-07-24T12:33:00.000Z,,,,,6649205502.43,"['mineable', 'pow', 'medium-of-exchange', 'privacy', 'ringct', 'boostvc-portfolio', 'electric-capital-portfolio', 'galaxy-digital-portfolio', 'layer-1', '2017-2018-alt-season', 'binance-ecosystem', 'binance-listing', 'privacy-coins']",354.0182304791199,100351735.19170298,100351735.19170298,0.0,42.9812,0.57927307,2.20032523,8.99637188,10.06938709,-7.83759034,-4.22505809,6649205502.43153,0.3004,6649205502.43,,2026-07-24T12:33:00.000Z,,,,,
2026-07-24 14:34:55.684841,1975.0,Chainlink,LINK,chainlink,False,748099970.424884,1000000000.0,1000000000.0,2017-09-20T00:00:00.000Z,2259.0,14.0,2026-07-24T12:34:00.000Z,,,,,8469070832.52,"['platform', 'cosmos-ecosystem', 'defi', 'privacy', 'interoperability', 'iot', 'oracles', 'smart-contracts', 'ethereum-ecosystem', 'tron-ecosystem', 'polkadot', 'polkadot-ecosystem', 'heco-ecosystem', 'avalanche-ecosystem', 'solana-ecosystem', 'framework-ventures-portfolio', 'hedera-hashgraph-ecosystem', 'polygon-ecosystem', 'fantom-ecosystem', 'cardano-ecosystem', 'terra-ecosystem', 'web3', 'near-protocol-ecosystem', 'arbitrum-ecosystem', 'celo-ecosystem', 'defi-2', 'cross-chain', 'cronos-ecosystem', 'cardano', 'injective-ecosystem', 'bnb-chain-ecosystem', 'oasis-ecosystem', 'moonbeam-ecosystem', 'xdc-ecosystem', 'metisdao-ecosystem', 'velas-ecosystem', 'doge-chain-ecosystem', 'aptos-ecosystem', 'sui-ecosystem', 'optimism-ecosystem', 'bitcoin-ecosystem', 'real-world-assets-protocols', 'zksync-era-ecosystem', 'kadena-ecosystem', 'base-ecosystem', 'linea-ecosystem', 'sei-ecosystem', 'toncoin-ecosystem', 'paal-ecosystem', 'blast-ecosystem', 'atomicals-ecosystem', 'move-vm', 'eigenlayer-ecosystem', 'hyperliquid-ecosystem', 'gnosis-chain-ecosystem', 'ronin-ecosystem', 'astar-ecosystem', 'core-ecosystem', 'starknet-ecosystem', 'mantle-ecosystem', 'opbnb-ecosystem', 'scroll-ecosystem', 'merlin-ecosystem', 'b²-network-ecosystem', 'mode-ecosystem', 'world-chain-mainnet-ecosystem', 'made-in-america', 'btcfi', 'world-liberty-financial-portfolio', 'corn-ecosystem', 'bonk-fun-ecosystem', 'sonic-ecosystem', 'binance-ecosystem', 'binance-listing', 'bittensor-ecosystem', 'hyperevm-ecosystem', 'etherlink-ecosystem', 'bera-chain-ecosystem', 'abstract-chain-ecosystem', 'unichain-ecosystem', 'soneium-ecosystem', 'fraxtal-ecosystem', 'monad-ecosystem', 'hashkey-chain-ecosystem', 'wlfi-ecosystem', 'plasma-ecosystem', 'x402-ecosystem', 'iso-20022', 'megaeth-ecosystem', 'sec-cftc-token-taxonomy', 'sec-cftc-digital-commodities', 'robinhood-ecosystem']",8.469070832519343,189525839.5488092,184561107.97211936,4964731.57668985,-6.4601,0.17232871,-1.54041466,3.58466789,11.40428929,-11.332151,-9.77430436,6335711639.333968,0.2864,8469070832.52,,2026-07-24T12:34:00.000Z,1027.0,ethereum,Ethereum,ETH,0x514910771af9ca656af840dff83e8264ecf986ca
2026-07-24 14:34:55.684841,512.0,Stellar,XLM,stellar,False,34174900114.233486,50001786839.912476,50001806812.0,2014-08-05T00:00:00.000Z,827.0,15.0,2026-07-24T12:34:00.000Z,,,31531408660.0,5744107706.228718,9108874652.87,"['medium-of-exchange', 'enterprise-solutions', 'decentralized-exchange-dex-token', 'defi', 'smart-contracts', 'hashkey-capital-portfolio', 'real-world-assets-protocols', '2017-2018-alt-season', 'made-in-america', 'binance-ecosystem', 'binance-listing', 'iso-20022', 'sec-cftc-token-taxonomy', 'sec-cftc-digital-commodities']",0.18217098284973096,121353636.78331952,121205617.99361348,148018.78970605,-16.7325,-0.10545725,-0.38525672,-0.864987,-4.85307172,21.32782364,5.90014719,6225675142.601297,0.2814,9108878291.2,,2026-07-24T12:34:00.000Z,,,,,
2026-07-24 14:34:55.684841,2010.0,Cardano,ADA,cardano,False,36489899411.97189,44993202652.386566,45000000000.0,2017-10-01T00:00:00.000Z,1718.0,16.0,2026-07-24T12:33:00.000Z,,,37997904336.0,6317872894.041794,7480974027.94,"['dpos', 'pos', 'platform', 'research', 'smart-contracts', 'staking', 'cardano-ecosystem', 'cardano', 'layer-1', 'alleged-sec-securities', '2017-2018-alt-season', 'made-in-america', 'us-strategic-crypto-reserve', 'binance-ecosystem', 'binance-listing', 'iso-20022', 'sec-cftc-token-taxonomy', 'sec-cftc-digital-commodities']",0.16626898257797104,232762490.332491,231897470.50200298,865019.83048803,-16.5066,0.08568438,-4.65971377,3.82543799,11.9394002,-32.13343016,-33.94858281,6067138449.601071,0.2741,7482104216.01,,2026-07-24T12:33:00.000Z,,,,,
2026-07-24 14:34:55.684841,37263.0,Canton,CC,canton-network,True,39145141881.92199,39145141881.92199,,2025-07-08T04:07:45.000Z,108.0,17.0,2026-07-24T12:33:00.000Z,,,39145141881.92,4687762189.349262,4687762189.35,"['proof-of-authority', 'store-of-value', 'enterprise-solutions', 'privacy', 'interoperability', 'scaling', 'smart-contracts', 'layer-1', 'binance-ecosystem', 'binance-listing', 'privacy-blockchain']",0.11975335798985576,12498556.48127168,10431310.29219805,2067246.18907362,7.3259,-0.0589872,-0.1918137,-7.59215297,-20.39784201,-27.92156781,-21.08082339,4687762189.3495,0.2118,4687762189.35,,2026-07-24T12:33:00.000Z,,,,,
2026-07-24 14:34:55.684841,4943.0,Dai,DAI,multi-collateral-dai,True,4647076141.403908,4647076141.403908,,2019-11-22T00:00:00.000Z,3771.0,18.0,2026-07-24T12:33:00.000Z,,,,,4645872803.25,"['defi', 'stablecoin', 'asset-backed-stablecoin', 'usd-stablecoin', 'xlayer-ecosystem', 'anubis-ecosystem']",0.9997410547809391,36581815.5767504,380556.33775739,36201259.238993,2.5849,-0.02018364,0.0021575,0.00282324,0.01573858,0.02229867,0.00546595,4645872803.254479,0.2099,4645872803.25,,2026-07-24T12:33:00.000Z,1027.0,ethereum,Ethereum,ETH,0x6b175474e89094c44da98b954eedeac495271d0f
2026-07-24 14:34:55.684841,1831.0,Bitcoin Cash,BCH,bitcoin-cash,False,20065618.75,20065618.75,21000000.0,2017-07-23T00:00:00.000Z,1173.0,19.0,2026-07-24T12:32:00.000Z,,,,,4220852986.34,"['mineable', 'pow', 'sha-256', 'marketplace', 'medium-of-exchange', 'store-of-value', 'enterprise-solutions', 'payments', 'layer-1', '2017-2018-alt-season', 'made-in-america', 'binance-ecosystem', 'binance-listing', 'sec-cftc-token-taxonomy', 'sec-cftc-digital-commodities']",210.35249592492943,99061497.63583782,99054984.70286183,6512.93297599,23.5602,-0.05307929,-2.72842773,-3.85404094,8.93485371,-39.77697622,-53.62997043,4220852986.3405623,0.1907,4417402414.42,,2026-07-24T12:32:00.000Z,,,,,
2026-07-24 14:34:55.684841,36148.0,World Liberty Financial USD,USD1,usd1,False,4152511634.4574523,4152511634.4574523,,2025-04-13T05:37:56.000Z,1229.0,20.0,2026-07-24T12:33:00.000Z,,,,,4147266026.51,"['stablecoin', 'asset-backed-stablecoin', 'usd-stablecoin', 'tron20-ecosystem', 'made-in-america', 'world-liberty-financial-portfolio', 'binance-ecosystem', 'binance-listing', 'wlfi-ecosystem']",0.9987367626128613,944494134.0788823,907627986.6344063,36866147.44447602,35.9778,-0.016038,-0.02643197,-0.02471991,-0.03754585,-0.01327415,-0.10410301,4147266026.5102773,0.1874,4147266026.51,,2026-07-24T12:33:00.000Z,1027.0,ethereum,Ethereum,ETH,0x8d0D000Ee44948FC98c9B98A4FA4921476f08B0d
2026-07-24 14:32:55.341632,1.0,Bitcoin,BTC,bitcoin,False,20060671.0,20060671.0,21000000.0,2010-07-13T00:00:00.000Z,12673.0,1.0,2026-07-24T12:30:00.000Z,,,,,1303486059369.3,"['mineable', 'pow', 'sha-256', 'store-of-value', 'state-channel', 'coinbase-ventures-portfolio', 'three-arrows-capital-portfolio', 'polychain-capital-portfolio', 'binance-labs-portfolio', 'blockchain-capital-portfolio', 'boostvc-portfolio', 'cms-holdings-portfolio', 'dcg-portfolio', 'dragonfly-capital-portfolio', 'electric-capital-portfolio', 'fabric-ventures-portfolio', 'framework-ventures-portfolio', 'galaxy-digital-portfolio', 'huobi-capital-portfolio', 'alameda-research-portfolio', 'a16z-portfolio', '1confirmation-portfolio', 'winklevoss-capital-portfolio', 'usv-portfolio', 'placeholder-ventures-portfolio', 'pantera-capital-portfolio', 'multicoin-capital-portfolio', 'paradigm-portfolio', 'bitcoin-ecosystem', 'layer-1', 'ftx-bankruptcy-estate', '2017-2018-alt-season', 'us-strategic-crypto-reserve', 'binance-ecosystem', 'binance-listing', 'sec-cftc-token-taxonomy', 'sec-cftc-digital-commodities']",64977.19140946459,25215526480.801323,25188860182.445736,26666298.35558762,16.5947,-0.04363622,-0.63212469,2.9123475,3.59832766,-15.98178821,-16.25213243,1303486059369.2954,58.9015,1364521019598.76,,2026-07-24T12:30:00.000Z,,,,,
2026-07-24 14:32:55.341632,1027.0,Ethereum,ETH,ethereum,True,120682712.41641597,120682712.41641597,,2015-08-07T00:00:00.000Z,12237.0,2.0,2026-07-24T12:32:00.000Z,,,,,227101693234.52,"['pos', 'smart-contracts', 'ethereum-ecosystem', 'coinbase-ventures-portfolio', 'three-arrows-capital-portfolio', 'polychain-capital-portfolio', 'binance-labs-portfolio', 'blockchain-capital-portfolio', 'boostvc-portfolio', 'cms-holdings-portfolio', 'dcg-portfolio', 'dragonfly-capital-portfolio', 'electric-capital-portfolio', 'fabric-ventures-portfolio', 'framework-ventures-portfolio', 'hashkey-capital-portfolio', 'kenetic-capital-portfolio', 'huobi-capital-portfolio', 'alameda-research-portfolio', 'a16z-portfolio', '1confirmation-portfolio', 'winklevoss-capital-portfolio', 'usv-portfolio', 'placeholder-ventures-portfolio', 'pantera-capital-portfolio', 'multicoin-capital-portfolio', 'paradigm-portfolio', 'ethereum-pow-ecosystem', 'layer-1', 'ftx-bankruptcy-estate', 'sora-ecosystem', 'rsk-rbtc-ecosystem', 'world-liberty-financial-portfolio', 'us-strategic-crypto-reserve', 'binance-ecosystem', 'binance-listing', 'abstract-chain-ecosystem', 'unichain-ecosystem', 'soneium-ecosystem', 'sophon-ecosystem', 'sec-cftc-token-taxonomy', 'sec-cftc-digital-commodities', 'anubis-ecosystem', 'robinhood-ecosystem']",1881.8079962514387,10033221310.749155,9951619643.587326,81601667.1618277,6.2507,0.11942655,-1.82074076,2.69043827,12.41405104,-11.06464433,-18.70645182,227101693234.52435,10.2586,227101693234.52,,2026-07-24T12:32:00.000Z,,,,,
2026-07-24 14:32:55.341632,825.0,Tether USDt,USDT,tether,True,184156916986.16385,189106724037.45197,,2015-02-25T00:00:00.000Z,191309.0,3.0,2026-07-24T12:31:00.000Z,,,,,188948702055.22,"['stablecoin', 'asset-backed-stablecoin', 'usd-stablecoin', 'ethereum-pow-ecosystem', 'fiat-stablecoin', 'tron20-ecosystem', 'rsk-rbtc-ecosystem', 'venom-ecosystem', 'world-liberty-financial-portfolio', 'binance-ecosystem', 'binance-listing', 'peaq-ecosystem', 'etherlink-ecosystem', 'duckchain-ecosystem', 'onus-ecosystem', 'sophon-ecosystem', 'xlayer-ecosystem']",0.9991643767135577,52505829161.10128,51023796301.566795,1482032859.5345051,7.6712,-0.02179796,-0.02925676,0.009235,0.04802461,0.01261504,-0.08805515,184003031177.9708,8.3122,188948702055.22,,2026-07-24T12:31:00.000Z,1027.0,ethereum,Ethereum,ETH,0xdac17f958d2ee523a2206206994597c13d831ec7
2026-07-24 14:32:55.341632,1839.0,BNB,BNB,bnb,False,133165746.73,133165746.73,133165746.73,2017-07-25T00:00:00.000Z,3316.0,4.0,2026-07-24T12:32:00.000Z,,,,,75352781104.09,"['marketplace', 'centralized-exchange', 'payments', 'smart-contracts', 'alameda-research-portfolio', 'multicoin-capital-portfolio', 'bnb-chain-ecosystem', 'layer-1', 'alleged-sec-securities', 'celsius-bankruptcy-estate', 'binance-ecosystem', 'binance-listing', 'etherlink-ecosystem', 'made-in-china']",565.8570837805231,925360300.7237637,903218061.2508975,22142239.47286646,-2.0808,-0.0142748,-0.67612957,0.53819057,-2.07214035,-15.27166955,-10.86831228,75352781104.09354,3.404,75352781104.09,,2026-07-24T12:32:00.000Z,,,,,
2026-07-24 14:32:55.341632,3408.0,USDC,USDC,usd-coin,False,72978910168.95134,72978910168.95134,,2018-10-08T00:00:00.000Z,41807.0,5.0,2026-07-24T12:30:00.000Z,,,60901219650.23,60888464959.0361,72963626017.53,"['medium-of-exchange', 'stablecoin', 'asset-backed-stablecoin', 'stellar-ecosystem', 'coinbase-ventures-portfolio', 'usd-stablecoin', 'xdc-ecosystem', 'ethereum-pow-ecosystem', 'fiat-stablecoin', 'tron20-ecosystem', 'venom-ecosystem', 'made-in-america', 'world-liberty-financial-portfolio', 'sonic-ecosystem', 'binance-ecosystem', 'binance-listing', 'hyperevm-ecosystem', 'etherlink-ecosystem', 'unichain-ecosystem', 'vector-smart-chain-ecosystem', 'sophon-ecosystem', 'monad-ecosystem', 'xlayer-ecosystem']",0.9997905675573141,10155013262.281488,8864694456.036049,1290318806.2454348,8.2424,-0.04228365,-0.01313396,-0.00537565,0.00547532,0.00943724,0.00364113,72963626017.5301,3.2959,72963626017.53,,2026-07-24T12:30:00.000Z,1027.0,ethereum,Ethereum,ETH,0xa0b86991c6218b36c1d19d4a2e9eb0ce3606eb48
2026-07-24 14:32:55.341632,52.0,XRP,XRP,xrp,False,62466503703.0,99985639695.0,100000000000.0,2013-08-04T00:00:00.000Z,1851.0,6.0,2026-07-24T12:32:00.000Z,,,,,110360208792.14,"['medium-of-exchange', 'enterprise-solutions', 'xrp-ecosystem', 'solana-ecosystem', 'arrington-xrp-capital-portfolio', 'galaxy-digital-portfolio', 'a16z-portfolio', 'pantera-capital-portfolio', 'ftx-bankruptcy-estate', '2017-2018-alt-season', 'klaytn-ecosystem', 'made-in-america', 'us-strategic-crypto-reserve', 'binance-ecosystem', 'binance-listing', 'iso-20022', 'sec-cftc-token-taxonomy', 'sec-cftc-digital-commodities']",1.103760591308766,1120012704.1737013,1119257475.1061816,755229.06751957,19.1142,-0.02696561,-2.30256347,2.14162433,1.20074012,-18.67348011,-22.84981813,68948065064.21451,3.1145,110376059130.88,,2026-07-24T12:32:00.000Z,,,,,
2026-07-24 14:32:55.341632,5426.0,Solana,SOL,solana,True,582864861.9342287,630867516.9633151,,2020-04-10T00:00:00.000Z,1147.0,7.0,2026-07-24T12:30:00.000Z,,,525236893.3,39487183111.06116,47428467952.12,"['pos', 'platform', 'solana-ecosystem', 'cms-holdings-portfolio', 'kenetic-capital-portfolio', 'alameda-research-portfolio', 'multicoin-capital-portfolio', 'okx-ventures-portfolio', 'layer-1', 'ftx-bankruptcy-estate', 'alleged-sec-securities', 'cmc-crypto-awards-2024', 'made-in-america', 'us-strategic-crypto-reserve', 'binance-ecosystem', 'binance-listing', 'sec-cftc-token-taxonomy', 'sec-cftc-digital-commodities', 'coinlist-launchpad']",75.17975910444515,1633837847.9543216,1633767202.2979686,70645.65635304,4.1513,-0.14719072,-3.0266794,0.79854119,7.91981983,-12.48059371,-12.94277988,43819639910.660995,1.9795,47428467952.12,,2026-07-24T12:30:00.000Z,,,,,
2026-07-24 14:32:55.341632,1958.0,TRON,TRX,tron,True,94878859029.26059,94878859501.95769,,2017-09-13T00:00:00.000Z,1352.0,8.0,2026-07-24T12:31:00.000Z,,,94667886298.43,31334765828.842514,31404597280.53,"['media', 'payments', 'tron-ecosystem', 'layer-1', 'dwf-labs-portfolio', 'alleged-sec-securities', '2017-2018-alt-season', 'tron20-ecosystem', 'world-liberty-financial-portfolio', 'binance-ecosystem', 'binance-listing', 'made-in-china']",0.33099678311252395,451741591.5633245,451656551.05494887,85040.50837564,20.2174,-0.14229969,1.30180653,2.64074722,0.00816237,-9.98365783,2.49889776,31404597124.0719,1.4189,31404597280.53,,2026-07-24T12:31:00.000Z,,,,,
2026-07-24 14:32:55.341632,32196.0,Hyperliquid,HYPE,hyperliquid,False,252727609.92386654,953084179.5974618,953084179.5974618,2024-07-15T10:14:50.000Z,293.0,9.0,2026-07-24T12:31:00.000Z,,,333931719.0,19518758341.508465,55709052845.85,"['decentralized-exchange-dex-token', 'defi', 'derivatives', 'layer-1', 'hyperliquid-ecosystem', 'binance-ecosystem', 'binance-listing', 'perpetuals']",58.45134568216464,346781644.7541005,299526810.06346047,47254834.69064002,-7.1503,0.08962042,-1.6113765,-2.6231046,-5.96343838,-7.21082159,40.64177679,14772268891.087185,0.6673,55709052845.85,,2026-07-24T12:31:00.000Z,32196.0,hyperliquid,Hyperliquid,HYPE,0x0d01dc56dcaaca66ad901c959b4011ec
2026-07-24 14:32:55.341632,74.0,Dogecoin,DOGE,dogecoin,True,155202516383.70523,155202516383.70523,,2013-12-15T00:00:00.000Z,1456.0,10.0,2026-07-24T12:31:00.000Z,,,,,10791437669.02,"['mineable', 'pow', 'scrypt', 'medium-of-exchange', 'memes', 'payments', 'doggone-doggerel', 'doge-chain-ecosystem', 'osmosis-ecosystem', 'ftx-bankruptcy-estate', 'animal-memes', 'made-in-america', 'binance-ecosystem', 'binance-listing', 'sec-cftc-token-taxonomy', 'sec-cftc-digital-commodities']",0.06953133183963867,934797439.3100084,934427664.3328626,369774.97714573,86.2365,-0.11022219,-3.80515075,-3.2270349,-11.84255375,-32.42113916,-28.97813093,10791437669.022366,0.4875,10791437669.02,,2026-07-24T12:31:00.000Z,,,,,
2026-07-24 14:32:55.341632,3957.0,UNUS SED LEO,LEO,unus-sed-leo,False,920129382.9,985239504.0,,2019-05-21T00:00:00.000Z,69.0,11.0,2026-07-24T12:32:00.000Z,,,,,9457139932.04,"['marketplace', 'centralized-exchange', 'discount-token', 'payments', 'ethereum-ecosystem', 'kenetic-capital-portfolio', 'alameda-research-portfolio']",9.598823325335418,576933.96327189,576933.96327189,0.0,179.7178,-0.00636188,-1.31548318,-2.02828563,0.81077209,-4.55447746,-6.37754144,8832159382.907003,0.399,9457139932.04,,2026-07-24T12:32:00.000Z,1027.0,ethereum,Ethereum,ETH,0x2af5d2ad76741191d15dfe7bf6ac92d4bd912ca3
2026-07-24 14:32:55.341632,1437.0,Zcash,ZEC,zcash,False,16786844.4155448,16786844.4155448,21000000.0,2016-10-29T00:00:00.000Z,630.0,12.0,2026-07-24T12:30:00.000Z,,,,,8437343393.76,"['mineable', 'pow', 'equihash', 'medium-of-exchange', 'privacy', 'zero-knowledge-proofs', 'quantum-resistant', 'binance-chain', 'boostvc-portfolio', 'dcg-portfolio', 'electric-capital-portfolio', 'fenbushi-capital-portfolio', 'hashkey-capital-portfolio', 'winklevoss-capital-portfolio', 'placeholder-ventures-portfolio', 'pantera-capital-portfolio', 'layer-1', 'standard-crypto-portfolio', '2017-2018-alt-season', 'made-in-america', 'binance-ecosystem', 'binance-listing', 'privacy-coins']",502.61640513843815,400533534.5732135,369187444.4404321,31346090.13278137,11.9052,0.11333595,-2.38328517,-5.62919295,19.91668256,-25.31416497,41.36253532,8437343393.759393,0.3813,10554944507.91,,2026-07-24T12:30:00.000Z,,,,,
2026-07-24 14:32:55.341632,328.0,Monero,XMR,monero,True,18782099.14058,18782099.14058,,2014-05-21T00:00:00.000Z,372.0,13.0,2026-07-24T12:31:00.000Z,,,,,6647944896.21,"['mineable', 'pow', 'medium-of-exchange', 'privacy', 'ringct', 'boostvc-portfolio', 'electric-capital-portfolio', 'galaxy-digital-portfolio', 'layer-1', '2017-2018-alt-season', 'binance-ecosystem', 'binance-listing', 'privacy-coins']",353.9511130491281,100364396.57608652,100364396.57608652,0.0,43.225,0.36006488,2.19794384,9.06565361,10.00735445,-7.92343714,-4.40451746,6647944896.207363,0.3004,6647944896.21,,2026-07-24T12:31:00.000Z,,,,,
2026-07-24 14:32:55.341632,1975.0,Chainlink,LINK,chainlink,False,748099970.424884,1000000000.0,1000000000.0,2017-09-20T00:00:00.000Z,2259.0,14.0,2026-07-24T12:32:00.000Z,,,,,8469447953.62,"['platform', 'cosmos-ecosystem', 'defi', 'privacy', 'interoperability', 'iot', 'oracles', 'smart-contracts', 'ethereum-ecosystem', 'tron-ecosystem', 'polkadot', 'polkadot-ecosystem', 'heco-ecosystem', 'avalanche-ecosystem', 'solana-ecosystem', 'framework-ventures-portfolio', 'hedera-hashgraph-ecosystem', 'polygon-ecosystem', 'fantom-ecosystem', 'cardano-ecosystem', 'terra-ecosystem', 'web3', 'near-protocol-ecosystem', 'arbitrum-ecosystem', 'celo-ecosystem', 'defi-2', 'cross-chain', 'cronos-ecosystem', 'cardano', 'injective-ecosystem', 'bnb-chain-ecosystem', 'oasis-ecosystem', 'moonbeam-ecosystem', 'xdc-ecosystem', 'metisdao-ecosystem', 'velas-ecosystem', 'doge-chain-ecosystem', 'aptos-ecosystem', 'sui-ecosystem', 'optimism-ecosystem', 'bitcoin-ecosystem', 'real-world-assets-protocols', 'zksync-era-ecosystem', 'kadena-ecosystem', 'base-ecosystem', 'linea-ecosystem', 'sei-ecosystem', 'toncoin-ecosystem', 'paal-ecosystem', 'blast-ecosystem', 'atomicals-ecosystem', 'move-vm', 'eigenlayer-ecosystem', 'hyperliquid-ecosystem', 'gnosis-chain-ecosystem', 'ronin-ecosystem', 'astar-ecosystem', 'core-ecosystem', 'starknet-ecosystem', 'mantle-ecosystem', 'opbnb-ecosystem', 'scroll-ecosystem', 'merlin-ecosystem', 'b²-network-ecosystem', 'mode-ecosystem', 'world-chain-mainnet-ecosystem', 'made-in-america', 'btcfi', 'world-liberty-financial-portfolio', 'corn-ecosystem', 'bonk-fun-ecosystem', 'sonic-ecosystem', 'binance-ecosystem', 'binance-listing', 'bittensor-ecosystem', 'hyperevm-ecosystem', 'etherlink-ecosystem', 'bera-chain-ecosystem', 'abstract-chain-ecosystem', 'unichain-ecosystem', 'soneium-ecosystem', 'fraxtal-ecosystem', 'monad-ecosystem', 'hashkey-chain-ecosystem', 'wlfi-ecosystem', 'plasma-ecosystem', 'x402-ecosystem', 'iso-20022', 'megaeth-ecosystem', 'sec-cftc-token-taxonomy', 'sec-cftc-digital-commodities', 'robinhood-ecosystem']",8.46944795362381,189697160.15622938,184707770.86145994,4989389.29476943,-6.3825,0.11803554,-1.59060912,3.58675331,11.41480699,-11.28732579,-9.78128837,6335993763.621066,0.2862,8469447953.62,,2026-07-24T12:32:00.000Z,1027.0,ethereum,Ethereum,ETH,0x514910771af9ca656af840dff83e8264ecf986ca
2026-07-24 14:32:55.341632,512.0,Stellar,XLM,stellar,False,34174900114.233486,50001786839.912476,50001806812.0,2014-08-05T00:00:00.000Z,827.0,15.0,2026-07-24T12:32:00.000Z,,,31531408660.0,5744764244.00254,9109915775.46,"['medium-of-exchange', 'enterprise-solutions', 'decentralized-exchange-dex-token', 'defi', 'smart-contracts', 'hashkey-capital-portfolio', 'real-world-assets-protocols', '2017-2018-alt-season', 'made-in-america', 'binance-ecosystem', 'binance-listing', 'iso-20022', 'sec-cftc-token-taxonomy', 'sec-cftc-digital-commodities']",0.18219180455740983,122793457.8632516,122641812.30053559,151645.56271602,-14.8897,-0.14847339,-0.79341784,-0.84120235,-4.83776055,21.30448653,5.88509289,6226386722.381431,0.2813,9109919414.21,,2026-07-24T12:32:00.000Z,,,,,
2026-07-24 14:32:55.341632,2010.0,Cardano,ADA,cardano,False,36489899411.97189,44993202652.386566,45000000000.0,2017-10-01T00:00:00.000Z,1718.0,16.0,2026-07-24T12:31:00.000Z,,,37997904336.0,6319078093.503383,7482401100.94,"['dpos', 'pos', 'platform', 'research', 'smart-contracts', 'staking', 'cardano-ecosystem', 'cardano', 'layer-1', 'alleged-sec-securities', '2017-2018-alt-season', 'made-in-america', 'us-strategic-crypto-reserve', 'binance-ecosystem', 'binance-listing', 'iso-20022', 'sec-cftc-token-taxonomy', 'sec-cftc-digital-commodities']",0.16630070010246742,232638309.3073735,231774939.09184536,863370.21552806,-16.5567,0.06557901,-4.67673346,3.81149612,12.01009896,-32.04538043,-33.93339991,6068295818.87954,0.2742,7483531504.61,,2026-07-24T12:31:00.000Z,,,,,
2026-07-24 14:32:55.341632,37263.0,Canton,CC,canton-network,True,39145141881.92199,39145141881.92199,,2025-07-08T04:07:45.000Z,108.0,17.0,2026-07-24T12:30:00.000Z,,,39145141881.92,4684290586.226368,4684290586.23,"['proof-of-authority', 'store-of-value', 'enterprise-solutions', 'privacy', 'interoperability', 'scaling', 'smart-contracts', 'layer-1', 'binance-ecosystem', 'binance-listing', 'privacy-blockchain']",0.11966467257562566,12494279.61849583,10427615.59630103,2066664.02219479,7.1491,-0.15853171,-0.28501465,-7.67756784,-20.44506343,-28.01385319,-21.10974069,4684290586.226605,0.2117,4684290586.23,,2026-07-24T12:30:00.000Z,,,,,
2026-07-24 14:32:55.341632,4943.0,Dai,DAI,multi-collateral-dai,True,4647076141.403908,4647076141.403908,,2019-11-22T00:00:00.000Z,3771.0,18.0,2026-07-24T12:31:00.000Z,,,,,4645669251.49,"['defi', 'stablecoin', 'asset-backed-stablecoin', 'usd-stablecoin', 'xlayer-ecosystem', 'anubis-ecosystem']",0.9996972526662976,36602009.6525807,380538.86074676,36221470.79183394,2.5819,-0.02280779,-0.00263655,0.02036947,0.01357868,0.01429233,0.00137087,4645669251.492585,0.2099,4645669251.49,,2026-07-24T12:31:00.000Z,1027.0,ethereum,Ethereum,ETH,0x6b175474e89094c44da98b954eedeac495271d0f
2026-07-24 14:32:55.341632,1831.0,Bitcoin Cash,BCH,bitcoin-cash,False,20065618.75,20065618.75,21000000.0,2017-07-23T00:00:00.000Z,1173.0,19.0,2026-07-24T12:30:00.000Z,,,,,4221662590.76,"['mineable', 'pow', 'sha-256', 'marketplace', 'medium-of-exchange', 'store-of-value', 'enterprise-solutions', 'payments', 'layer-1', '2017-2018-alt-season', 'made-in-america', 'binance-ecosystem', 'binance-listing', 'sec-cftc-token-taxonomy', 'sec-cftc-digital-commodities']",210.39284376719408,99078259.70701747,99071746.77404149,6512.93297599,23.7277,-0.02452881,-2.74423913,-3.84643191,8.94190867,-39.76170343,-53.61766163,4221662590.7608304,0.1907,4418249719.11,,2026-07-24T12:30:00.000Z,,,,,
2026-07-24 14:32:55.341632,36148.0,World Liberty Financial USD,USD1,usd1,False,4152511634.4574523,4152511634.4574523,,2025-04-13T05:37:56.000Z,1229.0,20.0,2026-07-24T12:30:00.000Z,,,,,4147509172.18,"['stablecoin', 'asset-backed-stablecoin', 'usd-stablecoin', 'tron20-ecosystem', 'made-in-america', 'world-liberty-financial-portfolio', 'binance-ecosystem', 'binance-listing', 'wlfi-ecosystem']",0.9987953164926461,944926342.2474432,907992738.364444,36933603.88299941,36.4177,-0.02511302,-0.03099534,-0.02072388,-0.0310833,-0.00576245,-0.09973191,4147509172.177326,0.1874,4147509172.18,,2026-07-24T12:30:00.000Z,1027.0,ethereum,Ethereum,ETH,0x8d0D000Ee44948FC98c9B98A4FA4921476f08B0d
2026-07-24 14:33:55.516418,1.0,Bitcoin,BTC,bitcoin,False,20060671.0,20060671.0,21000000.0,2010-07-13T00:00:00.000Z,12673.0,1.0,2026-07-24T12:31:00.000Z,,,,,1303473806358.45,"['mineable', 'pow', 'sha-256', 'store-of-value', 'state-channel', 'coinbase-ventures-portfolio', 'three-arrows-capital-portfolio', 'polychain-capital-portfolio', 'binance-labs-portfolio', 'blockchain-capital-portfolio', 'boostvc-portfolio', 'cms-holdings-portfolio', 'dcg-portfolio', 'dragonfly-capital-portfolio', 'electric-capital-portfolio', 'fabric-ventures-portfolio', 'framework-ventures-portfolio', 'galaxy-digital-portfolio', 'huobi-capital-portfolio', 'alameda-research-portfolio', 'a16z-portfolio', '1confirmation-portfolio', 'winklevoss-capital-portfolio', 'usv-portfolio', 'placeholder-ventures-portfolio', 'pantera-capital-portfolio', 'multicoin-capital-portfolio', 'paradigm-portfolio', 'bitcoin-ecosystem', 'layer-1', 'ftx-bankruptcy-estate', '2017-2018-alt-season', 'us-strategic-crypto-reserve', 'binance-ecosystem', 'binance-listing', 'sec-cftc-token-taxonomy', 'sec-cftc-digital-commodities']",64976.58061180775,25182831622.15585,25156142089.124004,26689533.03184556,16.6563,-0.02012935,-0.59926337,2.92253209,3.63012621,-15.97744243,-16.26525226,1303473806358.454,58.8939,1364508192847.96,,2026-07-24T12:31:00.000Z,,,,,
2026-07-24 14:33:55.516418,1027.0,Ethereum,ETH,ethereum,True,120682712.41641597,120682712.41641597,,2015-08-07T00:00:00.000Z,12237.0,2.0,2026-07-24T12:32:00.000Z,,,,,227101693234.52,"['pos', 'smart-contracts', 'ethereum-ecosystem', 'coinbase-ventures-portfolio', 'three-arrows-capital-portfolio', 'polychain-capital-portfolio', 'binance-labs-portfolio', 'blockchain-capital-portfolio', 'boostvc-portfolio', 'cms-holdings-portfolio', 'dcg-portfolio', 'dragonfly-capital-portfolio', 'electric-capital-portfolio', 'fabric-ventures-portfolio', 'framework-ventures-portfolio', 'hashkey-capital-portfolio', 'kenetic-capital-portfolio', 'huobi-capital-portfolio', 'alameda-research-portfolio', 'a16z-portfolio', '1confirmation-portfolio', 'winklevoss-capital-portfolio', 'usv-portfolio', 'placeholder-ventures-portfolio', 'pantera-capital-portfolio', 'multicoin-capital-portfolio', 'paradigm-portfolio', 'ethereum-pow-ecosystem', 'layer-1', 'ftx-bankruptcy-estate', 'sora-ecosystem', 'rsk-rbtc-ecosystem', 'world-liberty-financial-portfolio', 'us-strategic-crypto-reserve', 'binance-ecosystem', 'binance-listing', 'abstract-chain-ecosystem', 'unichain-ecosystem', 'soneium-ecosystem', 'sophon-ecosystem', 'sec-cftc-token-taxonomy', 'sec-cftc-digital-commodities', 'anubis-ecosystem', 'robinhood-ecosystem']",1881.8079962514387,10033221310.749155,9951619643.587326,81601667.1618277,6.2507,0.11942655,-1.82074076,2.69043827,12.41405104,-11.06464433,-18.70645182,227101693234.52435,10.2586,227101693234.52,,2026-07-24T12:32:00.000Z,,,,,
2026-07-24 14:33:55.516418,825.0,Tether USDt,USDT,tether,True,184156916986.16385,189106724037.45197,,2015-02-25T00:00:00.000Z,191309.0,3.0,2026-07-24T12:32:00.000Z,,,,,188959340984.96,"['stablecoin', 'asset-backed-stablecoin', 'usd-stablecoin', 'ethereum-pow-ecosystem', 'fiat-stablecoin', 'tron20-ecosystem', 'rsk-rbtc-ecosystem', 'venom-ecosystem', 'world-liberty-financial-portfolio', 'binance-ecosystem', 'binance-listing', 'peaq-ecosystem', 'etherlink-ecosystem', 'duckchain-ecosystem', 'onus-ecosystem', 'sophon-ecosystem', 'xlayer-ecosystem']",0.9992206355789948,52515336216.78423,51024181554.05555,1491154662.7287147,7.6608,-0.02201931,-0.0217579,0.00840478,0.04332033,0.0205363,-0.08853909,184013391637.18283,8.3126,188959340984.96,,2026-07-24T12:32:00.000Z,1027.0,ethereum,Ethereum,ETH,0xdac17f958d2ee523a2206206994597c13d831ec7
2026-07-24 14:33:55.516418,1839.0,BNB,BNB,bnb,False,133165746.73,133165746.73,133165746.73,2017-07-25T00:00:00.000Z,3316.0,4.0,2026-07-24T12:33:00.000Z,,,,,75358085877.55,"['marketplace', 'centralized-exchange', 'payments', 'smart-contracts', 'alameda-research-portfolio', 'multicoin-capital-portfolio', 'bnb-chain-ecosystem', 'layer-1', 'alleged-sec-securities', 'celsius-bankruptcy-estate', 'binance-ecosystem', 'binance-listing', 'etherlink-ecosystem', 'made-in-china']",565.8969196511124,925338784.8565912,903196544.2067908,22142240.64980051,-2.0857,-0.00308174,-0.66586135,0.55423471,-2.07186718,-15.32105935,-10.85329864,75358085877.5472,3.4042,75358085877.55,,2026-07-24T12:33:00.000Z,,,,,
2026-07-24 14:33:55.516418,3408.0,USDC,USDC,usd-coin,False,72978910168.95134,72978910168.95134,,2018-10-08T00:00:00.000Z,41807.0,5.0,2026-07-24T12:32:00.000Z,,,60901219650.23,60898165729.05855,72975250606.14,"['medium-of-exchange', 'stablecoin', 'asset-backed-stablecoin', 'stellar-ecosystem', 'coinbase-ventures-portfolio', 'usd-stablecoin', 'xdc-ecosystem', 'ethereum-pow-ecosystem', 'fiat-stablecoin', 'tron20-ecosystem', 'venom-ecosystem', 'made-in-america', 'world-liberty-financial-portfolio', 'sonic-ecosystem', 'binance-ecosystem', 'binance-listing', 'hyperevm-ecosystem', 'etherlink-ecosystem', 'unichain-ecosystem', 'vector-smart-chain-ecosystem', 'sophon-ecosystem', 'monad-ecosystem', 'xlayer-ecosystem']",0.9999498545154105,10163064070.892197,8868488502.574083,1294575568.3181193,8.4974,-0.01443952,0.00097336,-0.00222144,-0.00290402,0.0282394,0.01458835,72975250606.13611,3.2989,72975250606.14,,2026-07-24T12:32:00.000Z,1027.0,ethereum,Ethereum,ETH,0xa0b86991c6218b36c1d19d4a2e9eb0ce3606eb48
2026-07-24 14:33:55.516418,52.0,XRP,XRP,xrp,False,62466503703.0,99985639695.0,100000000000.0,2013-08-04T00:00:00.000Z,1851.0,6.0,2026-07-24T12:33:00.000Z,,,,,110364422519.45,"['medium-of-exchange', 'enterprise-solutions', 'xrp-ecosystem', 'solana-ecosystem', 'arrington-xrp-capital-portfolio', 'galaxy-digital-portfolio', 'a16z-portfolio', 'pantera-capital-portfolio', 'ftx-bankruptcy-estate', '2017-2018-alt-season', 'klaytn-ecosystem', 'made-in-america', 'us-strategic-crypto-reserve', 'binance-ecosystem', 'binance-listing', 'iso-20022', 'sec-cftc-token-taxonomy', 'sec-cftc-digital-commodities']",1.1038027346338197,1119840452.6082158,1119086313.611999,754138.99621708,19.0695,-0.00040116,-2.29509736,2.13294358,1.19268241,-18.67347269,-22.82878631,68950697610.38503,3.1169,110380273463.38,,2026-07-24T12:33:00.000Z,,,,,
2026-07-24 14:33:55.516418,5426.0,Solana,SOL,solana,True,582864861.9342287,630867516.9633151,,2020-04-10T00:00:00.000Z,1147.0,7.0,2026-07-24T12:31:00.000Z,,,525236893.3,39460152435.58859,47396001125.56,"['pos', 'platform', 'solana-ecosystem', 'cms-holdings-portfolio', 'kenetic-capital-portfolio', 'alameda-research-portfolio', 'multicoin-capital-portfolio', 'okx-ventures-portfolio', 'layer-1', 'ftx-bankruptcy-estate', 'alleged-sec-securities', 'cmc-crypto-awards-2024', 'made-in-america', 'us-strategic-crypto-reserve', 'binance-ecosystem', 'binance-listing', 'sec-cftc-token-taxonomy', 'sec-cftc-digital-commodities', 'coinlist-launchpad']",75.12829532530591,1633306582.4862306,1633235935.80409,70646.68214064,4.1797,-0.18323551,-3.03636124,0.73433217,7.87747778,-12.54093892,-13.01657091,43789643482.13838,1.9782,47396001125.56,,2026-07-24T12:31:00.000Z,,,,,
2026-07-24 14:33:55.516418,1958.0,TRON,TRX,tron,True,94878859029.26059,94878859501.95769,,2017-09-13T00:00:00.000Z,1352.0,8.0,2026-07-24T12:32:00.000Z,,,94667886298.43,31334812985.99912,31404644542.78,"['media', 'payments', 'tron-ecosystem', 'layer-1', 'dwf-labs-portfolio', 'alleged-sec-securities', '2017-2018-alt-season', 'tron20-ecosystem', 'world-liberty-financial-portfolio', 'binance-ecosystem', 'binance-listing', 'made-in-china']",0.33099728124508454,451711750.2641842,451626709.75580865,85040.50837564,20.1972,-0.13954271,1.30287981,2.63711316,0.0020102,-9.97630234,2.49280953,31404644386.320896,1.4189,31404644542.78,,2026-07-24T12:32:00.000Z,,,,,
2026-07-24 14:33:55.516418,32196.0,Hyperliquid,HYPE,hyperliquid,False,252727609.92386654,953084179.5974618,953084179.5974618,2024-07-15T10:14:50.000Z,293.0,9.0,2026-07-24T12:32:00.000Z,,,333931719.0,19516500013.465492,55702607286.45,"['decentralized-exchange-dex-token', 'defi', 'derivatives', 'layer-1', 'hyperliquid-ecosystem', 'binance-ecosystem', 'binance-listing', 'perpetuals']",58.44458283840204,346766418.26824147,299511583.57760143,47254834.69064002,-7.1307,0.07603296,-1.62010197,-2.64254261,-5.98695287,-7.22252388,40.62595966,14770559733.746775,0.6676,55702607286.45,,2026-07-24T12:32:00.000Z,32196.0,hyperliquid,Hyperliquid,HYPE,0x0d01dc56dcaaca66ad901c959b4011ec
2026-07-24 14:33:55.516418,74.0,Dogecoin,DOGE,dogecoin,True,155202516383.70523,155202516383.70523,,2013-12-15T00:00:00.000Z,1456.0,10.0,2026-07-24T12:32:00.000Z,,,,,10791469255.72,"['mineable', 'pow', 'scrypt', 'medium-of-exchange', 'memes', 'payments', 'doggone-doggerel', 'doge-chain-ecosystem', 'osmosis-ecosystem', 'ftx-bankruptcy-estate', 'animal-memes', 'made-in-america', 'binance-ecosystem', 'binance-listing', 'sec-cftc-token-taxonomy', 'sec-cftc-digital-commodities']",0.0695315353588687,934772943.5982797,934403168.621134,369774.97714573,86.2145,-0.10177489,-3.80195325,-3.22385351,-11.84139716,-32.42145464,-28.98497458,10791469255.719,0.4875,10791469255.72,,2026-07-24T12:32:00.000Z,,,,,
2026-07-24 14:33:55.516418,3957.0,UNUS SED LEO,LEO,unus-sed-leo,False,920129382.9,985239504.0,,2019-05-21T00:00:00.000Z,69.0,11.0,2026-07-24T12:33:00.000Z,,,,,9457273385.52,"['marketplace', 'centralized-exchange', 'discount-token', 'payments', 'ethereum-ecosystem', 'kenetic-capital-portfolio', 'alameda-research-portfolio']",9.598958778169449,576942.75886783,576942.75886783,0.0,179.7315,-0.00711565,-1.31204427,-2.02418558,0.83606519,-4.55445815,-6.37162335,8832284017.039593,0.399,9457273385.52,,2026-07-24T12:33:00.000Z,1027.0,ethereum,Ethereum,ETH,0x2af5d2ad76741191d15dfe7bf6ac92d4bd912ca3
2026-07-24 14:33:55.516418,1437.0,Zcash,ZEC,zcash,False,16786844.4155448,16786844.4155448,21000000.0,2016-10-29T00:00:00.000Z,630.0,12.0,2026-07-24T12:32:00.000Z,,,,,8432515267.16,"['mineable', 'pow', 'equihash', 'medium-of-exchange', 'privacy', 'zero-knowledge-proofs', 'quantum-resistant', 'binance-chain', 'boostvc-portfolio', 'dcg-portfolio', 'electric-capital-portfolio', 'fenbushi-capital-portfolio', 'hashkey-capital-portfolio', 'winklevoss-capital-portfolio', 'placeholder-ventures-portfolio', 'pantera-capital-portfolio', 'layer-1', 'standard-crypto-portfolio', '2017-2018-alt-season', 'made-in-america', 'binance-ecosystem', 'binance-listing', 'privacy-coins']",502.3287914283718,400220751.5771346,368918243.9198759,31302507.65725867,11.7497,0.09079483,-2.38257967,-5.6845033,19.88198888,-25.27183248,41.25840588,8432515267.156732,0.381,10548904620.0,,2026-07-24T12:32:00.000Z,,,,,
2026-07-24 14:33:55.516418,328.0,Monero,XMR,monero,True,18782099.14058,18782099.14058,,2014-05-21T00:00:00.000Z,372.0,13.0,2026-07-24T12:32:00.000Z,,,,,6648696185.08,"['mineable', 'pow', 'medium-of-exchange', 'privacy', 'ringct', 'boostvc-portfolio', 'electric-capital-portfolio', 'galaxy-digital-portfolio', 'layer-1', '2017-2018-alt-season', 'binance-ecosystem', 'binance-listing', 'privacy-coins']",353.99111331052273,100386835.41210529,100386835.41210529,0.0,43.1484,0.5455897,2.21611425,9.07771981,10.01916336,-7.91080338,-4.3835832,6648696185.082526,0.3004,6648696185.08,,2026-07-24T12:32:00.000Z,,,,,
2026-07-24 14:33:55.516418,1975.0,Chainlink,LINK,chainlink,False,748099970.424884,1000000000.0,1000000000.0,2017-09-20T00:00:00.000Z,2259.0,14.0,2026-07-24T12:33:00.000Z,,,,,8469900103.01,"['platform', 'cosmos-ecosystem', 'defi', 'privacy', 'interoperability', 'iot', 'oracles', 'smart-contracts', 'ethereum-ecosystem', 'tron-ecosystem', 'polkadot', 'polkadot-ecosystem', 'heco-ecosystem', 'avalanche-ecosystem', 'solana-ecosystem', 'framework-ventures-portfolio', 'hedera-hashgraph-ecosystem', 'polygon-ecosystem', 'fantom-ecosystem', 'cardano-ecosystem', 'terra-ecosystem', 'web3', 'near-protocol-ecosystem', 'arbitrum-ecosystem', 'celo-ecosystem', 'defi-2', 'cross-chain', 'cronos-ecosystem', 'cardano', 'injective-ecosystem', 'bnb-chain-ecosystem', 'oasis-ecosystem', 'moonbeam-ecosystem', 'xdc-ecosystem', 'metisdao-ecosystem', 'velas-ecosystem', 'doge-chain-ecosystem', 'aptos-ecosystem', 'sui-ecosystem', 'optimism-ecosystem', 'bitcoin-ecosystem', 'real-world-assets-protocols', 'zksync-era-ecosystem', 'kadena-ecosystem', 'base-ecosystem', 'linea-ecosystem', 'sei-ecosystem', 'toncoin-ecosystem', 'paal-ecosystem', 'blast-ecosystem', 'atomicals-ecosystem', 'move-vm', 'eigenlayer-ecosystem', 'hyperliquid-ecosystem', 'gnosis-chain-ecosystem', 'ronin-ecosystem', 'astar-ecosystem', 'core-ecosystem', 'starknet-ecosystem', 'mantle-ecosystem', 'opbnb-ecosystem', 'scroll-ecosystem', 'merlin-ecosystem', 'b²-network-ecosystem', 'mode-ecosystem', 'world-chain-mainnet-ecosystem', 'made-in-america', 'btcfi', 'world-liberty-financial-portfolio', 'corn-ecosystem', 'bonk-fun-ecosystem', 'sonic-ecosystem', 'binance-ecosystem', 'binance-listing', 'bittensor-ecosystem', 'hyperevm-ecosystem', 'etherlink-ecosystem', 'bera-chain-ecosystem', 'abstract-chain-ecosystem', 'unichain-ecosystem', 'soneium-ecosystem', 'fraxtal-ecosystem', 'monad-ecosystem', 'hashkey-chain-ecosystem', 'wlfi-ecosystem', 'plasma-ecosystem', 'x402-ecosystem', 'iso-20022', 'megaeth-ecosystem', 'sec-cftc-token-taxonomy', 'sec-cftc-digital-commodities', 'robinhood-ecosystem']",8.469900103012789,189618187.81797934,184652904.0220012,4965283.79597812,-6.444,0.14161557,-1.57876209,3.59153608,11.41636272,-11.32058057,-9.76413488,6336332016.565589,0.2862,8469900103.01,,2026-07-24T12:33:00.000Z,1027.0,ethereum,Ethereum,ETH,0x514910771af9ca656af840dff83e8264ecf986ca
2026-07-24 14:33:55.516418,512.0,Stellar,XLM,stellar,False,34174900114.233486,50001786839.912476,50001806812.0,2014-08-05T00:00:00.000Z,827.0,15.0,2026-07-24T12:33:00.000Z,,,31531408660.0,5744558204.014194,9109589041.96,"['medium-of-exchange', 'enterprise-solutions', 'decentralized-exchange-dex-token', 'defi', 'smart-contracts', 'hashkey-capital-portfolio', 'real-world-assets-protocols', '2017-2018-alt-season', 'made-in-america', 'binance-ecosystem', 'binance-listing', 'iso-20022', 'sec-cftc-token-taxonomy', 'sec-cftc-digital-commodities']",0.18218527012088756,122383580.31078403,122231934.74806802,151645.56271602,-15.4287,-0.11968823,-0.77464372,-0.85915397,-4.8445965,21.33076852,5.90753059,6226163408.665978,0.2815,9109592680.58,,2026-07-24T12:33:00.000Z,,,,,
2026-07-24 14:33:55.516418,2010.0,Cardano,ADA,cardano,False,36489899411.97189,44993202652.386566,45000000000.0,2017-10-01T00:00:00.000Z,1718.0,16.0,2026-07-24T12:32:00.000Z,,,37997904336.0,6318628987.601443,7481869316.02,"['dpos', 'pos', 'platform', 'research', 'smart-contracts', 'staking', 'cardano-ecosystem', 'cardano', 'layer-1', 'alleged-sec-securities', '2017-2018-alt-season', 'made-in-america', 'us-strategic-crypto-reserve', 'binance-ecosystem', 'binance-listing', 'iso-20022', 'sec-cftc-token-taxonomy', 'sec-cftc-digital-commodities']",0.16628888087428137,232766303.90399078,231901240.23294327,865063.67104747,-16.5086,0.06356959,-4.66151508,3.80613816,11.99384681,-32.06727612,-33.94549829,6067864536.431905,0.2742,7482999639.34,,2026-07-24T12:32:00.000Z,,,,,
2026-07-24 14:33:55.516418,37263.0,Canton,CC,canton-network,True,39145141881.92199,39145141881.92199,,2025-07-08T04:07:45.000Z,108.0,17.0,2026-07-24T12:32:00.000Z,,,39145141881.92,4687643094.568625,4687643094.57,"['proof-of-authority', 'store-of-value', 'enterprise-solutions', 'privacy', 'interoperability', 'scaling', 'smart-contracts', 'layer-1', 'binance-ecosystem', 'binance-listing', 'privacy-blockchain']",0.11975031560004924,12498584.95916037,10431338.77008675,2067246.18907362,7.2988,-0.05563106,-0.20314986,-7.60354598,-20.39011389,-27.93968741,-21.06444899,4687643094.568863,0.2118,4687643094.57,,2026-07-24T12:32:00.000Z,,,,,
2026-07-24 14:33:55.516418,4943.0,Dai,DAI,multi-collateral-dai,True,4647076141.403908,4647076141.403908,,2019-11-22T00:00:00.000Z,3771.0,18.0,2026-07-24T12:32:00.000Z,,,,,4645578124.96,"['defi', 'stablecoin', 'asset-backed-stablecoin', 'usd-stablecoin', 'xlayer-ecosystem', 'anubis-ecosystem']",0.9996776432323963,36598902.95022702,380539.41021209,36218363.54001494,2.5597,-0.02613306,-0.00451219,-0.00205807,0.01304686,0.01164515,-0.00096427,4645578124.960156,0.2099,4645578124.96,,2026-07-24T12:32:00.000Z,1027.0,ethereum,Ethereum,ETH,0x6b175474e89094c44da98b954eedeac495271d0f
2026-07-24 14:33:55.516418,1831.0,Bitcoin Cash,BCH,bitcoin-cash,False,20065618.75,20065618.75,21000000.0,2017-07-23T00:00:00.000Z,1173.0,19.0,2026-07-24T12:31:00.000Z,,,,,4220759289.92,"['mineable', 'pow', 'sha-256', 'marketplace', 'medium-of-exchange', 'store-of-value', 'enterprise-solutions', 'payments', 'layer-1', '2017-2018-alt-season', 'made-in-america', 'binance-ecosystem', 'binance-listing', 'sec-cftc-token-taxonomy', 'sec-cftc-digital-commodities']",210.34782642416957,99062579.74603306,99056066.81305707,6512.93297599,23.5467,-0.05814654,-2.74286221,-3.85481582,8.93391912,-39.77684813,-53.63112256,4220759289.9185624,0.1907,4417304354.91,,2026-07-24T12:31:00.000Z,,,,,
2026-07-24 14:33:55.516418,36148.0,World Liberty Financial USD,USD1,usd1,False,4152511634.4574523,4152511634.4574523,,2025-04-13T05:37:56.000Z,1229.0,20.0,2026-07-24T12:32:00.000Z,,,,,4147189950.18,"['stablecoin', 'asset-backed-stablecoin', 'usd-stablecoin', 'tron20-ecosystem', 'made-in-america', 'world-liberty-financial-portfolio', 'binance-ecosystem', 'binance-listing', 'wlfi-ecosystem']",0.9987184420538864,944646160.5216256,907772778.8790455,36873381.6425804,36.0074,-0.02588476,-0.03181348,-0.02497366,-0.031643,-0.01362739,-0.107417,4147189950.175984,0.1874,4147189950.18,,2026-07-24T12:32:00.000Z,1027.0,ethereum,Ethereum,ETH,0x8d0D000Ee44948FC98c9B98A4FA4921476f08B0d
2026-07-24 14:34:55.684841,1.0,Bitcoin,BTC,bitcoin,False,20060671.0,20060671.0,21000000.0,2010-07-13T00:00:00.000Z,12673.0,1.0,2026-07-24T12:32:00.000Z,,,,,1303605090728.21,"['mineable', 'pow', 'sha-256', 'store-of-value', 'state-channel', 'coinbase-ventures-portfolio', 'three-arrows-capital-portfolio', 'polychain-capital-portfolio', 'binance-labs-portfolio', 'blockchain-capital-portfolio', 'boostvc-portfolio', 'cms-holdings-portfolio', 'dcg-portfolio', 'dragonfly-capital-portfolio', 'electric-capital-portfolio', 'fabric-ventures-portfolio', 'framework-ventures-portfolio', 'galaxy-digital-portfolio', 'huobi-capital-portfolio', 'alameda-research-portfolio', 'a16z-portfolio', '1confirmation-portfolio', 'winklevoss-capital-portfolio', 'usv-portfolio', 'placeholder-ventures-portfolio', 'pantera-capital-portfolio', 'multicoin-capital-portfolio', 'paradigm-portfolio', 'bitcoin-ecosystem', 'layer-1', 'ftx-bankruptcy-estate', '2017-2018-alt-season', 'us-strategic-crypto-reserve', 'binance-ecosystem', 'binance-listing', 'sec-cftc-token-taxonomy', 'sec-cftc-digital-commodities']",64983.124977634696,25181799186.463264,25155109549.082268,26689637.38099878,16.623,0.00518295,-0.56847839,2.93792153,3.59573441,-15.96688335,-16.27905068,1303605090728.212,58.8998,1364645624530.33,,2026-07-24T12:32:00.000Z,,,,,
2026-07-24 14:34:55.684841,1027.0,Ethereum,ETH,ethereum,True,120682712.41641597,120682712.41641597,,2015-08-07T00:00:00.000Z,12237.0,2.0,2026-07-24T12:34:00.000Z,,,,,227151160331.69,"['pos', 'smart-contracts', 'ethereum-ecosystem', 'coinbase-ventures-portfolio', 'three-arrows-capital-portfolio', 'polychain-capital-portfolio', 'binance-labs-portfolio', 'blockchain-capital-portfolio', 'boostvc-portfolio', 'cms-holdings-portfolio', 'dcg-portfolio', 'dragonfly-capital-portfolio', 'electric-capital-portfolio', 'fabric-ventures-portfolio', 'framework-ventures-portfolio', 'hashkey-capital-portfolio', 'kenetic-capital-portfolio', 'huobi-capital-portfolio', 'alameda-research-portfolio', 'a16z-portfolio', '1confirmation-portfolio', 'winklevoss-capital-portfolio', 'usv-portfolio', 'placeholder-ventures-portfolio', 'pantera-capital-portfolio', 'multicoin-capital-portfolio', 'paradigm-portfolio', 'ethereum-pow-ecosystem', 'layer-1', 'ftx-bankruptcy-estate', 'sora-ecosystem', 'rsk-rbtc-ecosystem', 'world-liberty-financial-portfolio', 'us-strategic-crypto-reserve', 'binance-ecosystem', 'binance-listing', 'abstract-chain-ecosystem', 'unichain-ecosystem', 'soneium-ecosystem', 'sophon-ecosystem', 'sec-cftc-token-taxonomy', 'sec-cftc-digital-commodities', 'anubis-ecosystem', 'robinhood-ecosystem']",1882.2178900645144,10026407483.193428,9941796021.295824,84611461.89760588,4.7513,0.13878389,-1.64299752,2.71569503,12.43727652,-11.01859746,-18.68663051,227151160331.68906,10.2684,227151160331.69,,2026-07-24T12:34:00.000Z,,,,,
2026-07-24 14:34:55.684841,825.0,Tether USDt,USDT,tether,True,184156916986.16385,189106724037.45197,,2015-02-25T00:00:00.000Z,191309.0,3.0,2026-07-24T12:33:00.000Z,,,,,188968912942.57,"['stablecoin', 'asset-backed-stablecoin', 'usd-stablecoin', 'ethereum-pow-ecosystem', 'fiat-stablecoin', 'tron20-ecosystem', 'rsk-rbtc-ecosystem', 'venom-ecosystem', 'world-liberty-financial-portfolio', 'binance-ecosystem', 'binance-listing', 'peaq-ecosystem', 'etherlink-ecosystem', 'duckchain-ecosystem', 'onus-ecosystem', 'sophon-ecosystem', 'xlayer-ecosystem']",0.9992712522752494,52512874979.45066,51022262136.8367,1490612842.6140058,7.6743,-0.01550509,-0.00909597,0.01303906,0.05717597,0.02803696,-0.08021548,184022713051.9131,8.3131,188968912942.57,,2026-07-24T12:33:00.000Z,1027.0,ethereum,Ethereum,ETH,0xdac17f958d2ee523a2206206994597c13d831ec7
2026-07-24 14:34:55.684841,1839.0,BNB,BNB,bnb,False,133165746.73,133165746.73,133165746.73,2017-07-25T00:00:00.000Z,3316.0,4.0,2026-07-24T12:34:00.000Z,,,,,75378361976.99,"['marketplace', 'centralized-exchange', 'payments', 'smart-contracts', 'alameda-research-portfolio', 'multicoin-capital-portfolio', 'bnb-chain-ecosystem', 'layer-1', 'alleged-sec-securities', 'celsius-bankruptcy-estate', 'binance-ecosystem', 'binance-listing', 'etherlink-ecosystem', 'made-in-china']",566.0491817751072,925530941.8075117,903434860.2726266,22096081.5348851,-2.0784,0.0235219,-0.61303202,0.57888579,-2.04815383,-15.30739689,-10.83074482,75378361976.98766,3.4074,75378361976.99,,2026-07-24T12:34:00.000Z,,,,,
2026-07-24 14:34:55.684841,3408.0,USDC,USDC,usd-coin,False,72978910168.95134,72978910168.95134,,2018-10-08T00:00:00.000Z,41807.0,5.0,2026-07-24T12:32:00.000Z,,,60901219650.23,60898165729.05855,72975250606.14,"['medium-of-exchange', 'stablecoin', 'asset-backed-stablecoin', 'stellar-ecosystem', 'coinbase-ventures-portfolio', 'usd-stablecoin', 'xdc-ecosystem', 'ethereum-pow-ecosystem', 'fiat-stablecoin', 'tron20-ecosystem', 'venom-ecosystem', 'made-in-america', 'world-liberty-financial-portfolio', 'sonic-ecosystem', 'binance-ecosystem', 'binance-listing', 'hyperevm-ecosystem', 'etherlink-ecosystem', 'unichain-ecosystem', 'vector-smart-chain-ecosystem', 'sophon-ecosystem', 'monad-ecosystem', 'xlayer-ecosystem']",0.9999498545154105,10163064070.892197,8868488502.574083,1294575568.3181193,8.4974,-0.01443952,0.00097336,-0.00222144,-0.00290402,0.0282394,0.01458835,72975250606.13611,3.2989,72975250606.14,,2026-07-24T12:32:00.000Z,1027.0,ethereum,Ethereum,ETH,0xa0b86991c6218b36c1d19d4a2e9eb0ce3606eb48
2026-07-24 14:34:55.684841,52.0,XRP,XRP,xrp,False,62466503703.0,99985639695.0,100000000000.0,2013-08-04T00:00:00.000Z,1851.0,6.0,2026-07-24T12:34:00.000Z,,,,,110360263455.04,"['medium-of-exchange', 'enterprise-solutions', 'xrp-ecosystem', 'solana-ecosystem', 'arrington-xrp-capital-portfolio', 'galaxy-digital-portfolio', 'a16z-portfolio', 'pantera-capital-portfolio', 'ftx-bankruptcy-estate', '2017-2018-alt-season', 'klaytn-ecosystem', 'made-in-america', 'us-strategic-crypto-reserve', 'binance-ecosystem', 'binance-listing', 'iso-20022', 'sec-cftc-token-taxonomy', 'sec-cftc-digital-commodities']",1.1037611380162584,1118555312.2635436,1117801948.4306474,753363.83289654,18.8407,0.03320304,-2.20277173,2.13409402,1.19399926,-18.67840267,-22.83435231,68948099215.1201,3.1168,110376113801.63,,2026-07-24T12:34:00.000Z,,,,,
2026-07-24 14:34:55.684841,5426.0,Solana,SOL,solana,True,582864861.9342287,630867516.9633151,,2020-04-10T00:00:00.000Z,1147.0,7.0,2026-07-24T12:32:00.000Z,,,525236893.3,39460990460.65467,47397007686.22,"['pos', 'platform', 'solana-ecosystem', 'cms-holdings-portfolio', 'kenetic-capital-portfolio', 'alameda-research-portfolio', 'multicoin-capital-portfolio', 'okx-ventures-portfolio', 'layer-1', 'ftx-bankruptcy-estate', 'alleged-sec-securities', 'cmc-crypto-awards-2024', 'made-in-america', 'us-strategic-crypto-reserve', 'binance-ecosystem', 'binance-listing', 'sec-cftc-token-taxonomy', 'sec-cftc-digital-commodities', 'coinlist-launchpad']",75.12989084358875,1633262096.9330437,1633191445.9866874,70650.94635615,4.1644,-0.14778342,-3.02447641,0.73337685,7.87712753,-12.53320767,-13.02408897,43790573453.68203,1.9782,47397007686.22,,2026-07-24T12:32:00.000Z,,,,,
2026-07-24 14:34:55.684841,1958.0,TRON,TRX,tron,True,94878859029.26059,94878859501.95769,,2017-09-13T00:00:00.000Z,1352.0,8.0,2026-07-24T12:33:00.000Z,,,94667886298.43,31335343660.852966,31405176400.28,"['media', 'payments', 'tron-ecosystem', 'layer-1', 'dwf-labs-portfolio', 'alleged-sec-securities', '2017-2018-alt-season', 'tron20-ecosystem', 'world-liberty-financial-portfolio', 'binance-ecosystem', 'binance-listing', 'made-in-china']",0.33100288689315166,451687546.87448674,451602650.8257472,84896.04873965,20.1886,-0.13372267,1.30729784,2.64050891,0.00471142,-9.97470018,2.50077245,31405176243.81362,1.419,31405176400.28,,2026-07-24T12:33:00.000Z,,,,,
2026-07-24 14:34:55.684841,32196.0,Hyperliquid,HYPE,hyperliquid,False,252727609.92386654,953084179.5974618,953084179.5974618,2024-07-15T10:14:50.000Z,293.0,9.0,2026-07-24T12:32:00.000Z,,,333931719.0,19516500013.465492,55702607286.45,"['decentralized-exchange-dex-token', 'defi', 'derivatives', 'layer-1', 'hyperliquid-ecosystem', 'binance-ecosystem', 'binance-listing', 'perpetuals']",58.44458283840204,346766418.26824147,299511583.57760143,47254834.69064002,-7.1307,0.07603296,-1.62010197,-2.64254261,-5.98695287,-7.22252388,40.62595966,14770559733.746775,0.6676,55702607286.45,,2026-07-24T12:32:00.000Z,32196.0,hyperliquid,Hyperliquid,HYPE,0x0d01dc56dcaaca66ad901c959b4011ec
2026-07-24 14:34:55.684841,74.0,Dogecoin,DOGE,dogecoin,True,155202516383.70523,155202516383.70523,,2013-12-15T00:00:00.000Z,1456.0,10.0,2026-07-24T12:33:00.000Z,,,,,10791981860.71,"['mineable', 'pow', 'scrypt', 'medium-of-exchange', 'memes', 'payments', 'doggone-doggerel', 'doge-chain-ecosystem', 'osmosis-ecosystem', 'ftx-bankruptcy-estate', 'animal-memes', 'made-in-america', 'binance-ecosystem', 'binance-listing', 'sec-cftc-token-taxonomy', 'sec-cftc-digital-commodities']",0.06953483817253149,934758653.6435088,934388878.666363,369774.97714573,86.2011,-0.08689557,-3.78359635,-3.18779239,-11.80817254,-32.43015247,-28.95022228,10791981860.710611,0.4875,10791981860.71,,2026-07-24T12:33:00.000Z,,,,,
2026-07-24 14:34:55.684841,3957.0,UNUS SED LEO,LEO,unus-sed-leo,False,920129382.9,985239504.0,,2019-05-21T00:00:00.000Z,69.0,11.0,2026-07-24T12:34:00.000Z,,,,,9457424233.52,"['marketplace', 'centralized-exchange', 'discount-token', 'payments', 'ethereum-ecosystem', 'kenetic-capital-portfolio', 'alameda-research-portfolio']",9.59911188612324,576976.46893349,576976.46893349,0.0,179.7308,-0.00068122,-1.30682572,-2.022175,0.81941966,-4.55322786,-6.37032039,8832424896.166632,0.3993,9457424233.52,,2026-07-24T12:34:00.000Z,1027.0,ethereum,Ethereum,ETH,0x2af5d2ad76741191d15dfe7bf6ac92d4bd912ca3
2026-07-24 14:34:55.684841,1437.0,Zcash,ZEC,zcash,False,16786844.4155448,16786844.4155448,21000000.0,2016-10-29T00:00:00.000Z,630.0,12.0,2026-07-24T12:33:00.000Z,,,,,8432835158.4,"['mineable', 'pow', 'equihash', 'medium-of-exchange', 'privacy', 'zero-knowledge-proofs', 'quantum-resistant', 'binance-chain', 'boostvc-portfolio', 'dcg-portfolio', 'electric-capital-portfolio', 'fenbushi-capital-portfolio', 'hashkey-capital-portfolio', 'winklevoss-capital-portfolio', 'placeholder-ventures-portfolio', 'pantera-capital-portfolio', 'layer-1', 'standard-crypto-portfolio', '2017-2018-alt-season', 'made-in-america', 'binance-ecosystem', 'binance-listing', 'privacy-coins']",502.3478474957784,400135800.904343,368850903.80580235,31284897.0985407,11.5941,0.10116295,-2.3485788,-5.67986436,19.96664389,-25.09703569,41.39214529,8432835158.395458,0.381,10549304797.41,,2026-07-24T12:33:00.000Z,,,,,
2026-07-24 14:34:55.684841,328.0,Monero,XMR,monero,True,18782099.14058,18782099.14058,,2014-05-21T00:00:00.000Z,372.0,13.0,2026-07-24T12:33:00.000Z,,,,,6649205502.43,"['mineable', 'pow', 'medium-of-exchange', 'privacy', 'ringct', 'boostvc-portfolio', 'electric-capital-portfolio', 'galaxy-digital-portfolio', 'layer-1', '2017-2018-alt-season', 'binance-ecosystem', 'binance-listing', 'privacy-coins']",354.0182304791199,100351735.19170298,100351735.19170298,0.0,42.9812,0.57927307,2.20032523,8.99637188,10.06938709,-7.83759034,-4.22505809,6649205502.43153,0.3004,6649205502.43,,2026-07-24T12:33:00.000Z,,,,,
2026-07-24 14:34:55.684841,1975.0,Chainlink,LINK,chainlink,False,748099970.424884,1000000000.0,1000000000.0,2017-09-20T00:00:00.000Z,2259.0,14.0,2026-07-24T12:34:00.000Z,,,,,8469070832.52,"['platform', 'cosmos-ecosystem', 'defi', 'privacy', 'interoperability', 'iot', 'oracles', 'smart-contracts', 'ethereum-ecosystem', 'tron-ecosystem', 'polkadot', 'polkadot-ecosystem', 'heco-ecosystem', 'avalanche-ecosystem', 'solana-ecosystem', 'framework-ventures-portfolio', 'hedera-hashgraph-ecosystem', 'polygon-ecosystem', 'fantom-ecosystem', 'cardano-ecosystem', 'terra-ecosystem', 'web3', 'near-protocol-ecosystem', 'arbitrum-ecosystem', 'celo-ecosystem', 'defi-2', 'cross-chain', 'cronos-ecosystem', 'cardano', 'injective-ecosystem', 'bnb-chain-ecosystem', 'oasis-ecosystem', 'moonbeam-ecosystem', 'xdc-ecosystem', 'metisdao-ecosystem', 'velas-ecosystem', 'doge-chain-ecosystem', 'aptos-ecosystem', 'sui-ecosystem', 'optimism-ecosystem', 'bitcoin-ecosystem', 'real-world-assets-protocols', 'zksync-era-ecosystem', 'kadena-ecosystem', 'base-ecosystem', 'linea-ecosystem', 'sei-ecosystem', 'toncoin-ecosystem', 'paal-ecosystem', 'blast-ecosystem', 'atomicals-ecosystem', 'move-vm', 'eigenlayer-ecosystem', 'hyperliquid-ecosystem', 'gnosis-chain-ecosystem', 'ronin-ecosystem', 'astar-ecosystem', 'core-ecosystem', 'starknet-ecosystem', 'mantle-ecosystem', 'opbnb-ecosystem', 'scroll-ecosystem', 'merlin-ecosystem', 'b²-network-ecosystem', 'mode-ecosystem', 'world-chain-mainnet-ecosystem', 'made-in-america', 'btcfi', 'world-liberty-financial-portfolio', 'corn-ecosystem', 'bonk-fun-ecosystem', 'sonic-ecosystem', 'binance-ecosystem', 'binance-listing', 'bittensor-ecosystem', 'hyperevm-ecosystem', 'etherlink-ecosystem', 'bera-chain-ecosystem', 'abstract-chain-ecosystem', 'unichain-ecosystem', 'soneium-ecosystem', 'fraxtal-ecosystem', 'monad-ecosystem', 'hashkey-chain-ecosystem', 'wlfi-ecosystem', 'plasma-ecosystem', 'x402-ecosystem', 'iso-20022', 'megaeth-ecosystem', 'sec-cftc-token-taxonomy', 'sec-cftc-digital-commodities', 'robinhood-ecosystem']",8.469070832519343,189525839.5488092,184561107.97211936,4964731.57668985,-6.4601,0.17232871,-1.54041466,3.58466789,11.40428929,-11.332151,-9.77430436,6335711639.333968,0.2864,8469070832.52,,2026-07-24T12:34:00.000Z,1027.0,ethereum,Ethereum,ETH,0x514910771af9ca656af840dff83e8264ecf986ca
2026-07-24 14:34:55.684841,512.0,Stellar,XLM,stellar,False,34174900114.233486,50001786839.912476,50001806812.0,2014-08-05T00:00:00.000Z,827.0,15.0,2026-07-24T12:34:00.000Z,,,31531408660.0,5744107706.228718,9108874652.87,"['medium-of-exchange', 'enterprise-solutions', 'decentralized-exchange-dex-token', 'defi', 'smart-contracts', 'hashkey-capital-portfolio', 'real-world-assets-protocols', '2017-2018-alt-season', 'made-in-america', 'binance-ecosystem', 'binance-listing', 'iso-20022', 'sec-cftc-token-taxonomy', 'sec-cftc-digital-commodities']",0.18217098284973096,121353636.78331952,121205617.99361348,148018.78970605,-16.7325,-0.10545725,-0.38525672,-0.864987,-4.85307172,21.32782364,5.90014719,6225675142.601297,0.2814,9108878291.2,,2026-07-24T12:34:00.000Z,,,,,
2026-07-24 14:34:55.684841,2010.0,Cardano,ADA,cardano,False,36489899411.97189,44993202652.386566,45000000000.0,2017-10-01T00:00:00.000Z,1718.0,16.0,2026-07-24T12:33:00.000Z,,,37997904336.0,6317872894.041794,7480974027.94,"['dpos', 'pos', 'platform', 'research', 'smart-contracts', 'staking', 'cardano-ecosystem', 'cardano', 'layer-1', 'alleged-sec-securities', '2017-2018-alt-season', 'made-in-america', 'us-strategic-crypto-reserve', 'binance-ecosystem', 'binance-listing', 'iso-20022', 'sec-cftc-token-taxonomy', 'sec-cftc-digital-commodities']",0.16626898257797104,232762490.332491,231897470.50200298,865019.83048803,-16.5066,0.08568438,-4.65971377,3.82543799,11.9394002,-32.13343016,-33.94858281,6067138449.601071,0.2741,7482104216.01,,2026-07-24T12:33:00.000Z,,,,,
2026-07-24 14:34:55.684841,37263.0,Canton,CC,canton-network,True,39145141881.92199,39145141881.92199,,2025-07-08T04:07:45.000Z,108.0,17.0,2026-07-24T12:33:00.000Z,,,39145141881.92,4687762189.349262,4687762189.35,"['proof-of-authority', 'store-of-value', 'enterprise-solutions', 'privacy', 'interoperability', 'scaling', 'smart-contracts', 'layer-1', 'binance-ecosystem', 'binance-listing', 'privacy-blockchain']",0.11975335798985576,12498556.48127168,10431310.29219805,2067246.18907362,7.3259,-0.0589872,-0.1918137,-7.59215297,-20.39784201,-27.92156781,-21.08082339,4687762189.3495,0.2118,4687762189.35,,2026-07-24T12:33:00.000Z,,,,,
2026-07-24 14:34:55.684841,4943.0,Dai,DAI,multi-collateral-dai,True,4647076141.403908,4647076141.403908,,2019-11-22T00:00:00.000Z,3771.0,18.0,2026-07-24T12:33:00.000Z,,,,,4645872803.25,"['defi', 'stablecoin', 'asset-backed-stablecoin', 'usd-stablecoin', 'xlayer-ecosystem', 'anubis-ecosystem']",0.9997410547809391,36581815.5767504,380556.33775739,36201259.238993,2.5849,-0.02018364,0.0021575,0.00282324,0.01573858,0.02229867,0.00546595,4645872803.254479,0.2099,4645872803.25,,2026-07-24T12:33:00.000Z,1027.0,ethereum,Ethereum,ETH,0x6b175474e89094c44da98b954eedeac495271d0f
2026-07-24 14:34:55.684841,1831.0,Bitcoin Cash,BCH,bitcoin-cash,False,20065618.75,20065618.75,21000000.0,2017-07-23T00:00:00.000Z,1173.0,19.0,2026-07-24T12:32:00.000Z,,,,,4220852986.34,"['mineable', 'pow', 'sha-256', 'marketplace', 'medium-of-exchange', 'store-of-value', 'enterprise-solutions', 'payments', 'layer-1', '2017-2018-alt-season', 'made-in-america', 'binance-ecosystem', 'binance-listing', 'sec-cftc-token-taxonomy', 'sec-cftc-digital-commodities']",210.35249592492943,99061497.63583782,99054984.70286183,6512.93297599,23.5602,-0.05307929,-2.72842773,-3.85404094,8.93485371,-39.77697622,-53.62997043,4220852986.3405623,0.1907,4417402414.42,,2026-07-24T12:32:00.000Z,,,,,
2026-07-24 14:34:55.684841,36148.0,World Liberty Financial USD,USD1,usd1,False,4152511634.4574523,4152511634.4574523,,2025-04-13T05:37:56.000Z,1229.0,20.0,2026-07-24T12:33:00.000Z,,,,,4147266026.51,"['stablecoin', 'asset-backed-stablecoin', 'usd-stablecoin', 'tron20-ecosystem', 'made-in-america', 'world-liberty-financial-portfolio', 'binance-ecosystem', 'binance-listing', 'wlfi-ecosystem']",0.9987367626128613,944494134.0788823,907627986.6344063,36866147.44447602,35.9778,-0.016038,-0.02643197,-0.02471991,-0.03754585,-0.01327415,-0.10410301,4147266026.5102773,0.1874,4147266026.51,,2026-07-24T12:33:00.000Z,1027.0,ethereum,Ethereum,ETH,0x8d0D000Ee44948FC98c9B98A4FA4921476f08B0d
2026-07-24 14:35:55.848719,1.0,Bitcoin,BTC,bitcoin,False,20060671.0,20060671.0,21000000.0,2010-07-13T00:00:00.000Z,12673.0,1.0,2026-07-24T12:33:00.000Z,,,,,1303852014065.52,"['mineable', 'pow', 'sha-256', 'store-of-value', 'state-channel', 'coinbase-ventures-portfolio', 'three-arrows-capital-portfolio', 'polychain-capital-portfolio', 'binance-labs-portfolio', 'blockchain-capital-portfolio', 'boostvc-portfolio', 'cms-holdings-portfolio', 'dcg-portfolio', 'dragonfly-capital-portfolio', 'electric-capital-portfolio', 'fabric-ventures-portfolio', 'framework-ventures-portfolio', 'galaxy-digital-portfolio', 'huobi-capital-portfolio', 'alameda-research-portfolio', 'a16z-portfolio', '1confirmation-portfolio', 'winklevoss-capital-portfolio', 'usv-portfolio', 'placeholder-ventures-portfolio', 'pantera-capital-portfolio', 'multicoin-capital-portfolio', 'paradigm-portfolio', 'bitcoin-ecosystem', 'layer-1', 'ftx-bankruptcy-estate', '2017-2018-alt-season', 'us-strategic-crypto-reserve', 'binance-ecosystem', 'binance-listing', 'sec-cftc-token-taxonomy', 'sec-cftc-digital-commodities']",64995.43380505678,25179606630.01865,25152916880.326977,26689749.69167335,16.5889,0.03706559,-0.53166424,2.93747838,3.60064715,-15.92892419,-16.25273317,1303852014065.5222,58.9109,1364904109906.19,,2026-07-24T12:33:00.000Z,,,,,
2026-07-24 14:35:55.848719,1027.0,Ethereum,ETH,ethereum,True,120682712.41641597,120682712.41641597,,2015-08-07T00:00:00.000Z,12237.0,2.0,2026-07-24T12:35:00.000Z,,,,,226955903084.14,"['pos', 'smart-contracts', 'ethereum-ecosystem', 'coinbase-ventures-portfolio', 'three-arrows-capital-portfolio', 'polychain-capital-portfolio', 'binance-labs-portfolio', 'blockchain-capital-portfolio', 'boostvc-portfolio', 'cms-holdings-portfolio', 'dcg-portfolio', 'dragonfly-capital-portfolio', 'electric-capital-portfolio', 'fabric-ventures-portfolio', 'framework-ventures-portfolio', 'hashkey-capital-portfolio', 'kenetic-capital-portfolio', 'huobi-capital-portfolio', 'alameda-research-portfolio', 'a16z-portfolio', '1confirmation-portfolio', 'winklevoss-capital-portfolio', 'usv-portfolio', 'placeholder-ventures-portfolio', 'pantera-capital-portfolio', 'multicoin-capital-portfolio', 'paradigm-portfolio', 'ethereum-pow-ecosystem', 'layer-1', 'ftx-bankruptcy-estate', 'sora-ecosystem', 'rsk-rbtc-ecosystem', 'world-liberty-financial-portfolio', 'us-strategic-crypto-reserve', 'binance-ecosystem', 'binance-listing', 'abstract-chain-ecosystem', 'unichain-ecosystem', 'soneium-ecosystem', 'sophon-ecosystem', 'sec-cftc-token-taxonomy', 'sec-cftc-digital-commodities', 'anubis-ecosystem', 'robinhood-ecosystem']",1880.599951226067,10015316754.999731,9931283685.112997,84033069.8867309,4.5286,0.06218176,-1.67448227,2.65500823,12.38896019,-11.10299804,-18.75020885,226955903084.14136,10.2596,226955903084.14,,2026-07-24T12:35:00.000Z,,,,,
2026-07-24 14:35:55.848719,825.0,Tether USDt,USDT,tether,True,184156916986.16385,189106724037.45197,,2015-02-25T00:00:00.000Z,191309.0,3.0,2026-07-24T12:34:00.000Z,,,,,188976710372.87,"['stablecoin', 'asset-backed-stablecoin', 'usd-stablecoin', 'ethereum-pow-ecosystem', 'fiat-stablecoin', 'tron20-ecosystem', 'rsk-rbtc-ecosystem', 'venom-ecosystem', 'world-liberty-financial-portfolio', 'binance-ecosystem', 'binance-listing', 'peaq-ecosystem', 'etherlink-ecosystem', 'duckchain-ecosystem', 'onus-ecosystem', 'sophon-ecosystem', 'xlayer-ecosystem']",0.9993124852368523,52474777628.189575,50977912054.255424,1496865573.9341402,7.3581,0.00591368,-0.02338492,0.02293228,0.0642993,0.02518884,-0.08299625,184030306387.0001,8.3189,188976710372.87,,2026-07-24T12:34:00.000Z,1027.0,ethereum,Ethereum,ETH,0xdac17f958d2ee523a2206206994597c13d831ec7
2026-07-24 14:35:55.848719,1839.0,BNB,BNB,bnb,False,133165746.73,133165746.73,133165746.73,2017-07-25T00:00:00.000Z,3316.0,4.0,2026-07-24T12:35:00.000Z,,,,,75367343377.71,"['marketplace', 'centralized-exchange', 'payments', 'smart-contracts', 'alameda-research-portfolio', 'multicoin-capital-portfolio', 'bnb-chain-ecosystem', 'layer-1', 'alleged-sec-securities', 'celsius-bankruptcy-estate', 'binance-ecosystem', 'binance-listing', 'etherlink-ecosystem', 'made-in-china']",565.9664382802437,925342674.0993959,903306516.618626,22036157.48077025,-2.116,0.01392449,-0.61318282,0.56977935,-2.05670398,-15.32098555,-10.84251686,75367343377.7071,3.4069,75367343377.71,,2026-07-24T12:35:00.000Z,,,,,
2026-07-24 14:35:55.848719,3408.0,USDC,USDC,usd-coin,False,72978910168.95134,72978910168.95134,,2018-10-08T00:00:00.000Z,41807.0,5.0,2026-07-24T12:33:00.000Z,,,60901219650.23,60905808415.23519,72984408959.8,"['medium-of-exchange', 'stablecoin', 'asset-backed-stablecoin', 'stellar-ecosystem', 'coinbase-ventures-portfolio', 'usd-stablecoin', 'xdc-ecosystem', 'ethereum-pow-ecosystem', 'fiat-stablecoin', 'tron20-ecosystem', 'venom-ecosystem', 'made-in-america', 'world-liberty-financial-portfolio', 'sonic-ecosystem', 'binance-ecosystem', 'binance-listing', 'hyperevm-ecosystem', 'etherlink-ecosystem', 'unichain-ecosystem', 'vector-smart-chain-ecosystem', 'sophon-ecosystem', 'monad-ecosystem', 'xlayer-ecosystem']",1.0000753476700721,10161596660.504622,8868112682.884422,1293483977.6201942,8.4533,0.01253816,0.02027507,0.00684629,0.02338362,0.0385147,0.03048638,72984408959.79697,3.2993,72984408959.8,,2026-07-24T12:33:00.000Z,1027.0,ethereum,Ethereum,ETH,0xa0b86991c6218b36c1d19d4a2e9eb0ce3606eb48
2026-07-24 14:35:55.848719,52.0,XRP,XRP,xrp,False,62466503703.0,99985639695.0,100000000000.0,2013-08-04T00:00:00.000Z,1851.0,6.0,2026-07-24T12:35:00.000Z,,,,,110341260551.38,"['medium-of-exchange', 'enterprise-solutions', 'xrp-ecosystem', 'solana-ecosystem', 'arrington-xrp-capital-portfolio', 'galaxy-digital-portfolio', 'a16z-portfolio', 'pantera-capital-portfolio', 'ftx-bankruptcy-estate', '2017-2018-alt-season', 'klaytn-ecosystem', 'made-in-america', 'us-strategic-crypto-reserve', 'binance-ecosystem', 'binance-listing', 'iso-20022', 'sec-cftc-token-taxonomy', 'sec-cftc-digital-commodities']",1.1035710816869855,1116692880.12964,1115941143.9779947,751736.15164545,18.4397,0.02192429,-2.19943043,2.12131155,1.18648022,-18.69269169,-22.84480413,68936227060.7238,3.1163,110357108168.7,,2026-07-24T12:35:00.000Z,,,,,
2026-07-24 14:35:55.848719,5426.0,Solana,SOL,solana,True,582864861.9342287,630867516.9633151,,2020-04-10T00:00:00.000Z,1147.0,7.0,2026-07-24T12:33:00.000Z,,,525236893.3,39464472585.28495,47401190102.47,"['pos', 'platform', 'solana-ecosystem', 'cms-holdings-portfolio', 'kenetic-capital-portfolio', 'alameda-research-portfolio', 'multicoin-capital-portfolio', 'okx-ventures-portfolio', 'layer-1', 'ftx-bankruptcy-estate', 'alleged-sec-securities', 'cmc-crypto-awards-2024', 'made-in-america', 'us-strategic-crypto-reserve', 'binance-ecosystem', 'binance-listing', 'sec-cftc-token-taxonomy', 'sec-cftc-digital-commodities', 'coinlist-launchpad']",75.13652047047653,1633261412.3156178,1633190757.9761825,70654.33943539,4.1649,-0.12588493,-3.01173177,0.74454603,7.90890515,-12.51064728,-13.03359892,43794437630.242645,1.9784,47401190102.47,,2026-07-24T12:33:00.000Z,,,,,
2026-07-24 14:35:55.848719,1958.0,TRON,TRX,tron,True,94878859029.26059,94878859501.95769,,2017-09-13T00:00:00.000Z,1352.0,8.0,2026-07-24T12:34:00.000Z,,,94667886298.43,31340052333.14209,31409895566.13,"['media', 'payments', 'tron-ecosystem', 'layer-1', 'dwf-labs-portfolio', 'alleged-sec-securities', '2017-2018-alt-season', 'tron20-ecosystem', 'world-liberty-financial-portfolio', 'binance-ecosystem', 'binance-listing', 'made-in-china']",0.33105262574835626,451369241.70769525,451284345.65895563,84896.04873965,20.0267,-0.10366959,1.34239941,2.65666014,0.02225362,-9.96514664,2.5137145,31409895409.644855,1.4192,31409895566.13,,2026-07-24T12:34:00.000Z,,,,,
2026-07-24 14:35:55.848719,32196.0,Hyperliquid,HYPE,hyperliquid,False,252727609.92386654,953084179.5974618,953084179.5974618,2024-07-15T10:14:50.000Z,293.0,9.0,2026-07-24T12:34:00.000Z,,,333931719.0,19519231528.832447,55710403383.48,"['decentralized-exchange-dex-token', 'defi', 'derivatives', 'layer-1', 'hyperliquid-ecosystem', 'binance-ecosystem', 'binance-listing', 'perpetuals']",58.45276270036644,346839571.2001591,299538405.7919272,47301165.40823188,-7.0753,0.20288003,-1.49958521,-2.62733094,-5.91523562,-7.26477101,40.69579088,14772627010.710545,0.6677,55710403383.48,,2026-07-24T12:34:00.000Z,32196.0,hyperliquid,Hyperliquid,HYPE,0x0d01dc56dcaaca66ad901c959b4011ec
2026-07-24 14:35:55.848719,74.0,Dogecoin,DOGE,dogecoin,True,155202516383.70523,155202516383.70523,,2013-12-15T00:00:00.000Z,1456.0,10.0,2026-07-24T12:34:00.000Z,,,,,10793786736.42,"['mineable', 'pow', 'scrypt', 'medium-of-exchange', 'memes', 'payments', 'doggone-doggerel', 'doge-chain-ecosystem', 'osmosis-ecosystem', 'ftx-bankruptcy-estate', 'animal-memes', 'made-in-america', 'binance-ecosystem', 'binance-listing', 'sec-cftc-token-taxonomy', 'sec-cftc-digital-commodities']",0.06954646733774722,934262448.9172146,933892604.8011221,369844.11609264,86.0274,0.00065632,-3.71034914,-3.1680903,-11.79152233,-32.4203716,-28.93660652,10793786736.415533,0.4879,10793786736.42,,2026-07-24T12:34:00.000Z,,,,,
2026-07-24 14:35:55.848719,3957.0,UNUS SED LEO,LEO,unus-sed-leo,False,920129382.9,985239504.0,,2019-05-21T00:00:00.000Z,69.0,11.0,2026-07-24T12:35:00.000Z,,,,,9457247064.96,"['marketplace', 'centralized-exchange', 'discount-token', 'payments', 'ethereum-ecosystem', 'kenetic-capital-portfolio', 'alameda-research-portfolio']",9.59893206327983,576995.15590745,576995.15590745,0.0,179.7391,-0.00337267,-1.30882414,-2.0238645,0.8185952,-4.55509493,-6.37192177,8832259435.884693,0.3993,9457247064.96,,2026-07-24T12:35:00.000Z,1027.0,ethereum,Ethereum,ETH,0x2af5d2ad76741191d15dfe7bf6ac92d4bd912ca3
2026-07-24 14:35:55.848719,1437.0,Zcash,ZEC,zcash,False,16786844.4155448,16786844.4155448,21000000.0,2016-10-29T00:00:00.000Z,630.0,12.0,2026-07-24T12:34:00.000Z,,,,,8432529713.02,"['mineable', 'pow', 'equihash', 'medium-of-exchange', 'privacy', 'zero-knowledge-proofs', 'quantum-resistant', 'binance-chain', 'boostvc-portfolio', 'dcg-portfolio', 'electric-capital-portfolio', 'fenbushi-capital-portfolio', 'hashkey-capital-portfolio', 'winklevoss-capital-portfolio', 'placeholder-ventures-portfolio', 'pantera-capital-portfolio', 'layer-1', 'standard-crypto-portfolio', '2017-2018-alt-season', 'made-in-america', 'binance-ecosystem', 'binance-listing', 'privacy-coins']",502.32965197499783,399890981.1781466,368630704.76925844,31260276.40888814,11.4268,0.15810833,-2.21515123,-5.68692504,19.9415588,-25.10257786,41.3806164,8432529713.019055,0.381,10548922691.47,,2026-07-24T12:34:00.000Z,,,,,
2026-07-24 14:35:55.848719,328.0,Monero,XMR,monero,True,18782099.14058,18782099.14058,,2014-05-21T00:00:00.000Z,372.0,13.0,2026-07-24T12:35:00.000Z,,,,,6649708537.54,"['mineable', 'pow', 'medium-of-exchange', 'privacy', 'ringct', 'boostvc-portfolio', 'electric-capital-portfolio', 'galaxy-digital-portfolio', 'layer-1', '2017-2018-alt-season', 'binance-ecosystem', 'binance-listing', 'privacy-coins']",354.0450131674465,100306326.14186478,100306326.14186478,0.0,43.0348,0.7099455,2.19638685,9.00642769,9.87068133,-7.82580288,-4.13733361,6649708537.538932,0.3004,6649708537.54,,2026-07-24T12:35:00.000Z,,,,,
2026-07-24 14:35:55.848719,1975.0,Chainlink,LINK,chainlink,False,748099970.424884,1000000000.0,1000000000.0,2017-09-20T00:00:00.000Z,2259.0,14.0,2026-07-24T12:35:00.000Z,,,,,8467877964.1,"['platform', 'cosmos-ecosystem', 'defi', 'privacy', 'interoperability', 'iot', 'oracles', 'smart-contracts', 'ethereum-ecosystem', 'tron-ecosystem', 'polkadot', 'polkadot-ecosystem', 'heco-ecosystem', 'avalanche-ecosystem', 'solana-ecosystem', 'framework-ventures-portfolio', 'hedera-hashgraph-ecosystem', 'polygon-ecosystem', 'fantom-ecosystem', 'cardano-ecosystem', 'terra-ecosystem', 'web3', 'near-protocol-ecosystem', 'arbitrum-ecosystem', 'celo-ecosystem', 'defi-2', 'cross-chain', 'cronos-ecosystem', 'cardano', 'injective-ecosystem', 'bnb-chain-ecosystem', 'oasis-ecosystem', 'moonbeam-ecosystem', 'xdc-ecosystem', 'metisdao-ecosystem', 'velas-ecosystem', 'doge-chain-ecosystem', 'aptos-ecosystem', 'sui-ecosystem', 'optimism-ecosystem', 'bitcoin-ecosystem', 'real-world-assets-protocols', 'zksync-era-ecosystem', 'kadena-ecosystem', 'base-ecosystem', 'linea-ecosystem', 'sei-ecosystem', 'toncoin-ecosystem', 'paal-ecosystem', 'blast-ecosystem', 'atomicals-ecosystem', 'move-vm', 'eigenlayer-ecosystem', 'hyperliquid-ecosystem', 'gnosis-chain-ecosystem', 'ronin-ecosystem', 'astar-ecosystem', 'core-ecosystem', 'starknet-ecosystem', 'mantle-ecosystem', 'opbnb-ecosystem', 'scroll-ecosystem', 'merlin-ecosystem', 'b²-network-ecosystem', 'mode-ecosystem', 'world-chain-mainnet-ecosystem', 'made-in-america', 'btcfi', 'world-liberty-financial-portfolio', 'corn-ecosystem', 'bonk-fun-ecosystem', 'sonic-ecosystem', 'binance-ecosystem', 'binance-listing', 'bittensor-ecosystem', 'hyperevm-ecosystem', 'etherlink-ecosystem', 'bera-chain-ecosystem', 'abstract-chain-ecosystem', 'unichain-ecosystem', 'soneium-ecosystem', 'fraxtal-ecosystem', 'monad-ecosystem', 'hashkey-chain-ecosystem', 'wlfi-ecosystem', 'plasma-ecosystem', 'x402-ecosystem', 'iso-20022', 'megaeth-ecosystem', 'sec-cftc-token-taxonomy', 'sec-cftc-digital-commodities', 'robinhood-ecosystem']",8.467877964097589,189521377.6433184,184556728.52667096,4964649.11664743,-6.4704,0.16921393,-1.52460744,3.57558604,11.40778764,-11.34449408,-9.7869093,6334819254.502933,0.2864,8467877964.1,,2026-07-24T12:35:00.000Z,1027.0,ethereum,Ethereum,ETH,0x514910771af9ca656af840dff83e8264ecf986ca
2026-07-24 14:35:55.848719,512.0,Stellar,XLM,stellar,False,34174900114.233486,50001786839.912476,50001806812.0,2014-08-05T00:00:00.000Z,827.0,15.0,2026-07-24T12:35:00.000Z,,,31531408660.0,5742794047.668339,9106791483.16,"['medium-of-exchange', 'enterprise-solutions', 'decentralized-exchange-dex-token', 'defi', 'smart-contracts', 'hashkey-capital-portfolio', 'real-world-assets-protocols', '2017-2018-alt-season', 'made-in-america', 'binance-ecosystem', 'binance-listing', 'iso-20022', 'sec-cftc-token-taxonomy', 'sec-cftc-digital-commodities']",0.18212932094446868,120867741.47989039,120719722.69018432,148018.78970605,-17.338,-0.12543225,-0.37211498,-0.87629171,-4.85346868,21.29710238,5.87922744,6224251351.15039,0.2814,9106795120.67,,2026-07-24T12:35:00.000Z,,,,,
2026-07-24 14:35:55.848719,2010.0,Cardano,ADA,cardano,False,36489899411.97189,44993202652.386566,45000000000.0,2017-10-01T00:00:00.000Z,1718.0,16.0,2026-07-24T12:34:00.000Z,,,37997904336.0,6315518070.908777,7478185689.05,"['dpos', 'pos', 'platform', 'research', 'smart-contracts', 'staking', 'cardano-ecosystem', 'cardano', 'layer-1', 'alleged-sec-securities', '2017-2018-alt-season', 'made-in-america', 'us-strategic-crypto-reserve', 'binance-ecosystem', 'binance-listing', 'iso-20022', 'sec-cftc-token-taxonomy', 'sec-cftc-digital-commodities']",0.16620701013043304,232724911.44629496,231860393.5079381,864517.93835686,-16.4941,0.08347962,-4.57219631,3.78742478,11.90188291,-32.15780785,-33.97554764,6064877081.224095,0.274,7479315455.87,,2026-07-24T12:34:00.000Z,,,,,
2026-07-24 14:35:55.848719,37263.0,Canton,CC,canton-network,True,39145141881.92199,39145141881.92199,,2025-07-08T04:07:45.000Z,108.0,17.0,2026-07-24T12:34:00.000Z,,,39145141881.92,4689311931.492437,4689311931.49,"['proof-of-authority', 'store-of-value', 'enterprise-solutions', 'privacy', 'interoperability', 'scaling', 'smart-contracts', 'layer-1', 'binance-ecosystem', 'binance-listing', 'privacy-blockchain']",0.11979294763160109,12492252.05391241,10420068.06539388,2072183.98851853,7.4063,-0.00105307,-0.13029152,-7.56088697,-20.36886297,-27.90667302,-21.05862521,4689311931.492675,0.2119,4689311931.49,,2026-07-24T12:34:00.000Z,,,,,
2026-07-24 14:35:55.848719,4943.0,Dai,DAI,multi-collateral-dai,True,4647076141.403908,4647076141.403908,,2019-11-22T00:00:00.000Z,3771.0,18.0,2026-07-24T12:35:00.000Z,,,,,4645905844.73,"['defi', 'stablecoin', 'asset-backed-stablecoin', 'usd-stablecoin', 'xlayer-ecosystem', 'anubis-ecosystem']",0.9997481649448599,36579025.20377367,380482.41776979,36198542.78600388,2.4361,-0.01316705,-0.01675608,0.02170656,0.01814147,0.02062648,0.0013232,4645905844.727596,0.2099,4645905844.73,,2026-07-24T12:35:00.000Z,1027.0,ethereum,Ethereum,ETH,0x6b175474e89094c44da98b954eedeac495271d0f
2026-07-24 14:35:55.848719,1831.0,Bitcoin Cash,BCH,bitcoin-cash,False,20065618.75,20065618.75,21000000.0,2017-07-23T00:00:00.000Z,1173.0,19.0,2026-07-24T12:33:00.000Z,,,,,4220890494.86,"['mineable', 'pow', 'sha-256', 'marketplace', 'medium-of-exchange', 'store-of-value', 'enterprise-solutions', 'payments', 'layer-1', '2017-2018-alt-season', 'made-in-america', 'binance-ecosystem', 'binance-listing', 'sec-cftc-token-taxonomy', 'sec-cftc-digital-commodities']",210.35436521781955,99063580.09028544,99057067.15730944,6512.93297599,23.5676,-0.04964733,-2.73170711,-3.81479803,8.97309145,-39.79211331,-53.62325,4220890494.859028,0.1907,4417441669.57,,2026-07-24T12:33:00.000Z,,,,,
2026-07-24 14:35:55.848719,36148.0,World Liberty Financial USD,USD1,usd1,False,4152511634.4574523,4152511634.4574523,,2025-04-13T05:37:56.000Z,1229.0,20.0,2026-07-24T12:34:00.000Z,,,,,4147799583.02,"['stablecoin', 'asset-backed-stablecoin', 'usd-stablecoin', 'tron20-ecosystem', 'made-in-america', 'world-liberty-financial-portfolio', 'binance-ecosystem', 'binance-listing', 'wlfi-ecosystem']",0.9988652526837977,945505101.876876,908702499.9099054,36802601.96697041,36.0714,-0.01147939,-0.01262528,-0.00956266,-0.01826694,-0.00361588,-0.09316873,4147799583.0247526,0.1874,4147799583.02,,2026-07-24T12:34:00.000Z,1027.0,ethereum,Ethereum,ETH,0x8d0D000Ee44948FC98c9B98A4FA4921476f08B0d
2026-07-24 14:32:55.341632,1.0,Bitcoin,BTC,bitcoin,False,20060671.0,20060671.0,21000000.0,2010-07-13T00:00:00.000Z,12673.0,1.0,2026-07-24T12:30:00.000Z,,,,,1303486059369.3,"['mineable', 'pow', 'sha-256', 'store-of-value', 'state-channel', 'coinbase-ventures-portfolio', 'three-arrows-capital-portfolio', 'polychain-capital-portfolio', 'binance-labs-portfolio', 'blockchain-capital-portfolio', 'boostvc-portfolio', 'cms-holdings-portfolio', 'dcg-portfolio', 'dragonfly-capital-portfolio', 'electric-capital-portfolio', 'fabric-ventures-portfolio', 'framework-ventures-portfolio', 'galaxy-digital-portfolio', 'huobi-capital-portfolio', 'alameda-research-portfolio', 'a16z-portfolio', '1confirmation-portfolio', 'winklevoss-capital-portfolio', 'usv-portfolio', 'placeholder-ventures-portfolio', 'pantera-capital-portfolio', 'multicoin-capital-portfolio', 'paradigm-portfolio', 'bitcoin-ecosystem', 'layer-1', 'ftx-bankruptcy-estate', '2017-2018-alt-season', 'us-strategic-crypto-reserve', 'binance-ecosystem', 'binance-listing', 'sec-cftc-token-taxonomy', 'sec-cftc-digital-commodities']",64977.19140946459,25215526480.801323,25188860182.445736,26666298.35558762,16.5947,-0.04363622,-0.63212469,2.9123475,3.59832766,-15.98178821,-16.25213243,1303486059369.2954,58.9015,1364521019598.76,,2026-07-24T12:30:00.000Z,,,,,
2026-07-24 14:32:55.341632,1027.0,Ethereum,ETH,ethereum,True,120682712.41641597,120682712.41641597,,2015-08-07T00:00:00.000Z,12237.0,2.0,2026-07-24T12:32:00.000Z,,,,,227101693234.52,"['pos', 'smart-contracts', 'ethereum-ecosystem', 'coinbase-ventures-portfolio', 'three-arrows-capital-portfolio', 'polychain-capital-portfolio', 'binance-labs-portfolio', 'blockchain-capital-portfolio', 'boostvc-portfolio', 'cms-holdings-portfolio', 'dcg-portfolio', 'dragonfly-capital-portfolio', 'electric-capital-portfolio', 'fabric-ventures-portfolio', 'framework-ventures-portfolio', 'hashkey-capital-portfolio', 'kenetic-capital-portfolio', 'huobi-capital-portfolio', 'alameda-research-portfolio', 'a16z-portfolio', '1confirmation-portfolio', 'winklevoss-capital-portfolio', 'usv-portfolio', 'placeholder-ventures-portfolio', 'pantera-capital-portfolio', 'multicoin-capital-portfolio', 'paradigm-portfolio', 'ethereum-pow-ecosystem', 'layer-1', 'ftx-bankruptcy-estate', 'sora-ecosystem', 'rsk-rbtc-ecosystem', 'world-liberty-financial-portfolio', 'us-strategic-crypto-reserve', 'binance-ecosystem', 'binance-listing', 'abstract-chain-ecosystem', 'unichain-ecosystem', 'soneium-ecosystem', 'sophon-ecosystem', 'sec-cftc-token-taxonomy', 'sec-cftc-digital-commodities', 'anubis-ecosystem', 'robinhood-ecosystem']",1881.8079962514387,10033221310.749155,9951619643.587326,81601667.1618277,6.2507,0.11942655,-1.82074076,2.69043827,12.41405104,-11.06464433,-18.70645182,227101693234.52435,10.2586,227101693234.52,,2026-07-24T12:32:00.000Z,,,,,
2026-07-24 14:32:55.341632,825.0,Tether USDt,USDT,tether,True,184156916986.16385,189106724037.45197,,2015-02-25T00:00:00.000Z,191309.0,3.0,2026-07-24T12:31:00.000Z,,,,,188948702055.22,"['stablecoin', 'asset-backed-stablecoin', 'usd-stablecoin', 'ethereum-pow-ecosystem', 'fiat-stablecoin', 'tron20-ecosystem', 'rsk-rbtc-ecosystem', 'venom-ecosystem', 'world-liberty-financial-portfolio', 'binance-ecosystem', 'binance-listing', 'peaq-ecosystem', 'etherlink-ecosystem', 'duckchain-ecosystem', 'onus-ecosystem', 'sophon-ecosystem', 'xlayer-ecosystem']",0.9991643767135577,52505829161.10128,51023796301.566795,1482032859.5345051,7.6712,-0.02179796,-0.02925676,0.009235,0.04802461,0.01261504,-0.08805515,184003031177.9708,8.3122,188948702055.22,,2026-07-24T12:31:00.000Z,1027.0,ethereum,Ethereum,ETH,0xdac17f958d2ee523a2206206994597c13d831ec7
2026-07-24 14:32:55.341632,1839.0,BNB,BNB,bnb,False,133165746.73,133165746.73,133165746.73,2017-07-25T00:00:00.000Z,3316.0,4.0,2026-07-24T12:32:00.000Z,,,,,75352781104.09,"['marketplace', 'centralized-exchange', 'payments', 'smart-contracts', 'alameda-research-portfolio', 'multicoin-capital-portfolio', 'bnb-chain-ecosystem', 'layer-1', 'alleged-sec-securities', 'celsius-bankruptcy-estate', 'binance-ecosystem', 'binance-listing', 'etherlink-ecosystem', 'made-in-china']",565.8570837805231,925360300.7237637,903218061.2508975,22142239.47286646,-2.0808,-0.0142748,-0.67612957,0.53819057,-2.07214035,-15.27166955,-10.86831228,75352781104.09354,3.404,75352781104.09,,2026-07-24T12:32:00.000Z,,,,,
2026-07-24 14:32:55.341632,3408.0,USDC,USDC,usd-coin,False,72978910168.95134,72978910168.95134,,2018-10-08T00:00:00.000Z,41807.0,5.0,2026-07-24T12:30:00.000Z,,,60901219650.23,60888464959.0361,72963626017.53,"['medium-of-exchange', 'stablecoin', 'asset-backed-stablecoin', 'stellar-ecosystem', 'coinbase-ventures-portfolio', 'usd-stablecoin', 'xdc-ecosystem', 'ethereum-pow-ecosystem', 'fiat-stablecoin', 'tron20-ecosystem', 'venom-ecosystem', 'made-in-america', 'world-liberty-financial-portfolio', 'sonic-ecosystem', 'binance-ecosystem', 'binance-listing', 'hyperevm-ecosystem', 'etherlink-ecosystem', 'unichain-ecosystem', 'vector-smart-chain-ecosystem', 'sophon-ecosystem', 'monad-ecosystem', 'xlayer-ecosystem']",0.9997905675573141,10155013262.281488,8864694456.036049,1290318806.2454348,8.2424,-0.04228365,-0.01313396,-0.00537565,0.00547532,0.00943724,0.00364113,72963626017.5301,3.2959,72963626017.53,,2026-07-24T12:30:00.000Z,1027.0,ethereum,Ethereum,ETH,0xa0b86991c6218b36c1d19d4a2e9eb0ce3606eb48
2026-07-24 14:32:55.341632,52.0,XRP,XRP,xrp,False,62466503703.0,99985639695.0,100000000000.0,2013-08-04T00:00:00.000Z,1851.0,6.0,2026-07-24T12:32:00.000Z,,,,,110360208792.14,"['medium-of-exchange', 'enterprise-solutions', 'xrp-ecosystem', 'solana-ecosystem', 'arrington-xrp-capital-portfolio', 'galaxy-digital-portfolio', 'a16z-portfolio', 'pantera-capital-portfolio', 'ftx-bankruptcy-estate', '2017-2018-alt-season', 'klaytn-ecosystem', 'made-in-america', 'us-strategic-crypto-reserve', 'binance-ecosystem', 'binance-listing', 'iso-20022', 'sec-cftc-token-taxonomy', 'sec-cftc-digital-commodities']",1.103760591308766,1120012704.1737013,1119257475.1061816,755229.06751957,19.1142,-0.02696561,-2.30256347,2.14162433,1.20074012,-18.67348011,-22.84981813,68948065064.21451,3.1145,110376059130.88,,2026-07-24T12:32:00.000Z,,,,,
2026-07-24 14:32:55.341632,5426.0,Solana,SOL,solana,True,582864861.9342287,630867516.9633151,,2020-04-10T00:00:00.000Z,1147.0,7.0,2026-07-24T12:30:00.000Z,,,525236893.3,39487183111.06116,47428467952.12,"['pos', 'platform', 'solana-ecosystem', 'cms-holdings-portfolio', 'kenetic-capital-portfolio', 'alameda-research-portfolio', 'multicoin-capital-portfolio', 'okx-ventures-portfolio', 'layer-1', 'ftx-bankruptcy-estate', 'alleged-sec-securities', 'cmc-crypto-awards-2024', 'made-in-america', 'us-strategic-crypto-reserve', 'binance-ecosystem', 'binance-listing', 'sec-cftc-token-taxonomy', 'sec-cftc-digital-commodities', 'coinlist-launchpad']",75.17975910444515,1633837847.9543216,1633767202.2979686,70645.65635304,4.1513,-0.14719072,-3.0266794,0.79854119,7.91981983,-12.48059371,-12.94277988,43819639910.660995,1.9795,47428467952.12,,2026-07-24T12:30:00.000Z,,,,,
2026-07-24 14:32:55.341632,1958.0,TRON,TRX,tron,True,94878859029.26059,94878859501.95769,,2017-09-13T00:00:00.000Z,1352.0,8.0,2026-07-24T12:31:00.000Z,,,94667886298.43,31334765828.842514,31404597280.53,"['media', 'payments', 'tron-ecosystem', 'layer-1', 'dwf-labs-portfolio', 'alleged-sec-securities', '2017-2018-alt-season', 'tron20-ecosystem', 'world-liberty-financial-portfolio', 'binance-ecosystem', 'binance-listing', 'made-in-china']",0.33099678311252395,451741591.5633245,451656551.05494887,85040.50837564,20.2174,-0.14229969,1.30180653,2.64074722,0.00816237,-9.98365783,2.49889776,31404597124.0719,1.4189,31404597280.53,,2026-07-24T12:31:00.000Z,,,,,
2026-07-24 14:32:55.341632,32196.0,Hyperliquid,HYPE,hyperliquid,False,252727609.92386654,953084179.5974618,953084179.5974618,2024-07-15T10:14:50.000Z,293.0,9.0,2026-07-24T12:31:00.000Z,,,333931719.0,19518758341.508465,55709052845.85,"['decentralized-exchange-dex-token', 'defi', 'derivatives', 'layer-1', 'hyperliquid-ecosystem', 'binance-ecosystem', 'binance-listing', 'perpetuals']",58.45134568216464,346781644.7541005,299526810.06346047,47254834.69064002,-7.1503,0.08962042,-1.6113765,-2.6231046,-5.96343838,-7.21082159,40.64177679,14772268891.087185,0.6673,55709052845.85,,2026-07-24T12:31:00.000Z,32196.0,hyperliquid,Hyperliquid,HYPE,0x0d01dc56dcaaca66ad901c959b4011ec
2026-07-24 14:32:55.341632,74.0,Dogecoin,DOGE,dogecoin,True,155202516383.70523,155202516383.70523,,2013-12-15T00:00:00.000Z,1456.0,10.0,2026-07-24T12:31:00.000Z,,,,,10791437669.02,"['mineable', 'pow', 'scrypt', 'medium-of-exchange', 'memes', 'payments', 'doggone-doggerel', 'doge-chain-ecosystem', 'osmosis-ecosystem', 'ftx-bankruptcy-estate', 'animal-memes', 'made-in-america', 'binance-ecosystem', 'binance-listing', 'sec-cftc-token-taxonomy', 'sec-cftc-digital-commodities']",0.06953133183963867,934797439.3100084,934427664.3328626,369774.97714573,86.2365,-0.11022219,-3.80515075,-3.2270349,-11.84255375,-32.42113916,-28.97813093,10791437669.022366,0.4875,10791437669.02,,2026-07-24T12:31:00.000Z,,,,,
2026-07-24 14:32:55.341632,3957.0,UNUS SED LEO,LEO,unus-sed-leo,False,920129382.9,985239504.0,,2019-05-21T00:00:00.000Z,69.0,11.0,2026-07-24T12:32:00.000Z,,,,,9457139932.04,"['marketplace', 'centralized-exchange', 'discount-token', 'payments', 'ethereum-ecosystem', 'kenetic-capital-portfolio', 'alameda-research-portfolio']",9.598823325335418,576933.96327189,576933.96327189,0.0,179.7178,-0.00636188,-1.31548318,-2.02828563,0.81077209,-4.55447746,-6.37754144,8832159382.907003,0.399,9457139932.04,,2026-07-24T12:32:00.000Z,1027.0,ethereum,Ethereum,ETH,0x2af5d2ad76741191d15dfe7bf6ac92d4bd912ca3
2026-07-24 14:32:55.341632,1437.0,Zcash,ZEC,zcash,False,16786844.4155448,16786844.4155448,21000000.0,2016-10-29T00:00:00.000Z,630.0,12.0,2026-07-24T12:30:00.000Z,,,,,8437343393.76,"['mineable', 'pow', 'equihash', 'medium-of-exchange', 'privacy', 'zero-knowledge-proofs', 'quantum-resistant', 'binance-chain', 'boostvc-portfolio', 'dcg-portfolio', 'electric-capital-portfolio', 'fenbushi-capital-portfolio', 'hashkey-capital-portfolio', 'winklevoss-capital-portfolio', 'placeholder-ventures-portfolio', 'pantera-capital-portfolio', 'layer-1', 'standard-crypto-portfolio', '2017-2018-alt-season', 'made-in-america', 'binance-ecosystem', 'binance-listing', 'privacy-coins']",502.61640513843815,400533534.5732135,369187444.4404321,31346090.13278137,11.9052,0.11333595,-2.38328517,-5.62919295,19.91668256,-25.31416497,41.36253532,8437343393.759393,0.3813,10554944507.91,,2026-07-24T12:30:00.000Z,,,,,
2026-07-24 14:32:55.341632,328.0,Monero,XMR,monero,True,18782099.14058,18782099.14058,,2014-05-21T00:00:00.000Z,372.0,13.0,2026-07-24T12:31:00.000Z,,,,,6647944896.21,"['mineable', 'pow', 'medium-of-exchange', 'privacy', 'ringct', 'boostvc-portfolio', 'electric-capital-portfolio', 'galaxy-digital-portfolio', 'layer-1', '2017-2018-alt-season', 'binance-ecosystem', 'binance-listing', 'privacy-coins']",353.9511130491281,100364396.57608652,100364396.57608652,0.0,43.225,0.36006488,2.19794384,9.06565361,10.00735445,-7.92343714,-4.40451746,6647944896.207363,0.3004,6647944896.21,,2026-07-24T12:31:00.000Z,,,,,
2026-07-24 14:32:55.341632,1975.0,Chainlink,LINK,chainlink,False,748099970.424884,1000000000.0,1000000000.0,2017-09-20T00:00:00.000Z,2259.0,14.0,2026-07-24T12:32:00.000Z,,,,,8469447953.62,"['platform', 'cosmos-ecosystem', 'defi', 'privacy', 'interoperability', 'iot', 'oracles', 'smart-contracts', 'ethereum-ecosystem', 'tron-ecosystem', 'polkadot', 'polkadot-ecosystem', 'heco-ecosystem', 'avalanche-ecosystem', 'solana-ecosystem', 'framework-ventures-portfolio', 'hedera-hashgraph-ecosystem', 'polygon-ecosystem', 'fantom-ecosystem', 'cardano-ecosystem', 'terra-ecosystem', 'web3', 'near-protocol-ecosystem', 'arbitrum-ecosystem', 'celo-ecosystem', 'defi-2', 'cross-chain', 'cronos-ecosystem', 'cardano', 'injective-ecosystem', 'bnb-chain-ecosystem', 'oasis-ecosystem', 'moonbeam-ecosystem', 'xdc-ecosystem', 'metisdao-ecosystem', 'velas-ecosystem', 'doge-chain-ecosystem', 'aptos-ecosystem', 'sui-ecosystem', 'optimism-ecosystem', 'bitcoin-ecosystem', 'real-world-assets-protocols', 'zksync-era-ecosystem', 'kadena-ecosystem', 'base-ecosystem', 'linea-ecosystem', 'sei-ecosystem', 'toncoin-ecosystem', 'paal-ecosystem', 'blast-ecosystem', 'atomicals-ecosystem', 'move-vm', 'eigenlayer-ecosystem', 'hyperliquid-ecosystem', 'gnosis-chain-ecosystem', 'ronin-ecosystem', 'astar-ecosystem', 'core-ecosystem', 'starknet-ecosystem', 'mantle-ecosystem', 'opbnb-ecosystem', 'scroll-ecosystem', 'merlin-ecosystem', 'b²-network-ecosystem', 'mode-ecosystem', 'world-chain-mainnet-ecosystem', 'made-in-america', 'btcfi', 'world-liberty-financial-portfolio', 'corn-ecosystem', 'bonk-fun-ecosystem', 'sonic-ecosystem', 'binance-ecosystem', 'binance-listing', 'bittensor-ecosystem', 'hyperevm-ecosystem', 'etherlink-ecosystem', 'bera-chain-ecosystem', 'abstract-chain-ecosystem', 'unichain-ecosystem', 'soneium-ecosystem', 'fraxtal-ecosystem', 'monad-ecosystem', 'hashkey-chain-ecosystem', 'wlfi-ecosystem', 'plasma-ecosystem', 'x402-ecosystem', 'iso-20022', 'megaeth-ecosystem', 'sec-cftc-token-taxonomy', 'sec-cftc-digital-commodities', 'robinhood-ecosystem']",8.46944795362381,189697160.15622938,184707770.86145994,4989389.29476943,-6.3825,0.11803554,-1.59060912,3.58675331,11.41480699,-11.28732579,-9.78128837,6335993763.621066,0.2862,8469447953.62,,2026-07-24T12:32:00.000Z,1027.0,ethereum,Ethereum,ETH,0x514910771af9ca656af840dff83e8264ecf986ca
2026-07-24 14:32:55.341632,512.0,Stellar,XLM,stellar,False,34174900114.233486,50001786839.912476,50001806812.0,2014-08-05T00:00:00.000Z,827.0,15.0,2026-07-24T12:32:00.000Z,,,31531408660.0,5744764244.00254,9109915775.46,"['medium-of-exchange', 'enterprise-solutions', 'decentralized-exchange-dex-token', 'defi', 'smart-contracts', 'hashkey-capital-portfolio', 'real-world-assets-protocols', '2017-2018-alt-season', 'made-in-america', 'binance-ecosystem', 'binance-listing', 'iso-20022', 'sec-cftc-token-taxonomy', 'sec-cftc-digital-commodities']",0.18219180455740983,122793457.8632516,122641812.30053559,151645.56271602,-14.8897,-0.14847339,-0.79341784,-0.84120235,-4.83776055,21.30448653,5.88509289,6226386722.381431,0.2813,9109919414.21,,2026-07-24T12:32:00.000Z,,,,,
2026-07-24 14:32:55.341632,2010.0,Cardano,ADA,cardano,False,36489899411.97189,44993202652.386566,45000000000.0,2017-10-01T00:00:00.000Z,1718.0,16.0,2026-07-24T12:31:00.000Z,,,37997904336.0,6319078093.503383,7482401100.94,"['dpos', 'pos', 'platform', 'research', 'smart-contracts', 'staking', 'cardano-ecosystem', 'cardano', 'layer-1', 'alleged-sec-securities', '2017-2018-alt-season', 'made-in-america', 'us-strategic-crypto-reserve', 'binance-ecosystem', 'binance-listing', 'iso-20022', 'sec-cftc-token-taxonomy', 'sec-cftc-digital-commodities']",0.16630070010246742,232638309.3073735,231774939.09184536,863370.21552806,-16.5567,0.06557901,-4.67673346,3.81149612,12.01009896,-32.04538043,-33.93339991,6068295818.87954,0.2742,7483531504.61,,2026-07-24T12:31:00.000Z,,,,,
2026-07-24 14:32:55.341632,37263.0,Canton,CC,canton-network,True,39145141881.92199,39145141881.92199,,2025-07-08T04:07:45.000Z,108.0,17.0,2026-07-24T12:30:00.000Z,,,39145141881.92,4684290586.226368,4684290586.23,"['proof-of-authority', 'store-of-value', 'enterprise-solutions', 'privacy', 'interoperability', 'scaling', 'smart-contracts', 'layer-1', 'binance-ecosystem', 'binance-listing', 'privacy-blockchain']",0.11966467257562566,12494279.61849583,10427615.59630103,2066664.02219479,7.1491,-0.15853171,-0.28501465,-7.67756784,-20.44506343,-28.01385319,-21.10974069,4684290586.226605,0.2117,4684290586.23,,2026-07-24T12:30:00.000Z,,,,,
2026-07-24 14:32:55.341632,4943.0,Dai,DAI,multi-collateral-dai,True,4647076141.403908,4647076141.403908,,2019-11-22T00:00:00.000Z,3771.0,18.0,2026-07-24T12:31:00.000Z,,,,,4645669251.49,"['defi', 'stablecoin', 'asset-backed-stablecoin', 'usd-stablecoin', 'xlayer-ecosystem', 'anubis-ecosystem']",0.9996972526662976,36602009.6525807,380538.86074676,36221470.79183394,2.5819,-0.02280779,-0.00263655,0.02036947,0.01357868,0.01429233,0.00137087,4645669251.492585,0.2099,4645669251.49,,2026-07-24T12:31:00.000Z,1027.0,ethereum,Ethereum,ETH,0x6b175474e89094c44da98b954eedeac495271d0f
2026-07-24 14:32:55.341632,1831.0,Bitcoin Cash,BCH,bitcoin-cash,False,20065618.75,20065618.75,21000000.0,2017-07-23T00:00:00.000Z,1173.0,19.0,2026-07-24T12:30:00.000Z,,,,,4221662590.76,"['mineable', 'pow', 'sha-256', 'marketplace', 'medium-of-exchange', 'store-of-value', 'enterprise-solutions', 'payments', 'layer-1', '2017-2018-alt-season', 'made-in-america', 'binance-ecosystem', 'binance-listing', 'sec-cftc-token-taxonomy', 'sec-cftc-digital-commodities']",210.39284376719408,99078259.70701747,99071746.77404149,6512.93297599,23.7277,-0.02452881,-2.74423913,-3.84643191,8.94190867,-39.76170343,-53.61766163,4221662590.7608304,0.1907,4418249719.11,,2026-07-24T12:30:00.000Z,,,,,
2026-07-24 14:32:55.341632,36148.0,World Liberty Financial USD,USD1,usd1,False,4152511634.4574523,4152511634.4574523,,2025-04-13T05:37:56.000Z,1229.0,20.0,2026-07-24T12:30:00.000Z,,,,,4147509172.18,"['stablecoin', 'asset-backed-stablecoin', 'usd-stablecoin', 'tron20-ecosystem', 'made-in-america', 'world-liberty-financial-portfolio', 'binance-ecosystem', 'binance-listing', 'wlfi-ecosystem']",0.9987953164926461,944926342.2474432,907992738.364444,36933603.88299941,36.4177,-0.02511302,-0.03099534,-0.02072388,-0.0310833,-0.00576245,-0.09973191,4147509172.177326,0.1874,4147509172.18,,2026-07-24T12:30:00.000Z,1027.0,ethereum,Ethereum,ETH,0x8d0D000Ee44948FC98c9B98A4FA4921476f08B0d
2026-07-24 14:33:55.516418,1.0,Bitcoin,BTC,bitcoin,False,20060671.0,20060671.0,21000000.0,2010-07-13T00:00:00.000Z,12673.0,1.0,2026-07-24T12:31:00.000Z,,,,,1303473806358.45,"['mineable', 'pow', 'sha-256', 'store-of-value', 'state-channel', 'coinbase-ventures-portfolio', 'three-arrows-capital-portfolio', 'polychain-capital-portfolio', 'binance-labs-portfolio', 'blockchain-capital-portfolio', 'boostvc-portfolio', 'cms-holdings-portfolio', 'dcg-portfolio', 'dragonfly-capital-portfolio', 'electric-capital-portfolio', 'fabric-ventures-portfolio', 'framework-ventures-portfolio', 'galaxy-digital-portfolio', 'huobi-capital-portfolio', 'alameda-research-portfolio', 'a16z-portfolio', '1confirmation-portfolio', 'winklevoss-capital-portfolio', 'usv-portfolio', 'placeholder-ventures-portfolio', 'pantera-capital-portfolio', 'multicoin-capital-portfolio', 'paradigm-portfolio', 'bitcoin-ecosystem', 'layer-1', 'ftx-bankruptcy-estate', '2017-2018-alt-season', 'us-strategic-crypto-reserve', 'binance-ecosystem', 'binance-listing', 'sec-cftc-token-taxonomy', 'sec-cftc-digital-commodities']",64976.58061180775,25182831622.15585,25156142089.124004,26689533.03184556,16.6563,-0.02012935,-0.59926337,2.92253209,3.63012621,-15.97744243,-16.26525226,1303473806358.454,58.8939,1364508192847.96,,2026-07-24T12:31:00.000Z,,,,,
2026-07-24 14:33:55.516418,1027.0,Ethereum,ETH,ethereum,True,120682712.41641597,120682712.41641597,,2015-08-07T00:00:00.000Z,12237.0,2.0,2026-07-24T12:32:00.000Z,,,,,227101693234.52,"['pos', 'smart-contracts', 'ethereum-ecosystem', 'coinbase-ventures-portfolio', 'three-arrows-capital-portfolio', 'polychain-capital-portfolio', 'binance-labs-portfolio', 'blockchain-capital-portfolio', 'boostvc-portfolio', 'cms-holdings-portfolio', 'dcg-portfolio', 'dragonfly-capital-portfolio', 'electric-capital-portfolio', 'fabric-ventures-portfolio', 'framework-ventures-portfolio', 'hashkey-capital-portfolio', 'kenetic-capital-portfolio', 'huobi-capital-portfolio', 'alameda-research-portfolio', 'a16z-portfolio', '1confirmation-portfolio', 'winklevoss-capital-portfolio', 'usv-portfolio', 'placeholder-ventures-portfolio', 'pantera-capital-portfolio', 'multicoin-capital-portfolio', 'paradigm-portfolio', 'ethereum-pow-ecosystem', 'layer-1', 'ftx-bankruptcy-estate', 'sora-ecosystem', 'rsk-rbtc-ecosystem', 'world-liberty-financial-portfolio', 'us-strategic-crypto-reserve', 'binance-ecosystem', 'binance-listing', 'abstract-chain-ecosystem', 'unichain-ecosystem', 'soneium-ecosystem', 'sophon-ecosystem', 'sec-cftc-token-taxonomy', 'sec-cftc-digital-commodities', 'anubis-ecosystem', 'robinhood-ecosystem']",1881.8079962514387,10033221310.749155,9951619643.587326,81601667.1618277,6.2507,0.11942655,-1.82074076,2.69043827,12.41405104,-11.06464433,-18.70645182,227101693234.52435,10.2586,227101693234.52,,2026-07-24T12:32:00.000Z,,,,,
2026-07-24 14:33:55.516418,825.0,Tether USDt,USDT,tether,True,184156916986.16385,189106724037.45197,,2015-02-25T00:00:00.000Z,191309.0,3.0,2026-07-24T12:32:00.000Z,,,,,188959340984.96,"['stablecoin', 'asset-backed-stablecoin', 'usd-stablecoin', 'ethereum-pow-ecosystem', 'fiat-stablecoin', 'tron20-ecosystem', 'rsk-rbtc-ecosystem', 'venom-ecosystem', 'world-liberty-financial-portfolio', 'binance-ecosystem', 'binance-listing', 'peaq-ecosystem', 'etherlink-ecosystem', 'duckchain-ecosystem', 'onus-ecosystem', 'sophon-ecosystem', 'xlayer-ecosystem']",0.9992206355789948,52515336216.78423,51024181554.05555,1491154662.7287147,7.6608,-0.02201931,-0.0217579,0.00840478,0.04332033,0.0205363,-0.08853909,184013391637.18283,8.3126,188959340984.96,,2026-07-24T12:32:00.000Z,1027.0,ethereum,Ethereum,ETH,0xdac17f958d2ee523a2206206994597c13d831ec7
2026-07-24 14:33:55.516418,1839.0,BNB,BNB,bnb,False,133165746.73,133165746.73,133165746.73,2017-07-25T00:00:00.000Z,3316.0,4.0,2026-07-24T12:33:00.000Z,,,,,75358085877.55,"['marketplace', 'centralized-exchange', 'payments', 'smart-contracts', 'alameda-research-portfolio', 'multicoin-capital-portfolio', 'bnb-chain-ecosystem', 'layer-1', 'alleged-sec-securities', 'celsius-bankruptcy-estate', 'binance-ecosystem', 'binance-listing', 'etherlink-ecosystem', 'made-in-china']",565.8969196511124,925338784.8565912,903196544.2067908,22142240.64980051,-2.0857,-0.00308174,-0.66586135,0.55423471,-2.07186718,-15.32105935,-10.85329864,75358085877.5472,3.4042,75358085877.55,,2026-07-24T12:33:00.000Z,,,,,
2026-07-24 14:33:55.516418,3408.0,USDC,USDC,usd-coin,False,72978910168.95134,72978910168.95134,,2018-10-08T00:00:00.000Z,41807.0,5.0,2026-07-24T12:32:00.000Z,,,60901219650.23,60898165729.05855,72975250606.14,"['medium-of-exchange', 'stablecoin', 'asset-backed-stablecoin', 'stellar-ecosystem', 'coinbase-ventures-portfolio', 'usd-stablecoin', 'xdc-ecosystem', 'ethereum-pow-ecosystem', 'fiat-stablecoin', 'tron20-ecosystem', 'venom-ecosystem', 'made-in-america', 'world-liberty-financial-portfolio', 'sonic-ecosystem', 'binance-ecosystem', 'binance-listing', 'hyperevm-ecosystem', 'etherlink-ecosystem', 'unichain-ecosystem', 'vector-smart-chain-ecosystem', 'sophon-ecosystem', 'monad-ecosystem', 'xlayer-ecosystem']",0.9999498545154105,10163064070.892197,8868488502.574083,1294575568.3181193,8.4974,-0.01443952,0.00097336,-0.00222144,-0.00290402,0.0282394,0.01458835,72975250606.13611,3.2989,72975250606.14,,2026-07-24T12:32:00.000Z,1027.0,ethereum,Ethereum,ETH,0xa0b86991c6218b36c1d19d4a2e9eb0ce3606eb48
2026-07-24 14:33:55.516418,52.0,XRP,XRP,xrp,False,62466503703.0,99985639695.0,100000000000.0,2013-08-04T00:00:00.000Z,1851.0,6.0,2026-07-24T12:33:00.000Z,,,,,110364422519.45,"['medium-of-exchange', 'enterprise-solutions', 'xrp-ecosystem', 'solana-ecosystem', 'arrington-xrp-capital-portfolio', 'galaxy-digital-portfolio', 'a16z-portfolio', 'pantera-capital-portfolio', 'ftx-bankruptcy-estate', '2017-2018-alt-season', 'klaytn-ecosystem', 'made-in-america', 'us-strategic-crypto-reserve', 'binance-ecosystem', 'binance-listing', 'iso-20022', 'sec-cftc-token-taxonomy', 'sec-cftc-digital-commodities']",1.1038027346338197,1119840452.6082158,1119086313.611999,754138.99621708,19.0695,-0.00040116,-2.29509736,2.13294358,1.19268241,-18.67347269,-22.82878631,68950697610.38503,3.1169,110380273463.38,,2026-07-24T12:33:00.000Z,,,,,
2026-07-24 14:33:55.516418,5426.0,Solana,SOL,solana,True,582864861.9342287,630867516.9633151,,2020-04-10T00:00:00.000Z,1147.0,7.0,2026-07-24T12:31:00.000Z,,,525236893.3,39460152435.58859,47396001125.56,"['pos', 'platform', 'solana-ecosystem', 'cms-holdings-portfolio', 'kenetic-capital-portfolio', 'alameda-research-portfolio', 'multicoin-capital-portfolio', 'okx-ventures-portfolio', 'layer-1', 'ftx-bankruptcy-estate', 'alleged-sec-securities', 'cmc-crypto-awards-2024', 'made-in-america', 'us-strategic-crypto-reserve', 'binance-ecosystem', 'binance-listing', 'sec-cftc-token-taxonomy', 'sec-cftc-digital-commodities', 'coinlist-launchpad']",75.12829532530591,1633306582.4862306,1633235935.80409,70646.68214064,4.1797,-0.18323551,-3.03636124,0.73433217,7.87747778,-12.54093892,-13.01657091,43789643482.13838,1.9782,47396001125.56,,2026-07-24T12:31:00.000Z,,,,,
2026-07-24 14:33:55.516418,1958.0,TRON,TRX,tron,True,94878859029.26059,94878859501.95769,,2017-09-13T00:00:00.000Z,1352.0,8.0,2026-07-24T12:32:00.000Z,,,94667886298.43,31334812985.99912,31404644542.78,"['media', 'payments', 'tron-ecosystem', 'layer-1', 'dwf-labs-portfolio', 'alleged-sec-securities', '2017-2018-alt-season', 'tron20-ecosystem', 'world-liberty-financial-portfolio', 'binance-ecosystem', 'binance-listing', 'made-in-china']",0.33099728124508454,451711750.2641842,451626709.75580865,85040.50837564,20.1972,-0.13954271,1.30287981,2.63711316,0.0020102,-9.97630234,2.49280953,31404644386.320896,1.4189,31404644542.78,,2026-07-24T12:32:00.000Z,,,,,
2026-07-24 14:33:55.516418,32196.0,Hyperliquid,HYPE,hyperliquid,False,252727609.92386654,953084179.5974618,953084179.5974618,2024-07-15T10:14:50.000Z,293.0,9.0,2026-07-24T12:32:00.000Z,,,333931719.0,19516500013.465492,55702607286.45,"['decentralized-exchange-dex-token', 'defi', 'derivatives', 'layer-1', 'hyperliquid-ecosystem', 'binance-ecosystem', 'binance-listing', 'perpetuals']",58.44458283840204,346766418.26824147,299511583.57760143,47254834.69064002,-7.1307,0.07603296,-1.62010197,-2.64254261,-5.98695287,-7.22252388,40.62595966,14770559733.746775,0.6676,55702607286.45,,2026-07-24T12:32:00.000Z,32196.0,hyperliquid,Hyperliquid,HYPE,0x0d01dc56dcaaca66ad901c959b4011ec
2026-07-24 14:33:55.516418,74.0,Dogecoin,DOGE,dogecoin,True,155202516383.70523,155202516383.70523,,2013-12-15T00:00:00.000Z,1456.0,10.0,2026-07-24T12:32:00.000Z,,,,,10791469255.72,"['mineable', 'pow', 'scrypt', 'medium-of-exchange', 'memes', 'payments', 'doggone-doggerel', 'doge-chain-ecosystem', 'osmosis-ecosystem', 'ftx-bankruptcy-estate', 'animal-memes', 'made-in-america', 'binance-ecosystem', 'binance-listing', 'sec-cftc-token-taxonomy', 'sec-cftc-digital-commodities']",0.0695315353588687,934772943.5982797,934403168.621134,369774.97714573,86.2145,-0.10177489,-3.80195325,-3.22385351,-11.84139716,-32.42145464,-28.98497458,10791469255.719,0.4875,10791469255.72,,2026-07-24T12:32:00.000Z,,,,,
2026-07-24 14:33:55.516418,3957.0,UNUS SED LEO,LEO,unus-sed-leo,False,920129382.9,985239504.0,,2019-05-21T00:00:00.000Z,69.0,11.0,2026-07-24T12:33:00.000Z,,,,,9457273385.52,"['marketplace', 'centralized-exchange', 'discount-token', 'payments', 'ethereum-ecosystem', 'kenetic-capital-portfolio', 'alameda-research-portfolio']",9.598958778169449,576942.75886783,576942.75886783,0.0,179.7315,-0.00711565,-1.31204427,-2.02418558,0.83606519,-4.55445815,-6.37162335,8832284017.039593,0.399,9457273385.52,,2026-07-24T12:33:00.000Z,1027.0,ethereum,Ethereum,ETH,0x2af5d2ad76741191d15dfe7bf6ac92d4bd912ca3
2026-07-24 14:33:55.516418,1437.0,Zcash,ZEC,zcash,False,16786844.4155448,16786844.4155448,21000000.0,2016-10-29T00:00:00.000Z,630.0,12.0,2026-07-24T12:32:00.000Z,,,,,8432515267.16,"['mineable', 'pow', 'equihash', 'medium-of-exchange', 'privacy', 'zero-knowledge-proofs', 'quantum-resistant', 'binance-chain', 'boostvc-portfolio', 'dcg-portfolio', 'electric-capital-portfolio', 'fenbushi-capital-portfolio', 'hashkey-capital-portfolio', 'winklevoss-capital-portfolio', 'placeholder-ventures-portfolio', 'pantera-capital-portfolio', 'layer-1', 'standard-crypto-portfolio', '2017-2018-alt-season', 'made-in-america', 'binance-ecosystem', 'binance-listing', 'privacy-coins']",502.3287914283718,400220751.5771346,368918243.9198759,31302507.65725867,11.7497,0.09079483,-2.38257967,-5.6845033,19.88198888,-25.27183248,41.25840588,8432515267.156732,0.381,10548904620.0,,2026-07-24T12:32:00.000Z,,,,,
2026-07-24 14:33:55.516418,328.0,Monero,XMR,monero,True,18782099.14058,18782099.14058,,2014-05-21T00:00:00.000Z,372.0,13.0,2026-07-24T12:32:00.000Z,,,,,6648696185.08,"['mineable', 'pow', 'medium-of-exchange', 'privacy', 'ringct', 'boostvc-portfolio', 'electric-capital-portfolio', 'galaxy-digital-portfolio', 'layer-1', '2017-2018-alt-season', 'binance-ecosystem', 'binance-listing', 'privacy-coins']",353.99111331052273,100386835.41210529,100386835.41210529,0.0,43.1484,0.5455897,2.21611425,9.07771981,10.01916336,-7.91080338,-4.3835832,6648696185.082526,0.3004,6648696185.08,,2026-07-24T12:32:00.000Z,,,,,
2026-07-24 14:33:55.516418,1975.0,Chainlink,LINK,chainlink,False,748099970.424884,1000000000.0,1000000000.0,2017-09-20T00:00:00.000Z,2259.0,14.0,2026-07-24T12:33:00.000Z,,,,,8469900103.01,"['platform', 'cosmos-ecosystem', 'defi', 'privacy', 'interoperability', 'iot', 'oracles', 'smart-contracts', 'ethereum-ecosystem', 'tron-ecosystem', 'polkadot', 'polkadot-ecosystem', 'heco-ecosystem', 'avalanche-ecosystem', 'solana-ecosystem', 'framework-ventures-portfolio', 'hedera-hashgraph-ecosystem', 'polygon-ecosystem', 'fantom-ecosystem', 'cardano-ecosystem', 'terra-ecosystem', 'web3', 'near-protocol-ecosystem', 'arbitrum-ecosystem', 'celo-ecosystem', 'defi-2', 'cross-chain', 'cronos-ecosystem', 'cardano', 'injective-ecosystem', 'bnb-chain-ecosystem', 'oasis-ecosystem', 'moonbeam-ecosystem', 'xdc-ecosystem', 'metisdao-ecosystem', 'velas-ecosystem', 'doge-chain-ecosystem', 'aptos-ecosystem', 'sui-ecosystem', 'optimism-ecosystem', 'bitcoin-ecosystem', 'real-world-assets-protocols', 'zksync-era-ecosystem', 'kadena-ecosystem', 'base-ecosystem', 'linea-ecosystem', 'sei-ecosystem', 'toncoin-ecosystem', 'paal-ecosystem', 'blast-ecosystem', 'atomicals-ecosystem', 'move-vm', 'eigenlayer-ecosystem', 'hyperliquid-ecosystem', 'gnosis-chain-ecosystem', 'ronin-ecosystem', 'astar-ecosystem', 'core-ecosystem', 'starknet-ecosystem', 'mantle-ecosystem', 'opbnb-ecosystem', 'scroll-ecosystem', 'merlin-ecosystem', 'b²-network-ecosystem', 'mode-ecosystem', 'world-chain-mainnet-ecosystem', 'made-in-america', 'btcfi', 'world-liberty-financial-portfolio', 'corn-ecosystem', 'bonk-fun-ecosystem', 'sonic-ecosystem', 'binance-ecosystem', 'binance-listing', 'bittensor-ecosystem', 'hyperevm-ecosystem', 'etherlink-ecosystem', 'bera-chain-ecosystem', 'abstract-chain-ecosystem', 'unichain-ecosystem', 'soneium-ecosystem', 'fraxtal-ecosystem', 'monad-ecosystem', 'hashkey-chain-ecosystem', 'wlfi-ecosystem', 'plasma-ecosystem', 'x402-ecosystem', 'iso-20022', 'megaeth-ecosystem', 'sec-cftc-token-taxonomy', 'sec-cftc-digital-commodities', 'robinhood-ecosystem']",8.469900103012789,189618187.81797934,184652904.0220012,4965283.79597812,-6.444,0.14161557,-1.57876209,3.59153608,11.41636272,-11.32058057,-9.76413488,6336332016.565589,0.2862,8469900103.01,,2026-07-24T12:33:00.000Z,1027.0,ethereum,Ethereum,ETH,0x514910771af9ca656af840dff83e8264ecf986ca
2026-07-24 14:33:55.516418,512.0,Stellar,XLM,stellar,False,34174900114.233486,50001786839.912476,50001806812.0,2014-08-05T00:00:00.000Z,827.0,15.0,2026-07-24T12:33:00.000Z,,,31531408660.0,5744558204.014194,9109589041.96,"['medium-of-exchange', 'enterprise-solutions', 'decentralized-exchange-dex-token', 'defi', 'smart-contracts', 'hashkey-capital-portfolio', 'real-world-assets-protocols', '2017-2018-alt-season', 'made-in-america', 'binance-ecosystem', 'binance-listing', 'iso-20022', 'sec-cftc-token-taxonomy', 'sec-cftc-digital-commodities']",0.18218527012088756,122383580.31078403,122231934.74806802,151645.56271602,-15.4287,-0.11968823,-0.77464372,-0.85915397,-4.8445965,21.33076852,5.90753059,6226163408.665978,0.2815,9109592680.58,,2026-07-24T12:33:00.000Z,,,,,
2026-07-24 14:33:55.516418,2010.0,Cardano,ADA,cardano,False,36489899411.97189,44993202652.386566,45000000000.0,2017-10-01T00:00:00.000Z,1718.0,16.0,2026-07-24T12:32:00.000Z,,,37997904336.0,6318628987.601443,7481869316.02,"['dpos', 'pos', 'platform', 'research', 'smart-contracts', 'staking', 'cardano-ecosystem', 'cardano', 'layer-1', 'alleged-sec-securities', '2017-2018-alt-season', 'made-in-america', 'us-strategic-crypto-reserve', 'binance-ecosystem', 'binance-listing', 'iso-20022', 'sec-cftc-token-taxonomy', 'sec-cftc-digital-commodities']",0.16628888087428137,232766303.90399078,231901240.23294327,865063.67104747,-16.5086,0.06356959,-4.66151508,3.80613816,11.99384681,-32.06727612,-33.94549829,6067864536.431905,0.2742,7482999639.34,,2026-07-24T12:32:00.000Z,,,,,
2026-07-24 14:33:55.516418,37263.0,Canton,CC,canton-network,True,39145141881.92199,39145141881.92199,,2025-07-08T04:07:45.000Z,108.0,17.0,2026-07-24T12:32:00.000Z,,,39145141881.92,4687643094.568625,4687643094.57,"['proof-of-authority', 'store-of-value', 'enterprise-solutions', 'privacy', 'interoperability', 'scaling', 'smart-contracts', 'layer-1', 'binance-ecosystem', 'binance-listing', 'privacy-blockchain']",0.11975031560004924,12498584.95916037,10431338.77008675,2067246.18907362,7.2988,-0.05563106,-0.20314986,-7.60354598,-20.39011389,-27.93968741,-21.06444899,4687643094.568863,0.2118,4687643094.57,,2026-07-24T12:32:00.000Z,,,,,
2026-07-24 14:33:55.516418,4943.0,Dai,DAI,multi-collateral-dai,True,4647076141.403908,4647076141.403908,,2019-11-22T00:00:00.000Z,3771.0,18.0,2026-07-24T12:32:00.000Z,,,,,4645578124.96,"['defi', 'stablecoin', 'asset-backed-stablecoin', 'usd-stablecoin', 'xlayer-ecosystem', 'anubis-ecosystem']",0.9996776432323963,36598902.95022702,380539.41021209,36218363.54001494,2.5597,-0.02613306,-0.00451219,-0.00205807,0.01304686,0.01164515,-0.00096427,4645578124.960156,0.2099,4645578124.96,,2026-07-24T12:32:00.000Z,1027.0,ethereum,Ethereum,ETH,0x6b175474e89094c44da98b954eedeac495271d0f
2026-07-24 14:33:55.516418,1831.0,Bitcoin Cash,BCH,bitcoin-cash,False,20065618.75,20065618.75,21000000.0,2017-07-23T00:00:00.000Z,1173.0,19.0,2026-07-24T12:31:00.000Z,,,,,4220759289.92,"['mineable', 'pow', 'sha-256', 'marketplace', 'medium-of-exchange', 'store-of-value', 'enterprise-solutions', 'payments', 'layer-1', '2017-2018-alt-season', 'made-in-america', 'binance-ecosystem', 'binance-listing', 'sec-cftc-token-taxonomy', 'sec-cftc-digital-commodities']",210.34782642416957,99062579.74603306,99056066.81305707,6512.93297599,23.5467,-0.05814654,-2.74286221,-3.85481582,8.93391912,-39.77684813,-53.63112256,4220759289.9185624,0.1907,4417304354.91,,2026-07-24T12:31:00.000Z,,,,,
2026-07-24 14:33:55.516418,36148.0,World Liberty Financial USD,USD1,usd1,False,4152511634.4574523,4152511634.4574523,,2025-04-13T05:37:56.000Z,1229.0,20.0,2026-07-24T12:32:00.000Z,,,,,4147189950.18,"['stablecoin', 'asset-backed-stablecoin', 'usd-stablecoin', 'tron20-ecosystem', 'made-in-america', 'world-liberty-financial-portfolio', 'binance-ecosystem', 'binance-listing', 'wlfi-ecosystem']",0.9987184420538864,944646160.5216256,907772778.8790455,36873381.6425804,36.0074,-0.02588476,-0.03181348,-0.02497366,-0.031643,-0.01362739,-0.107417,4147189950.175984,0.1874,4147189950.18,,2026-07-24T12:32:00.000Z,1027.0,ethereum,Ethereum,ETH,0x8d0D000Ee44948FC98c9B98A4FA4921476f08B0d
2026-07-24 14:34:55.684841,1.0,Bitcoin,BTC,bitcoin,False,20060671.0,20060671.0,21000000.0,2010-07-13T00:00:00.000Z,12673.0,1.0,2026-07-24T12:32:00.000Z,,,,,1303605090728.21,"['mineable', 'pow', 'sha-256', 'store-of-value', 'state-channel', 'coinbase-ventures-portfolio', 'three-arrows-capital-portfolio', 'polychain-capital-portfolio', 'binance-labs-portfolio', 'blockchain-capital-portfolio', 'boostvc-portfolio', 'cms-holdings-portfolio', 'dcg-portfolio', 'dragonfly-capital-portfolio', 'electric-capital-portfolio', 'fabric-ventures-portfolio', 'framework-ventures-portfolio', 'galaxy-digital-portfolio', 'huobi-capital-portfolio', 'alameda-research-portfolio', 'a16z-portfolio', '1confirmation-portfolio', 'winklevoss-capital-portfolio', 'usv-portfolio', 'placeholder-ventures-portfolio', 'pantera-capital-portfolio', 'multicoin-capital-portfolio', 'paradigm-portfolio', 'bitcoin-ecosystem', 'layer-1', 'ftx-bankruptcy-estate', '2017-2018-alt-season', 'us-strategic-crypto-reserve', 'binance-ecosystem', 'binance-listing', 'sec-cftc-token-taxonomy', 'sec-cftc-digital-commodities']",64983.124977634696,25181799186.463264,25155109549.082268,26689637.38099878,16.623,0.00518295,-0.56847839,2.93792153,3.59573441,-15.96688335,-16.27905068,1303605090728.212,58.8998,1364645624530.33,,2026-07-24T12:32:00.000Z,,,,,
2026-07-24 14:34:55.684841,1027.0,Ethereum,ETH,ethereum,True,120682712.41641597,120682712.41641597,,2015-08-07T00:00:00.000Z,12237.0,2.0,2026-07-24T12:34:00.000Z,,,,,227151160331.69,"['pos', 'smart-contracts', 'ethereum-ecosystem', 'coinbase-ventures-portfolio', 'three-arrows-capital-portfolio', 'polychain-capital-portfolio', 'binance-labs-portfolio', 'blockchain-capital-portfolio', 'boostvc-portfolio', 'cms-holdings-portfolio', 'dcg-portfolio', 'dragonfly-capital-portfolio', 'electric-capital-portfolio', 'fabric-ventures-portfolio', 'framework-ventures-portfolio', 'hashkey-capital-portfolio', 'kenetic-capital-portfolio', 'huobi-capital-portfolio', 'alameda-research-portfolio', 'a16z-portfolio', '1confirmation-portfolio', 'winklevoss-capital-portfolio', 'usv-portfolio', 'placeholder-ventures-portfolio', 'pantera-capital-portfolio', 'multicoin-capital-portfolio', 'paradigm-portfolio', 'ethereum-pow-ecosystem', 'layer-1', 'ftx-bankruptcy-estate', 'sora-ecosystem', 'rsk-rbtc-ecosystem', 'world-liberty-financial-portfolio', 'us-strategic-crypto-reserve', 'binance-ecosystem', 'binance-listing', 'abstract-chain-ecosystem', 'unichain-ecosystem', 'soneium-ecosystem', 'sophon-ecosystem', 'sec-cftc-token-taxonomy', 'sec-cftc-digital-commodities', 'anubis-ecosystem', 'robinhood-ecosystem']",1882.2178900645144,10026407483.193428,9941796021.295824,84611461.89760588,4.7513,0.13878389,-1.64299752,2.71569503,12.43727652,-11.01859746,-18.68663051,227151160331.68906,10.2684,227151160331.69,,2026-07-24T12:34:00.000Z,,,,,
2026-07-24 14:34:55.684841,825.0,Tether USDt,USDT,tether,True,184156916986.16385,189106724037.45197,,2015-02-25T00:00:00.000Z,191309.0,3.0,2026-07-24T12:33:00.000Z,,,,,188968912942.57,"['stablecoin', 'asset-backed-stablecoin', 'usd-stablecoin', 'ethereum-pow-ecosystem', 'fiat-stablecoin', 'tron20-ecosystem', 'rsk-rbtc-ecosystem', 'venom-ecosystem', 'world-liberty-financial-portfolio', 'binance-ecosystem', 'binance-listing', 'peaq-ecosystem', 'etherlink-ecosystem', 'duckchain-ecosystem', 'onus-ecosystem', 'sophon-ecosystem', 'xlayer-ecosystem']",0.9992712522752494,52512874979.45066,51022262136.8367,1490612842.6140058,7.6743,-0.01550509,-0.00909597,0.01303906,0.05717597,0.02803696,-0.08021548,184022713051.9131,8.3131,188968912942.57,,2026-07-24T12:33:00.000Z,1027.0,ethereum,Ethereum,ETH,0xdac17f958d2ee523a2206206994597c13d831ec7
2026-07-24 14:34:55.684841,1839.0,BNB,BNB,bnb,False,133165746.73,133165746.73,133165746.73,2017-07-25T00:00:00.000Z,3316.0,4.0,2026-07-24T12:34:00.000Z,,,,,75378361976.99,"['marketplace', 'centralized-exchange', 'payments', 'smart-contracts', 'alameda-research-portfolio', 'multicoin-capital-portfolio', 'bnb-chain-ecosystem', 'layer-1', 'alleged-sec-securities', 'celsius-bankruptcy-estate', 'binance-ecosystem', 'binance-listing', 'etherlink-ecosystem', 'made-in-china']",566.0491817751072,925530941.8075117,903434860.2726266,22096081.5348851,-2.0784,0.0235219,-0.61303202,0.57888579,-2.04815383,-15.30739689,-10.83074482,75378361976.98766,3.4074,75378361976.99,,2026-07-24T12:34:00.000Z,,,,,
2026-07-24 14:34:55.684841,3408.0,USDC,USDC,usd-coin,False,72978910168.95134,72978910168.95134,,2018-10-08T00:00:00.000Z,41807.0,5.0,2026-07-24T12:32:00.000Z,,,60901219650.23,60898165729.05855,72975250606.14,"['medium-of-exchange', 'stablecoin', 'asset-backed-stablecoin', 'stellar-ecosystem', 'coinbase-ventures-portfolio', 'usd-stablecoin', 'xdc-ecosystem', 'ethereum-pow-ecosystem', 'fiat-stablecoin', 'tron20-ecosystem', 'venom-ecosystem', 'made-in-america', 'world-liberty-financial-portfolio', 'sonic-ecosystem', 'binance-ecosystem', 'binance-listing', 'hyperevm-ecosystem', 'etherlink-ecosystem', 'unichain-ecosystem', 'vector-smart-chain-ecosystem', 'sophon-ecosystem', 'monad-ecosystem', 'xlayer-ecosystem']",0.9999498545154105,10163064070.892197,8868488502.574083,1294575568.3181193,8.4974,-0.01443952,0.00097336,-0.00222144,-0.00290402,0.0282394,0.01458835,72975250606.13611,3.2989,72975250606.14,,2026-07-24T12:32:00.000Z,1027.0,ethereum,Ethereum,ETH,0xa0b86991c6218b36c1d19d4a2e9eb0ce3606eb48
2026-07-24 14:34:55.684841,52.0,XRP,XRP,xrp,False,62466503703.0,99985639695.0,100000000000.0,2013-08-04T00:00:00.000Z,1851.0,6.0,2026-07-24T12:34:00.000Z,,,,,110360263455.04,"['medium-of-exchange', 'enterprise-solutions', 'xrp-ecosystem', 'solana-ecosystem', 'arrington-xrp-capital-portfolio', 'galaxy-digital-portfolio', 'a16z-portfolio', 'pantera-capital-portfolio', 'ftx-bankruptcy-estate', '2017-2018-alt-season', 'klaytn-ecosystem', 'made-in-america', 'us-strategic-crypto-reserve', 'binance-ecosystem', 'binance-listing', 'iso-20022', 'sec-cftc-token-taxonomy', 'sec-cftc-digital-commodities']",1.1037611380162584,1118555312.2635436,1117801948.4306474,753363.83289654,18.8407,0.03320304,-2.20277173,2.13409402,1.19399926,-18.67840267,-22.83435231,68948099215.1201,3.1168,110376113801.63,,2026-07-24T12:34:00.000Z,,,,,
2026-07-24 14:34:55.684841,5426.0,Solana,SOL,solana,True,582864861.9342287,630867516.9633151,,2020-04-10T00:00:00.000Z,1147.0,7.0,2026-07-24T12:32:00.000Z,,,525236893.3,39460990460.65467,47397007686.22,"['pos', 'platform', 'solana-ecosystem', 'cms-holdings-portfolio', 'kenetic-capital-portfolio', 'alameda-research-portfolio', 'multicoin-capital-portfolio', 'okx-ventures-portfolio', 'layer-1', 'ftx-bankruptcy-estate', 'alleged-sec-securities', 'cmc-crypto-awards-2024', 'made-in-america', 'us-strategic-crypto-reserve', 'binance-ecosystem', 'binance-listing', 'sec-cftc-token-taxonomy', 'sec-cftc-digital-commodities', 'coinlist-launchpad']",75.12989084358875,1633262096.9330437,1633191445.9866874,70650.94635615,4.1644,-0.14778342,-3.02447641,0.73337685,7.87712753,-12.53320767,-13.02408897,43790573453.68203,1.9782,47397007686.22,,2026-07-24T12:32:00.000Z,,,,,
2026-07-24 14:34:55.684841,1958.0,TRON,TRX,tron,True,94878859029.26059,94878859501.95769,,2017-09-13T00:00:00.000Z,1352.0,8.0,2026-07-24T12:33:00.000Z,,,94667886298.43,31335343660.852966,31405176400.28,"['media', 'payments', 'tron-ecosystem', 'layer-1', 'dwf-labs-portfolio', 'alleged-sec-securities', '2017-2018-alt-season', 'tron20-ecosystem', 'world-liberty-financial-portfolio', 'binance-ecosystem', 'binance-listing', 'made-in-china']",0.33100288689315166,451687546.87448674,451602650.8257472,84896.04873965,20.1886,-0.13372267,1.30729784,2.64050891,0.00471142,-9.97470018,2.50077245,31405176243.81362,1.419,31405176400.28,,2026-07-24T12:33:00.000Z,,,,,
2026-07-24 14:34:55.684841,32196.0,Hyperliquid,HYPE,hyperliquid,False,252727609.92386654,953084179.5974618,953084179.5974618,2024-07-15T10:14:50.000Z,293.0,9.0,2026-07-24T12:32:00.000Z,,,333931719.0,19516500013.465492,55702607286.45,"['decentralized-exchange-dex-token', 'defi', 'derivatives', 'layer-1', 'hyperliquid-ecosystem', 'binance-ecosystem', 'binance-listing', 'perpetuals']",58.44458283840204,346766418.26824147,299511583.57760143,47254834.69064002,-7.1307,0.07603296,-1.62010197,-2.64254261,-5.98695287,-7.22252388,40.62595966,14770559733.746775,0.6676,55702607286.45,,2026-07-24T12:32:00.000Z,32196.0,hyperliquid,Hyperliquid,HYPE,0x0d01dc56dcaaca66ad901c959b4011ec
2026-07-24 14:34:55.684841,74.0,Dogecoin,DOGE,dogecoin,True,155202516383.70523,155202516383.70523,,2013-12-15T00:00:00.000Z,1456.0,10.0,2026-07-24T12:33:00.000Z,,,,,10791981860.71,"['mineable', 'pow', 'scrypt', 'medium-of-exchange', 'memes', 'payments', 'doggone-doggerel', 'doge-chain-ecosystem', 'osmosis-ecosystem', 'ftx-bankruptcy-estate', 'animal-memes', 'made-in-america', 'binance-ecosystem', 'binance-listing', 'sec-cftc-token-taxonomy', 'sec-cftc-digital-commodities']",0.06953483817253149,934758653.6435088,934388878.666363,369774.97714573,86.2011,-0.08689557,-3.78359635,-3.18779239,-11.80817254,-32.43015247,-28.95022228,10791981860.710611,0.4875,10791981860.71,,2026-07-24T12:33:00.000Z,,,,,
2026-07-24 14:34:55.684841,3957.0,UNUS SED LEO,LEO,unus-sed-leo,False,920129382.9,985239504.0,,2019-05-21T00:00:00.000Z,69.0,11.0,2026-07-24T12:34:00.000Z,,,,,9457424233.52,"['marketplace', 'centralized-exchange', 'discount-token', 'payments', 'ethereum-ecosystem', 'kenetic-capital-portfolio', 'alameda-research-portfolio']",9.59911188612324,576976.46893349,576976.46893349,0.0,179.7308,-0.00068122,-1.30682572,-2.022175,0.81941966,-4.55322786,-6.37032039,8832424896.166632,0.3993,9457424233.52,,2026-07-24T12:34:00.000Z,1027.0,ethereum,Ethereum,ETH,0x2af5d2ad76741191d15dfe7bf6ac92d4bd912ca3
2026-07-24 14:34:55.684841,1437.0,Zcash,ZEC,zcash,False,16786844.4155448,16786844.4155448,21000000.0,2016-10-29T00:00:00.000Z,630.0,12.0,2026-07-24T12:33:00.000Z,,,,,8432835158.4,"['mineable', 'pow', 'equihash', 'medium-of-exchange', 'privacy', 'zero-knowledge-proofs', 'quantum-resistant', 'binance-chain', 'boostvc-portfolio', 'dcg-portfolio', 'electric-capital-portfolio', 'fenbushi-capital-portfolio', 'hashkey-capital-portfolio', 'winklevoss-capital-portfolio', 'placeholder-ventures-portfolio', 'pantera-capital-portfolio', 'layer-1', 'standard-crypto-portfolio', '2017-2018-alt-season', 'made-in-america', 'binance-ecosystem', 'binance-listing', 'privacy-coins']",502.3478474957784,400135800.904343,368850903.80580235,31284897.0985407,11.5941,0.10116295,-2.3485788,-5.67986436,19.96664389,-25.09703569,41.39214529,8432835158.395458,0.381,10549304797.41,,2026-07-24T12:33:00.000Z,,,,,
2026-07-24 14:34:55.684841,328.0,Monero,XMR,monero,True,18782099.14058,18782099.14058,,2014-05-21T00:00:00.000Z,372.0,13.0,2026-07-24T12:33:00.000Z,,,,,6649205502.43,"['mineable', 'pow', 'medium-of-exchange', 'privacy', 'ringct', 'boostvc-portfolio', 'electric-capital-portfolio', 'galaxy-digital-portfolio', 'layer-1', '2017-2018-alt-season', 'binance-ecosystem', 'binance-listing', 'privacy-coins']",354.0182304791199,100351735.19170298,100351735.19170298,0.0,42.9812,0.57927307,2.20032523,8.99637188,10.06938709,-7.83759034,-4.22505809,6649205502.43153,0.3004,6649205502.43,,2026-07-24T12:33:00.000Z,,,,,
2026-07-24 14:34:55.684841,1975.0,Chainlink,LINK,chainlink,False,748099970.424884,1000000000.0,1000000000.0,2017-09-20T00:00:00.000Z,2259.0,14.0,2026-07-24T12:34:00.000Z,,,,,8469070832.52,"['platform', 'cosmos-ecosystem', 'defi', 'privacy', 'interoperability', 'iot', 'oracles', 'smart-contracts', 'ethereum-ecosystem', 'tron-ecosystem', 'polkadot', 'polkadot-ecosystem', 'heco-ecosystem', 'avalanche-ecosystem', 'solana-ecosystem', 'framework-ventures-portfolio', 'hedera-hashgraph-ecosystem', 'polygon-ecosystem', 'fantom-ecosystem', 'cardano-ecosystem', 'terra-ecosystem', 'web3', 'near-protocol-ecosystem', 'arbitrum-ecosystem', 'celo-ecosystem', 'defi-2', 'cross-chain', 'cronos-ecosystem', 'cardano', 'injective-ecosystem', 'bnb-chain-ecosystem', 'oasis-ecosystem', 'moonbeam-ecosystem', 'xdc-ecosystem', 'metisdao-ecosystem', 'velas-ecosystem', 'doge-chain-ecosystem', 'aptos-ecosystem', 'sui-ecosystem', 'optimism-ecosystem', 'bitcoin-ecosystem', 'real-world-assets-protocols', 'zksync-era-ecosystem', 'kadena-ecosystem', 'base-ecosystem', 'linea-ecosystem', 'sei-ecosystem', 'toncoin-ecosystem', 'paal-ecosystem', 'blast-ecosystem', 'atomicals-ecosystem', 'move-vm', 'eigenlayer-ecosystem', 'hyperliquid-ecosystem', 'gnosis-chain-ecosystem', 'ronin-ecosystem', 'astar-ecosystem', 'core-ecosystem', 'starknet-ecosystem', 'mantle-ecosystem', 'opbnb-ecosystem', 'scroll-ecosystem', 'merlin-ecosystem', 'b²-network-ecosystem', 'mode-ecosystem', 'world-chain-mainnet-ecosystem', 'made-in-america', 'btcfi', 'world-liberty-financial-portfolio', 'corn-ecosystem', 'bonk-fun-ecosystem', 'sonic-ecosystem', 'binance-ecosystem', 'binance-listing', 'bittensor-ecosystem', 'hyperevm-ecosystem', 'etherlink-ecosystem', 'bera-chain-ecosystem', 'abstract-chain-ecosystem', 'unichain-ecosystem', 'soneium-ecosystem', 'fraxtal-ecosystem', 'monad-ecosystem', 'hashkey-chain-ecosystem', 'wlfi-ecosystem', 'plasma-ecosystem', 'x402-ecosystem', 'iso-20022', 'megaeth-ecosystem', 'sec-cftc-token-taxonomy', 'sec-cftc-digital-commodities', 'robinhood-ecosystem']",8.469070832519343,189525839.5488092,184561107.97211936,4964731.57668985,-6.4601,0.17232871,-1.54041466,3.58466789,11.40428929,-11.332151,-9.77430436,6335711639.333968,0.2864,8469070832.52,,2026-07-24T12:34:00.000Z,1027.0,ethereum,Ethereum,ETH,0x514910771af9ca656af840dff83e8264ecf986ca
2026-07-24 14:34:55.684841,512.0,Stellar,XLM,stellar,False,34174900114.233486,50001786839.912476,50001806812.0,2014-08-05T00:00:00.000Z,827.0,15.0,2026-07-24T12:34:00.000Z,,,31531408660.0,5744107706.228718,9108874652.87,"['medium-of-exchange', 'enterprise-solutions', 'decentralized-exchange-dex-token', 'defi', 'smart-contracts', 'hashkey-capital-portfolio', 'real-world-assets-protocols', '2017-2018-alt-season', 'made-in-america', 'binance-ecosystem', 'binance-listing', 'iso-20022', 'sec-cftc-token-taxonomy', 'sec-cftc-digital-commodities']",0.18217098284973096,121353636.78331952,121205617.99361348,148018.78970605,-16.7325,-0.10545725,-0.38525672,-0.864987,-4.85307172,21.32782364,5.90014719,6225675142.601297,0.2814,9108878291.2,,2026-07-24T12:34:00.000Z,,,,,
2026-07-24 14:34:55.684841,2010.0,Cardano,ADA,cardano,False,36489899411.97189,44993202652.386566,45000000000.0,2017-10-01T00:00:00.000Z,1718.0,16.0,2026-07-24T12:33:00.000Z,,,37997904336.0,6317872894.041794,7480974027.94,"['dpos', 'pos', 'platform', 'research', 'smart-contracts', 'staking', 'cardano-ecosystem', 'cardano', 'layer-1', 'alleged-sec-securities', '2017-2018-alt-season', 'made-in-america', 'us-strategic-crypto-reserve', 'binance-ecosystem', 'binance-listing', 'iso-20022', 'sec-cftc-token-taxonomy', 'sec-cftc-digital-commodities']",0.16626898257797104,232762490.332491,231897470.50200298,865019.83048803,-16.5066,0.08568438,-4.65971377,3.82543799,11.9394002,-32.13343016,-33.94858281,6067138449.601071,0.2741,7482104216.01,,2026-07-24T12:33:00.000Z,,,,,
2026-07-24 14:34:55.684841,37263.0,Canton,CC,canton-network,True,39145141881.92199,39145141881.92199,,2025-07-08T04:07:45.000Z,108.0,17.0,2026-07-24T12:33:00.000Z,,,39145141881.92,4687762189.349262,4687762189.35,"['proof-of-authority', 'store-of-value', 'enterprise-solutions', 'privacy', 'interoperability', 'scaling', 'smart-contracts', 'layer-1', 'binance-ecosystem', 'binance-listing', 'privacy-blockchain']",0.11975335798985576,12498556.48127168,10431310.29219805,2067246.18907362,7.3259,-0.0589872,-0.1918137,-7.59215297,-20.39784201,-27.92156781,-21.08082339,4687762189.3495,0.2118,4687762189.35,,2026-07-24T12:33:00.000Z,,,,,
2026-07-24 14:34:55.684841,4943.0,Dai,DAI,multi-collateral-dai,True,4647076141.403908,4647076141.403908,,2019-11-22T00:00:00.000Z,3771.0,18.0,2026-07-24T12:33:00.000Z,,,,,4645872803.25,"['defi', 'stablecoin', 'asset-backed-stablecoin', 'usd-stablecoin', 'xlayer-ecosystem', 'anubis-ecosystem']",0.9997410547809391,36581815.5767504,380556.33775739,36201259.238993,2.5849,-0.02018364,0.0021575,0.00282324,0.01573858,0.02229867,0.00546595,4645872803.254479,0.2099,4645872803.25,,2026-07-24T12:33:00.000Z,1027.0,ethereum,Ethereum,ETH,0x6b175474e89094c44da98b954eedeac495271d0f
2026-07-24 14:34:55.684841,1831.0,Bitcoin Cash,BCH,bitcoin-cash,False,20065618.75,20065618.75,21000000.0,2017-07-23T00:00:00.000Z,1173.0,19.0,2026-07-24T12:32:00.000Z,,,,,4220852986.34,"['mineable', 'pow', 'sha-256', 'marketplace', 'medium-of-exchange', 'store-of-value', 'enterprise-solutions', 'payments', 'layer-1', '2017-2018-alt-season', 'made-in-america', 'binance-ecosystem', 'binance-listing', 'sec-cftc-token-taxonomy', 'sec-cftc-digital-commodities']",210.35249592492943,99061497.63583782,99054984.70286183,6512.93297599,23.5602,-0.05307929,-2.72842773,-3.85404094,8.93485371,-39.77697622,-53.62997043,4220852986.3405623,0.1907,4417402414.42,,2026-07-24T12:32:00.000Z,,,,,
2026-07-24 14:34:55.684841,36148.0,World Liberty Financial USD,USD1,usd1,False,4152511634.4574523,4152511634.4574523,,2025-04-13T05:37:56.000Z,1229.0,20.0,2026-07-24T12:33:00.000Z,,,,,4147266026.51,"['stablecoin', 'asset-backed-stablecoin', 'usd-stablecoin', 'tron20-ecosystem', 'made-in-america', 'world-liberty-financial-portfolio', 'binance-ecosystem', 'binance-listing', 'wlfi-ecosystem']",0.9987367626128613,944494134.0788823,907627986.6344063,36866147.44447602,35.9778,-0.016038,-0.02643197,-0.02471991,-0.03754585,-0.01327415,-0.10410301,4147266026.5102773,0.1874,4147266026.51,,2026-07-24T12:33:00.000Z,1027.0,ethereum,Ethereum,ETH,0x8d0D000Ee44948FC98c9B98A4FA4921476f08B0d
2026-07-24 14:35:55.848719,1.0,Bitcoin,BTC,bitcoin,False,20060671.0,20060671.0,21000000.0,2010-07-13T00:00:00.000Z,12673.0,1.0,2026-07-24T12:33:00.000Z,,,,,1303852014065.52,"['mineable', 'pow', 'sha-256', 'store-of-value', 'state-channel', 'coinbase-ventures-portfolio', 'three-arrows-capital-portfolio', 'polychain-capital-portfolio', 'binance-labs-portfolio', 'blockchain-capital-portfolio', 'boostvc-portfolio', 'cms-holdings-portfolio', 'dcg-portfolio', 'dragonfly-capital-portfolio', 'electric-capital-portfolio', 'fabric-ventures-portfolio', 'framework-ventures-portfolio', 'galaxy-digital-portfolio', 'huobi-capital-portfolio', 'alameda-research-portfolio', 'a16z-portfolio', '1confirmation-portfolio', 'winklevoss-capital-portfolio', 'usv-portfolio', 'placeholder-ventures-portfolio', 'pantera-capital-portfolio', 'multicoin-capital-portfolio', 'paradigm-portfolio', 'bitcoin-ecosystem', 'layer-1', 'ftx-bankruptcy-estate', '2017-2018-alt-season', 'us-strategic-crypto-reserve', 'binance-ecosystem', 'binance-listing', 'sec-cftc-token-taxonomy', 'sec-cftc-digital-commodities']",64995.43380505678,25179606630.01865,25152916880.326977,26689749.69167335,16.5889,0.03706559,-0.53166424,2.93747838,3.60064715,-15.92892419,-16.25273317,1303852014065.5222,58.9109,1364904109906.19,,2026-07-24T12:33:00.000Z,,,,,
2026-07-24 14:35:55.848719,1027.0,Ethereum,ETH,ethereum,True,120682712.41641597,120682712.41641597,,2015-08-07T00:00:00.000Z,12237.0,2.0,2026-07-24T12:35:00.000Z,,,,,226955903084.14,"['pos', 'smart-contracts', 'ethereum-ecosystem', 'coinbase-ventures-portfolio', 'three-arrows-capital-portfolio', 'polychain-capital-portfolio', 'binance-labs-portfolio', 'blockchain-capital-portfolio', 'boostvc-portfolio', 'cms-holdings-portfolio', 'dcg-portfolio', 'dragonfly-capital-portfolio', 'electric-capital-portfolio', 'fabric-ventures-portfolio', 'framework-ventures-portfolio', 'hashkey-capital-portfolio', 'kenetic-capital-portfolio', 'huobi-capital-portfolio', 'alameda-research-portfolio', 'a16z-portfolio', '1confirmation-portfolio', 'winklevoss-capital-portfolio', 'usv-portfolio', 'placeholder-ventures-portfolio', 'pantera-capital-portfolio', 'multicoin-capital-portfolio', 'paradigm-portfolio', 'ethereum-pow-ecosystem', 'layer-1', 'ftx-bankruptcy-estate', 'sora-ecosystem', 'rsk-rbtc-ecosystem', 'world-liberty-financial-portfolio', 'us-strategic-crypto-reserve', 'binance-ecosystem', 'binance-listing', 'abstract-chain-ecosystem', 'unichain-ecosystem', 'soneium-ecosystem', 'sophon-ecosystem', 'sec-cftc-token-taxonomy', 'sec-cftc-digital-commodities', 'anubis-ecosystem', 'robinhood-ecosystem']",1880.599951226067,10015316754.999731,9931283685.112997,84033069.8867309,4.5286,0.06218176,-1.67448227,2.65500823,12.38896019,-11.10299804,-18.75020885,226955903084.14136,10.2596,226955903084.14,,2026-07-24T12:35:00.000Z,,,,,
2026-07-24 14:35:55.848719,825.0,Tether USDt,USDT,tether,True,184156916986.16385,189106724037.45197,,2015-02-25T00:00:00.000Z,191309.0,3.0,2026-07-24T12:34:00.000Z,,,,,188976710372.87,"['stablecoin', 'asset-backed-stablecoin', 'usd-stablecoin', 'ethereum-pow-ecosystem', 'fiat-stablecoin', 'tron20-ecosystem', 'rsk-rbtc-ecosystem', 'venom-ecosystem', 'world-liberty-financial-portfolio', 'binance-ecosystem', 'binance-listing', 'peaq-ecosystem', 'etherlink-ecosystem', 'duckchain-ecosystem', 'onus-ecosystem', 'sophon-ecosystem', 'xlayer-ecosystem']",0.9993124852368523,52474777628.189575,50977912054.255424,1496865573.9341402,7.3581,0.00591368,-0.02338492,0.02293228,0.0642993,0.02518884,-0.08299625,184030306387.0001,8.3189,188976710372.87,,2026-07-24T12:34:00.000Z,1027.0,ethereum,Ethereum,ETH,0xdac17f958d2ee523a2206206994597c13d831ec7
2026-07-24 14:35:55.848719,1839.0,BNB,BNB,bnb,False,133165746.73,133165746.73,133165746.73,2017-07-25T00:00:00.000Z,3316.0,4.0,2026-07-24T12:35:00.000Z,,,,,75367343377.71,"['marketplace', 'centralized-exchange', 'payments', 'smart-contracts', 'alameda-research-portfolio', 'multicoin-capital-portfolio', 'bnb-chain-ecosystem', 'layer-1', 'alleged-sec-securities', 'celsius-bankruptcy-estate', 'binance-ecosystem', 'binance-listing', 'etherlink-ecosystem', 'made-in-china']",565.9664382802437,925342674.0993959,903306516.618626,22036157.48077025,-2.116,0.01392449,-0.61318282,0.56977935,-2.05670398,-15.32098555,-10.84251686,75367343377.7071,3.4069,75367343377.71,,2026-07-24T12:35:00.000Z,,,,,
2026-07-24 14:35:55.848719,3408.0,USDC,USDC,usd-coin,False,72978910168.95134,72978910168.95134,,2018-10-08T00:00:00.000Z,41807.0,5.0,2026-07-24T12:33:00.000Z,,,60901219650.23,60905808415.23519,72984408959.8,"['medium-of-exchange', 'stablecoin', 'asset-backed-stablecoin', 'stellar-ecosystem', 'coinbase-ventures-portfolio', 'usd-stablecoin', 'xdc-ecosystem', 'ethereum-pow-ecosystem', 'fiat-stablecoin', 'tron20-ecosystem', 'venom-ecosystem', 'made-in-america', 'world-liberty-financial-portfolio', 'sonic-ecosystem', 'binance-ecosystem', 'binance-listing', 'hyperevm-ecosystem', 'etherlink-ecosystem', 'unichain-ecosystem', 'vector-smart-chain-ecosystem', 'sophon-ecosystem', 'monad-ecosystem', 'xlayer-ecosystem']",1.0000753476700721,10161596660.504622,8868112682.884422,1293483977.6201942,8.4533,0.01253816,0.02027507,0.00684629,0.02338362,0.0385147,0.03048638,72984408959.79697,3.2993,72984408959.8,,2026-07-24T12:33:00.000Z,1027.0,ethereum,Ethereum,ETH,0xa0b86991c6218b36c1d19d4a2e9eb0ce3606eb48
2026-07-24 14:35:55.848719,52.0,XRP,XRP,xrp,False,62466503703.0,99985639695.0,100000000000.0,2013-08-04T00:00:00.000Z,1851.0,6.0,2026-07-24T12:35:00.000Z,,,,,110341260551.38,"['medium-of-exchange', 'enterprise-solutions', 'xrp-ecosystem', 'solana-ecosystem', 'arrington-xrp-capital-portfolio', 'galaxy-digital-portfolio', 'a16z-portfolio', 'pantera-capital-portfolio', 'ftx-bankruptcy-estate', '2017-2018-alt-season', 'klaytn-ecosystem', 'made-in-america', 'us-strategic-crypto-reserve', 'binance-ecosystem', 'binance-listing', 'iso-20022', 'sec-cftc-token-taxonomy', 'sec-cftc-digital-commodities']",1.1035710816869855,1116692880.12964,1115941143.9779947,751736.15164545,18.4397,0.02192429,-2.19943043,2.12131155,1.18648022,-18.69269169,-22.84480413,68936227060.7238,3.1163,110357108168.7,,2026-07-24T12:35:00.000Z,,,,,
2026-07-24 14:35:55.848719,5426.0,Solana,SOL,solana,True,582864861.9342287,630867516.9633151,,2020-04-10T00:00:00.000Z,1147.0,7.0,2026-07-24T12:33:00.000Z,,,525236893.3,39464472585.28495,47401190102.47,"['pos', 'platform', 'solana-ecosystem', 'cms-holdings-portfolio', 'kenetic-capital-portfolio', 'alameda-research-portfolio', 'multicoin-capital-portfolio', 'okx-ventures-portfolio', 'layer-1', 'ftx-bankruptcy-estate', 'alleged-sec-securities', 'cmc-crypto-awards-2024', 'made-in-america', 'us-strategic-crypto-reserve', 'binance-ecosystem', 'binance-listing', 'sec-cftc-token-taxonomy', 'sec-cftc-digital-commodities', 'coinlist-launchpad']",75.13652047047653,1633261412.3156178,1633190757.9761825,70654.33943539,4.1649,-0.12588493,-3.01173177,0.74454603,7.90890515,-12.51064728,-13.03359892,43794437630.242645,1.9784,47401190102.47,,2026-07-24T12:33:00.000Z,,,,,
2026-07-24 14:35:55.848719,1958.0,TRON,TRX,tron,True,94878859029.26059,94878859501.95769,,2017-09-13T00:00:00.000Z,1352.0,8.0,2026-07-24T12:34:00.000Z,,,94667886298.43,31340052333.14209,31409895566.13,"['media', 'payments', 'tron-ecosystem', 'layer-1', 'dwf-labs-portfolio', 'alleged-sec-securities', '2017-2018-alt-season', 'tron20-ecosystem', 'world-liberty-financial-portfolio', 'binance-ecosystem', 'binance-listing', 'made-in-china']",0.33105262574835626,451369241.70769525,451284345.65895563,84896.04873965,20.0267,-0.10366959,1.34239941,2.65666014,0.02225362,-9.96514664,2.5137145,31409895409.644855,1.4192,31409895566.13,,2026-07-24T12:34:00.000Z,,,,,
2026-07-24 14:35:55.848719,32196.0,Hyperliquid,HYPE,hyperliquid,False,252727609.92386654,953084179.5974618,953084179.5974618,2024-07-15T10:14:50.000Z,293.0,9.0,2026-07-24T12:34:00.000Z,,,333931719.0,19519231528.832447,55710403383.48,"['decentralized-exchange-dex-token', 'defi', 'derivatives', 'layer-1', 'hyperliquid-ecosystem', 'binance-ecosystem', 'binance-listing', 'perpetuals']",58.45276270036644,346839571.2001591,299538405.7919272,47301165.40823188,-7.0753,0.20288003,-1.49958521,-2.62733094,-5.91523562,-7.26477101,40.69579088,14772627010.710545,0.6677,55710403383.48,,2026-07-24T12:34:00.000Z,32196.0,hyperliquid,Hyperliquid,HYPE,0x0d01dc56dcaaca66ad901c959b4011ec
2026-07-24 14:35:55.848719,74.0,Dogecoin,DOGE,dogecoin,True,155202516383.70523,155202516383.70523,,2013-12-15T00:00:00.000Z,1456.0,10.0,2026-07-24T12:34:00.000Z,,,,,10793786736.42,"['mineable', 'pow', 'scrypt', 'medium-of-exchange', 'memes', 'payments', 'doggone-doggerel', 'doge-chain-ecosystem', 'osmosis-ecosystem', 'ftx-bankruptcy-estate', 'animal-memes', 'made-in-america', 'binance-ecosystem', 'binance-listing', 'sec-cftc-token-taxonomy', 'sec-cftc-digital-commodities']",0.06954646733774722,934262448.9172146,933892604.8011221,369844.11609264,86.0274,0.00065632,-3.71034914,-3.1680903,-11.79152233,-32.4203716,-28.93660652,10793786736.415533,0.4879,10793786736.42,,2026-07-24T12:34:00.000Z,,,,,
2026-07-24 14:35:55.848719,3957.0,UNUS SED LEO,LEO,unus-sed-leo,False,920129382.9,985239504.0,,2019-05-21T00:00:00.000Z,69.0,11.0,2026-07-24T12:35:00.000Z,,,,,9457247064.96,"['marketplace', 'centralized-exchange', 'discount-token', 'payments', 'ethereum-ecosystem', 'kenetic-capital-portfolio', 'alameda-research-portfolio']",9.59893206327983,576995.15590745,576995.15590745,0.0,179.7391,-0.00337267,-1.30882414,-2.0238645,0.8185952,-4.55509493,-6.37192177,8832259435.884693,0.3993,9457247064.96,,2026-07-24T12:35:00.000Z,1027.0,ethereum,Ethereum,ETH,0x2af5d2ad76741191d15dfe7bf6ac92d4bd912ca3
2026-07-24 14:35:55.848719,1437.0,Zcash,ZEC,zcash,False,16786844.4155448,16786844.4155448,21000000.0,2016-10-29T00:00:00.000Z,630.0,12.0,2026-07-24T12:34:00.000Z,,,,,8432529713.02,"['mineable', 'pow', 'equihash', 'medium-of-exchange', 'privacy', 'zero-knowledge-proofs', 'quantum-resistant', 'binance-chain', 'boostvc-portfolio', 'dcg-portfolio', 'electric-capital-portfolio', 'fenbushi-capital-portfolio', 'hashkey-capital-portfolio', 'winklevoss-capital-portfolio', 'placeholder-ventures-portfolio', 'pantera-capital-portfolio', 'layer-1', 'standard-crypto-portfolio', '2017-2018-alt-season', 'made-in-america', 'binance-ecosystem', 'binance-listing', 'privacy-coins']",502.32965197499783,399890981.1781466,368630704.76925844,31260276.40888814,11.4268,0.15810833,-2.21515123,-5.68692504,19.9415588,-25.10257786,41.3806164,8432529713.019055,0.381,10548922691.47,,2026-07-24T12:34:00.000Z,,,,,
2026-07-24 14:35:55.848719,328.0,Monero,XMR,monero,True,18782099.14058,18782099.14058,,2014-05-21T00:00:00.000Z,372.0,13.0,2026-07-24T12:35:00.000Z,,,,,6649708537.54,"['mineable', 'pow', 'medium-of-exchange', 'privacy', 'ringct', 'boostvc-portfolio', 'electric-capital-portfolio', 'galaxy-digital-portfolio', 'layer-1', '2017-2018-alt-season', 'binance-ecosystem', 'binance-listing', 'privacy-coins']",354.0450131674465,100306326.14186478,100306326.14186478,0.0,43.0348,0.7099455,2.19638685,9.00642769,9.87068133,-7.82580288,-4.13733361,6649708537.538932,0.3004,6649708537.54,,2026-07-24T12:35:00.000Z,,,,,
2026-07-24 14:35:55.848719,1975.0,Chainlink,LINK,chainlink,False,748099970.424884,1000000000.0,1000000000.0,2017-09-20T00:00:00.000Z,2259.0,14.0,2026-07-24T12:35:00.000Z,,,,,8467877964.1,"['platform', 'cosmos-ecosystem', 'defi', 'privacy', 'interoperability', 'iot', 'oracles', 'smart-contracts', 'ethereum-ecosystem', 'tron-ecosystem', 'polkadot', 'polkadot-ecosystem', 'heco-ecosystem', 'avalanche-ecosystem', 'solana-ecosystem', 'framework-ventures-portfolio', 'hedera-hashgraph-ecosystem', 'polygon-ecosystem', 'fantom-ecosystem', 'cardano-ecosystem', 'terra-ecosystem', 'web3', 'near-protocol-ecosystem', 'arbitrum-ecosystem', 'celo-ecosystem', 'defi-2', 'cross-chain', 'cronos-ecosystem', 'cardano', 'injective-ecosystem', 'bnb-chain-ecosystem', 'oasis-ecosystem', 'moonbeam-ecosystem', 'xdc-ecosystem', 'metisdao-ecosystem', 'velas-ecosystem', 'doge-chain-ecosystem', 'aptos-ecosystem', 'sui-ecosystem', 'optimism-ecosystem', 'bitcoin-ecosystem', 'real-world-assets-protocols', 'zksync-era-ecosystem', 'kadena-ecosystem', 'base-ecosystem', 'linea-ecosystem', 'sei-ecosystem', 'toncoin-ecosystem', 'paal-ecosystem', 'blast-ecosystem', 'atomicals-ecosystem', 'move-vm', 'eigenlayer-ecosystem', 'hyperliquid-ecosystem', 'gnosis-chain-ecosystem', 'ronin-ecosystem', 'astar-ecosystem', 'core-ecosystem', 'starknet-ecosystem', 'mantle-ecosystem', 'opbnb-ecosystem', 'scroll-ecosystem', 'merlin-ecosystem', 'b²-network-ecosystem', 'mode-ecosystem', 'world-chain-mainnet-ecosystem', 'made-in-america', 'btcfi', 'world-liberty-financial-portfolio', 'corn-ecosystem', 'bonk-fun-ecosystem', 'sonic-ecosystem', 'binance-ecosystem', 'binance-listing', 'bittensor-ecosystem', 'hyperevm-ecosystem', 'etherlink-ecosystem', 'bera-chain-ecosystem', 'abstract-chain-ecosystem', 'unichain-ecosystem', 'soneium-ecosystem', 'fraxtal-ecosystem', 'monad-ecosystem', 'hashkey-chain-ecosystem', 'wlfi-ecosystem', 'plasma-ecosystem', 'x402-ecosystem', 'iso-20022', 'megaeth-ecosystem', 'sec-cftc-token-taxonomy', 'sec-cftc-digital-commodities', 'robinhood-ecosystem']",8.467877964097589,189521377.6433184,184556728.52667096,4964649.11664743,-6.4704,0.16921393,-1.52460744,3.57558604,11.40778764,-11.34449408,-9.7869093,6334819254.502933,0.2864,8467877964.1,,2026-07-24T12:35:00.000Z,1027.0,ethereum,Ethereum,ETH,0x514910771af9ca656af840dff83e8264ecf986ca
2026-07-24 14:35:55.848719,512.0,Stellar,XLM,stellar,False,34174900114.233486,50001786839.912476,50001806812.0,2014-08-05T00:00:00.000Z,827.0,15.0,2026-07-24T12:35:00.000Z,,,31531408660.0,5742794047.668339,9106791483.16,"['medium-of-exchange', 'enterprise-solutions', 'decentralized-exchange-dex-token', 'defi', 'smart-contracts', 'hashkey-capital-portfolio', 'real-world-assets-protocols', '2017-2018-alt-season', 'made-in-america', 'binance-ecosystem', 'binance-listing', 'iso-20022', 'sec-cftc-token-taxonomy', 'sec-cftc-digital-commodities']",0.18212932094446868,120867741.47989039,120719722.69018432,148018.78970605,-17.338,-0.12543225,-0.37211498,-0.87629171,-4.85346868,21.29710238,5.87922744,6224251351.15039,0.2814,9106795120.67,,2026-07-24T12:35:00.000Z,,,,,
2026-07-24 14:35:55.848719,2010.0,Cardano,ADA,cardano,False,36489899411.97189,44993202652.386566,45000000000.0,2017-10-01T00:00:00.000Z,1718.0,16.0,2026-07-24T12:34:00.000Z,,,37997904336.0,6315518070.908777,7478185689.05,"['dpos', 'pos', 'platform', 'research', 'smart-contracts', 'staking', 'cardano-ecosystem', 'cardano', 'layer-1', 'alleged-sec-securities', '2017-2018-alt-season', 'made-in-america', 'us-strategic-crypto-reserve', 'binance-ecosystem', 'binance-listing', 'iso-20022', 'sec-cftc-token-taxonomy', 'sec-cftc-digital-commodities']",0.16620701013043304,232724911.44629496,231860393.5079381,864517.93835686,-16.4941,0.08347962,-4.57219631,3.78742478,11.90188291,-32.15780785,-33.97554764,6064877081.224095,0.274,7479315455.87,,2026-07-24T12:34:00.000Z,,,,,
2026-07-24 14:35:55.848719,37263.0,Canton,CC,canton-network,True,39145141881.92199,39145141881.92199,,2025-07-08T04:07:45.000Z,108.0,17.0,2026-07-24T12:34:00.000Z,,,39145141881.92,4689311931.492437,4689311931.49,"['proof-of-authority', 'store-of-value', 'enterprise-solutions', 'privacy', 'interoperability', 'scaling', 'smart-contracts', 'layer-1', 'binance-ecosystem', 'binance-listing', 'privacy-blockchain']",0.11979294763160109,12492252.05391241,10420068.06539388,2072183.98851853,7.4063,-0.00105307,-0.13029152,-7.56088697,-20.36886297,-27.90667302,-21.05862521,4689311931.492675,0.2119,4689311931.49,,2026-07-24T12:34:00.000Z,,,,,
2026-07-24 14:35:55.848719,4943.0,Dai,DAI,multi-collateral-dai,True,4647076141.403908,4647076141.403908,,2019-11-22T00:00:00.000Z,3771.0,18.0,2026-07-24T12:35:00.000Z,,,,,4645905844.73,"['defi', 'stablecoin', 'asset-backed-stablecoin', 'usd-stablecoin', 'xlayer-ecosystem', 'anubis-ecosystem']",0.9997481649448599,36579025.20377367,380482.41776979,36198542.78600388,2.4361,-0.01316705,-0.01675608,0.02170656,0.01814147,0.02062648,0.0013232,4645905844.727596,0.2099,4645905844.73,,2026-07-24T12:35:00.000Z,1027.0,ethereum,Ethereum,ETH,0x6b175474e89094c44da98b954eedeac495271d0f
2026-07-24 14:35:55.848719,1831.0,Bitcoin Cash,BCH,bitcoin-cash,False,20065618.75,20065618.75,21000000.0,2017-07-23T00:00:00.000Z,1173.0,19.0,2026-07-24T12:33:00.000Z,,,,,4220890494.86,"['mineable', 'pow', 'sha-256', 'marketplace', 'medium-of-exchange', 'store-of-value', 'enterprise-solutions', 'payments', 'layer-1', '2017-2018-alt-season', 'made-in-america', 'binance-ecosystem', 'binance-listing', 'sec-cftc-token-taxonomy', 'sec-cftc-digital-commodities']",210.35436521781955,99063580.09028544,99057067.15730944,6512.93297599,23.5676,-0.04964733,-2.73170711,-3.81479803,8.97309145,-39.79211331,-53.62325,4220890494.859028,0.1907,4417441669.57,,2026-07-24T12:33:00.000Z,,,,,
2026-07-24 14:35:55.848719,36148.0,World Liberty Financial USD,USD1,usd1,False,4152511634.4574523,4152511634.4574523,,2025-04-13T05:37:56.000Z,1229.0,20.0,2026-07-24T12:34:00.000Z,,,,,4147799583.02,"['stablecoin', 'asset-backed-stablecoin', 'usd-stablecoin', 'tron20-ecosystem', 'made-in-america', 'world-liberty-financial-portfolio', 'binance-ecosystem', 'binance-listing', 'wlfi-ecosystem']",0.9988652526837977,945505101.876876,908702499.9099054,36802601.96697041,36.0714,-0.01147939,-0.01262528,-0.00956266,-0.01826694,-0.00361588,-0.09316873,4147799583.0247526,0.1874,4147799583.02,,2026-07-24T12:34:00.000Z,1027.0,ethereum,Ethereum,ETH,0x8d0D000Ee44948FC98c9B98A4FA4921476f08B0d
2026-07-24 14:36:56.023571,1.0,Bitcoin,BTC,bitcoin,False,20060671.0,20060671.0,21000000.0,2010-07-13T00:00:00.000Z,12673.0,1.0,2026-07-24T12:35:00.000Z,,,,,1302990504707.96,"['mineable', 'pow', 'sha-256', 'store-of-value', 'state-channel', 'coinbase-ventures-portfolio', 'three-arrows-capital-portfolio', 'polychain-capital-portfolio', 'binance-labs-portfolio', 'blockchain-capital-portfolio', 'boostvc-portfolio', 'cms-holdings-portfolio', 'dcg-portfolio', 'dragonfly-capital-portfolio', 'electric-capital-portfolio', 'fabric-ventures-portfolio', 'framework-ventures-portfolio', 'galaxy-digital-portfolio', 'huobi-capital-portfolio', 'alameda-research-portfolio', 'a16z-portfolio', '1confirmation-portfolio', 'winklevoss-capital-portfolio', 'usv-portfolio', 'placeholder-ventures-portfolio', 'pantera-capital-portfolio', 'multicoin-capital-portfolio', 'paradigm-portfolio', 'bitcoin-ecosystem', 'layer-1', 'ftx-bankruptcy-estate', '2017-2018-alt-season', 'us-strategic-crypto-reserve', 'binance-ecosystem', 'binance-listing', 'sec-cftc-token-taxonomy', 'sec-cftc-digital-commodities']",64952.48861356424,25150911354.00656,25124196252.550316,26715101.45624624,17.2574,0.0029576,-0.46763466,2.89935489,3.57658997,-15.99062602,-16.30325915,1302990504707.9583,58.872,1364002260884.85,,2026-07-24T12:35:00.000Z,,,,,
2026-07-24 14:36:56.023571,1027.0,Ethereum,ETH,ethereum,True,120682712.41641597,120682712.41641597,,2015-08-07T00:00:00.000Z,12237.0,2.0,2026-07-24T12:36:00.000Z,,,,,226854822563.76,"['pos', 'smart-contracts', 'ethereum-ecosystem', 'coinbase-ventures-portfolio', 'three-arrows-capital-portfolio', 'polychain-capital-portfolio', 'binance-labs-portfolio', 'blockchain-capital-portfolio', 'boostvc-portfolio', 'cms-holdings-portfolio', 'dcg-portfolio', 'dragonfly-capital-portfolio', 'electric-capital-portfolio', 'fabric-ventures-portfolio', 'framework-ventures-portfolio', 'hashkey-capital-portfolio', 'kenetic-capital-portfolio', 'huobi-capital-portfolio', 'alameda-research-portfolio', 'a16z-portfolio', '1confirmation-portfolio', 'winklevoss-capital-portfolio', 'usv-portfolio', 'placeholder-ventures-portfolio', 'pantera-capital-portfolio', 'multicoin-capital-portfolio', 'paradigm-portfolio', 'ethereum-pow-ecosystem', 'layer-1', 'ftx-bankruptcy-estate', 'sora-ecosystem', 'rsk-rbtc-ecosystem', 'world-liberty-financial-portfolio', 'us-strategic-crypto-reserve', 'binance-ecosystem', 'binance-listing', 'abstract-chain-ecosystem', 'unichain-ecosystem', 'soneium-ecosystem', 'sophon-ecosystem', 'sec-cftc-token-taxonomy', 'sec-cftc-digital-commodities', 'anubis-ecosystem', 'robinhood-ecosystem']",1879.7623787324292,10012245160.36213,9930126259.66581,82118900.6963165,4.4616,0.06082078,-1.71179478,2.63146359,12.35161165,-11.15604471,-18.78768581,226854822563.76376,10.255,226854822563.76,,2026-07-24T12:36:00.000Z,,,,,
2026-07-24 14:36:56.023571,825.0,Tether USDt,USDT,tether,True,184156916986.16385,189106724037.45197,,2015-02-25T00:00:00.000Z,191309.0,3.0,2026-07-24T12:35:00.000Z,,,,,188931527887.51,"['stablecoin', 'asset-backed-stablecoin', 'usd-stablecoin', 'ethereum-pow-ecosystem', 'fiat-stablecoin', 'tron20-ecosystem', 'rsk-rbtc-ecosystem', 'venom-ecosystem', 'world-liberty-financial-portfolio', 'binance-ecosystem', 'binance-listing', 'peaq-ecosystem', 'etherlink-ecosystem', 'duckchain-ecosystem', 'onus-ecosystem', 'sophon-ecosystem', 'xlayer-ecosystem']",0.9990735593838097,52448721946.920715,50951661931.673256,1497060015.2474873,7.3011,-0.0275484,-0.0657169,0.00015896,0.01642792,0.00039618,-0.10164173,183986306538.51547,8.3169,188931527887.51,,2026-07-24T12:35:00.000Z,1027.0,ethereum,Ethereum,ETH,0xdac17f958d2ee523a2206206994597c13d831ec7
2026-07-24 14:36:56.023571,1839.0,BNB,BNB,bnb,False,133165746.73,133165746.73,133165746.73,2017-07-25T00:00:00.000Z,3316.0,4.0,2026-07-24T12:36:00.000Z,,,,,75365706878.74,"['marketplace', 'centralized-exchange', 'payments', 'smart-contracts', 'alameda-research-portfolio', 'multicoin-capital-portfolio', 'bnb-chain-ecosystem', 'layer-1', 'alleged-sec-securities', 'celsius-bankruptcy-estate', 'binance-ecosystem', 'binance-listing', 'etherlink-ecosystem', 'made-in-china']",565.9541490917453,925317169.6219583,903277658.4965013,22039511.12545721,-2.1198,0.01819946,-0.61752005,0.57946138,-2.06307388,-15.35999974,-10.83285259,75365706878.74402,3.4068,75365706878.74,,2026-07-24T12:36:00.000Z,,,,,
2026-07-24 14:36:56.023571,3408.0,USDC,USDC,usd-coin,False,72978910168.95134,72978910168.95134,,2018-10-08T00:00:00.000Z,41807.0,5.0,2026-07-24T12:35:00.000Z,,,60901219650.23,60890534584.10836,72966106082.51,"['medium-of-exchange', 'stablecoin', 'asset-backed-stablecoin', 'stellar-ecosystem', 'coinbase-ventures-portfolio', 'usd-stablecoin', 'xdc-ecosystem', 'ethereum-pow-ecosystem', 'fiat-stablecoin', 'tron20-ecosystem', 'venom-ecosystem', 'made-in-america', 'world-liberty-financial-portfolio', 'sonic-ecosystem', 'binance-ecosystem', 'binance-listing', 'hyperevm-ecosystem', 'etherlink-ecosystem', 'unichain-ecosystem', 'vector-smart-chain-ecosystem', 'sophon-ecosystem', 'monad-ecosystem', 'xlayer-ecosystem']",0.9998245508680613,10152358442.372246,8856615060.041534,1295743382.3306763,9.4776,-0.02002256,-0.0130669,-0.00714224,0.00956361,0.00539966,0.0117384,72966106082.51236,3.2984,72966106082.51,,2026-07-24T12:35:00.000Z,1027.0,ethereum,Ethereum,ETH,0xa0b86991c6218b36c1d19d4a2e9eb0ce3606eb48
2026-07-24 14:36:56.023571,52.0,XRP,XRP,xrp,False,62466503703.0,99985639695.0,100000000000.0,2013-08-04T00:00:00.000Z,1851.0,6.0,2026-07-24T12:36:00.000Z,,,,,110331180907.8,"['medium-of-exchange', 'enterprise-solutions', 'xrp-ecosystem', 'solana-ecosystem', 'arrington-xrp-capital-portfolio', 'galaxy-digital-portfolio', 'a16z-portfolio', 'pantera-capital-portfolio', 'ftx-bankruptcy-estate', '2017-2018-alt-season', 'klaytn-ecosystem', 'made-in-america', 'us-strategic-crypto-reserve', 'binance-ecosystem', 'binance-listing', 'iso-20022', 'sec-cftc-token-taxonomy', 'sec-cftc-digital-commodities']",1.10347027077449,1116110772.6165104,1115359047.1854727,751725.43103781,18.2163,0.02217859,-2.21071496,2.13408009,1.18373117,-18.69866647,-22.8302353,68929929755.48509,3.116,110347027077.45,,2026-07-24T12:36:00.000Z,,,,,
2026-07-24 14:36:56.023571,5426.0,Solana,SOL,solana,True,582864861.9342287,630867516.9633151,,2020-04-10T00:00:00.000Z,1147.0,7.0,2026-07-24T12:34:00.000Z,,,525236893.3,39482800730.742516,47423204229.36,"['pos', 'platform', 'solana-ecosystem', 'cms-holdings-portfolio', 'kenetic-capital-portfolio', 'alameda-research-portfolio', 'multicoin-capital-portfolio', 'okx-ventures-portfolio', 'layer-1', 'ftx-bankruptcy-estate', 'alleged-sec-securities', 'cmc-crypto-awards-2024', 'made-in-america', 'us-strategic-crypto-reserve', 'binance-ecosystem', 'binance-listing', 'sec-cftc-token-taxonomy', 'sec-cftc-digital-commodities', 'coinlist-launchpad']",75.17141547821754,1631973327.434122,1631902669.1099799,70658.32414219,4.1022,-0.04753459,-2.86333896,0.79954048,7.95194103,-12.47259351,-12.99853656,43814776704.11181,1.9806,47423204229.36,,2026-07-24T12:34:00.000Z,,,,,
2026-07-24 14:36:56.023571,1958.0,TRON,TRX,tron,True,94878859029.26059,94878859501.95769,,2017-09-13T00:00:00.000Z,1352.0,8.0,2026-07-24T12:35:00.000Z,,,94667886298.43,31338833933.691742,31408674451.4,"['media', 'payments', 'tron-ecosystem', 'layer-1', 'dwf-labs-portfolio', 'alleged-sec-securities', '2017-2018-alt-season', 'tron20-ecosystem', 'world-liberty-financial-portfolio', 'binance-ecosystem', 'binance-listing', 'made-in-china']",0.33103975549744025,451296215.8251558,451211314.2727617,84901.55239411,20.0605,-0.10368891,1.34043951,2.65449572,0.01957192,-9.96883104,2.51209089,31408674294.922523,1.4191,31408674451.4,,2026-07-24T12:35:00.000Z,,,,,
2026-07-24 14:36:56.023571,32196.0,Hyperliquid,HYPE,hyperliquid,False,252727609.92386654,953084179.5974618,953084179.5974618,2024-07-15T10:14:50.000Z,293.0,9.0,2026-07-24T12:35:00.000Z,,,333931719.0,19515875042.562485,55700823538.92,"['decentralized-exchange-dex-token', 'defi', 'derivatives', 'layer-1', 'hyperliquid-ecosystem', 'binance-ecosystem', 'binance-listing', 'perpetuals']",58.44271128542444,346803333.6557915,299502168.2475597,47301165.40823188,-7.0349,0.2080769,-1.49451772,-2.64350244,-5.87172583,-7.29739186,40.68314839,14770086740.6359,0.6676,55700823538.92,,2026-07-24T12:35:00.000Z,32196.0,hyperliquid,Hyperliquid,HYPE,0x0d01dc56dcaaca66ad901c959b4011ec
2026-07-24 14:36:56.023571,74.0,Dogecoin,DOGE,dogecoin,True,155202516383.70523,155202516383.70523,,2013-12-15T00:00:00.000Z,1456.0,10.0,2026-07-24T12:35:00.000Z,,,,,10792449559.97,"['mineable', 'pow', 'scrypt', 'medium-of-exchange', 'memes', 'payments', 'doggone-doggerel', 'doge-chain-ecosystem', 'osmosis-ecosystem', 'ftx-bankruptcy-estate', 'animal-memes', 'made-in-america', 'binance-ecosystem', 'binance-listing', 'sec-cftc-token-taxonomy', 'sec-cftc-digital-commodities']",0.06953785164980723,933109339.2573845,932739558.2562855,369781.00109913,85.3848,-0.01122059,-3.6355529,-3.175136,-11.796159,-32.43492827,-28.94430462,10792449559.966871,0.4879,10792449559.97,,2026-07-24T12:35:00.000Z,,,,,
2026-07-24 14:36:56.023571,3957.0,UNUS SED LEO,LEO,unus-sed-leo,False,920129382.9,985239504.0,,2019-05-21T00:00:00.000Z,69.0,11.0,2026-07-24T12:36:00.000Z,,,,,9457230950.23,"['marketplace', 'centralized-exchange', 'discount-token', 'payments', 'ethereum-ecosystem', 'kenetic-capital-portfolio', 'alameda-research-portfolio']",9.59891570712606,576963.66003519,576963.66003519,0.0,179.7222,-0.00296811,-1.30936315,-2.02475239,0.78634967,-4.5546732,-6.37027485,8832244386.10702,0.3993,9457230950.23,,2026-07-24T12:36:00.000Z,1027.0,ethereum,Ethereum,ETH,0x2af5d2ad76741191d15dfe7bf6ac92d4bd912ca3
2026-07-24 14:36:56.023571,1437.0,Zcash,ZEC,zcash,False,16786844.4155448,16786844.4155448,21000000.0,2016-10-29T00:00:00.000Z,630.0,12.0,2026-07-24T12:35:00.000Z,,,,,8429577824.41,"['mineable', 'pow', 'equihash', 'medium-of-exchange', 'privacy', 'zero-knowledge-proofs', 'quantum-resistant', 'binance-chain', 'boostvc-portfolio', 'dcg-portfolio', 'electric-capital-portfolio', 'fenbushi-capital-portfolio', 'hashkey-capital-portfolio', 'winklevoss-capital-portfolio', 'placeholder-ventures-portfolio', 'pantera-capital-portfolio', 'layer-1', 'standard-crypto-portfolio', '2017-2018-alt-season', 'made-in-america', 'binance-ecosystem', 'binance-listing', 'privacy-coins']",502.1538066204436,399795426.23050195,368556981.6096213,31238444.62088065,11.3152,0.13848077,-2.23366707,-5.62707241,19.90293763,-25.1446282,41.3465116,8429577824.410957,0.3809,10545229939.03,,2026-07-24T12:35:00.000Z,,,,,
2026-07-24 14:36:56.023571,328.0,Monero,XMR,monero,True,18782099.14058,18782099.14058,,2014-05-21T00:00:00.000Z,372.0,13.0,2026-07-24T12:35:00.000Z,,,,,6649708537.54,"['mineable', 'pow', 'medium-of-exchange', 'privacy', 'ringct', 'boostvc-portfolio', 'electric-capital-portfolio', 'galaxy-digital-portfolio', 'layer-1', '2017-2018-alt-season', 'binance-ecosystem', 'binance-listing', 'privacy-coins']",354.0450131674465,100306326.14186478,100306326.14186478,0.0,43.0348,0.7099455,2.19638685,9.00642769,9.87068133,-7.82580288,-4.13733361,6649708537.538932,0.3004,6649708537.54,,2026-07-24T12:35:00.000Z,,,,,
2026-07-24 14:36:56.023571,1975.0,Chainlink,LINK,chainlink,False,748099970.424884,1000000000.0,1000000000.0,2017-09-20T00:00:00.000Z,2259.0,14.0,2026-07-24T12:36:00.000Z,,,,,8466651476.13,"['platform', 'cosmos-ecosystem', 'defi', 'privacy', 'interoperability', 'iot', 'oracles', 'smart-contracts', 'ethereum-ecosystem', 'tron-ecosystem', 'polkadot', 'polkadot-ecosystem', 'heco-ecosystem', 'avalanche-ecosystem', 'solana-ecosystem', 'framework-ventures-portfolio', 'hedera-hashgraph-ecosystem', 'polygon-ecosystem', 'fantom-ecosystem', 'cardano-ecosystem', 'terra-ecosystem', 'web3', 'near-protocol-ecosystem', 'arbitrum-ecosystem', 'celo-ecosystem', 'defi-2', 'cross-chain', 'cronos-ecosystem', 'cardano', 'injective-ecosystem', 'bnb-chain-ecosystem', 'oasis-ecosystem', 'moonbeam-ecosystem', 'xdc-ecosystem', 'metisdao-ecosystem', 'velas-ecosystem', 'doge-chain-ecosystem', 'aptos-ecosystem', 'sui-ecosystem', 'optimism-ecosystem', 'bitcoin-ecosystem', 'real-world-assets-protocols', 'zksync-era-ecosystem', 'kadena-ecosystem', 'base-ecosystem', 'linea-ecosystem', 'sei-ecosystem', 'toncoin-ecosystem', 'paal-ecosystem', 'blast-ecosystem', 'atomicals-ecosystem', 'move-vm', 'eigenlayer-ecosystem', 'hyperliquid-ecosystem', 'gnosis-chain-ecosystem', 'ronin-ecosystem', 'astar-ecosystem', 'core-ecosystem', 'starknet-ecosystem', 'mantle-ecosystem', 'opbnb-ecosystem', 'scroll-ecosystem', 'merlin-ecosystem', 'b²-network-ecosystem', 'mode-ecosystem', 'world-chain-mainnet-ecosystem', 'made-in-america', 'btcfi', 'world-liberty-financial-portfolio', 'corn-ecosystem', 'bonk-fun-ecosystem', 'sonic-ecosystem', 'binance-ecosystem', 'binance-listing', 'bittensor-ecosystem', 'hyperevm-ecosystem', 'etherlink-ecosystem', 'bera-chain-ecosystem', 'abstract-chain-ecosystem', 'unichain-ecosystem', 'soneium-ecosystem', 'fraxtal-ecosystem', 'monad-ecosystem', 'hashkey-chain-ecosystem', 'wlfi-ecosystem', 'plasma-ecosystem', 'x402-ecosystem', 'iso-20022', 'megaeth-ecosystem', 'sec-cftc-token-taxonomy', 'sec-cftc-digital-commodities', 'robinhood-ecosystem']",8.466651476129858,189476308.3621763,184512670.10009772,4963638.26207857,-6.5045,0.18167534,-1.52547629,3.58023718,11.42220314,-11.39962876,-9.79408246,6333901718.890547,0.2863,8466651476.13,,2026-07-24T12:36:00.000Z,1027.0,ethereum,Ethereum,ETH,0x514910771af9ca656af840dff83e8264ecf986ca
2026-07-24 14:36:56.023571,512.0,Stellar,XLM,stellar,False,34174900114.233486,50001786839.912476,50001806812.0,2014-08-05T00:00:00.000Z,827.0,15.0,2026-07-24T12:35:00.000Z,,,31531408660.0,5742794047.668339,9106791483.16,"['medium-of-exchange', 'enterprise-solutions', 'decentralized-exchange-dex-token', 'defi', 'smart-contracts', 'hashkey-capital-portfolio', 'real-world-assets-protocols', '2017-2018-alt-season', 'made-in-america', 'binance-ecosystem', 'binance-listing', 'iso-20022', 'sec-cftc-token-taxonomy', 'sec-cftc-digital-commodities']",0.18212932094446868,120867741.47989039,120719722.69018432,148018.78970605,-17.338,-0.12543225,-0.37211498,-0.87629171,-4.85346868,21.29710238,5.87922744,6224251351.15039,0.2814,9106795120.67,,2026-07-24T12:35:00.000Z,,,,,
2026-07-24 14:36:56.023571,2010.0,Cardano,ADA,cardano,False,36489899411.97189,44993202652.386566,45000000000.0,2017-10-01T00:00:00.000Z,1718.0,16.0,2026-07-24T12:35:00.000Z,,,37997904336.0,6313964751.587681,7476346408.37,"['dpos', 'pos', 'platform', 'research', 'smart-contracts', 'staking', 'cardano-ecosystem', 'cardano', 'layer-1', 'alleged-sec-securities', '2017-2018-alt-season', 'made-in-america', 'us-strategic-crypto-reserve', 'binance-ecosystem', 'binance-listing', 'iso-20022', 'sec-cftc-token-taxonomy', 'sec-cftc-digital-commodities']",0.1661661310517512,232717324.8780997,231853568.40444788,863756.47365182,-16.494,0.05494288,-4.58193529,3.76619231,11.89689451,-32.17473623,-33.98990876,6063385407.754941,0.274,7477475897.33,,2026-07-24T12:35:00.000Z,,,,,
2026-07-24 14:36:56.023571,37263.0,Canton,CC,canton-network,True,39145141881.92199,39145141881.92199,,2025-07-08T04:07:45.000Z,108.0,17.0,2026-07-24T12:35:00.000Z,,,39145141881.92,4689335345.223019,4689335345.22,"['proof-of-authority', 'store-of-value', 'enterprise-solutions', 'privacy', 'interoperability', 'scaling', 'smart-contracts', 'layer-1', 'binance-ecosystem', 'binance-listing', 'privacy-blockchain']",0.11979354575768919,12521824.06218101,10449640.07366247,2072183.98851853,7.677,-0.00823063,-0.13179047,-7.54985191,-20.36505928,-27.8922117,-21.05735817,4689335345.223257,0.2119,4689335345.22,,2026-07-24T12:35:00.000Z,,,,,
2026-07-24 14:36:56.023571,4943.0,Dai,DAI,multi-collateral-dai,True,4647076141.403908,4647076141.403908,,2019-11-22T00:00:00.000Z,3771.0,18.0,2026-07-24T12:35:00.000Z,,,,,4645905844.73,"['defi', 'stablecoin', 'asset-backed-stablecoin', 'usd-stablecoin', 'xlayer-ecosystem', 'anubis-ecosystem']",0.9997481649448599,36579025.20377367,380482.41776979,36198542.78600388,2.4361,-0.01316705,-0.01675608,0.02170656,0.01814147,0.02062648,0.0013232,4645905844.727596,0.2099,4645905844.73,,2026-07-24T12:35:00.000Z,1027.0,ethereum,Ethereum,ETH,0x6b175474e89094c44da98b954eedeac495271d0f
2026-07-24 14:36:56.023571,1831.0,Bitcoin Cash,BCH,bitcoin-cash,False,20065618.75,20065618.75,21000000.0,2017-07-23T00:00:00.000Z,1173.0,19.0,2026-07-24T12:34:00.000Z,,,,,4222370939.74,"['mineable', 'pow', 'sha-256', 'marketplace', 'medium-of-exchange', 'store-of-value', 'enterprise-solutions', 'payments', 'layer-1', '2017-2018-alt-season', 'made-in-america', 'binance-ecosystem', 'binance-listing', 'sec-cftc-token-taxonomy', 'sec-cftc-digital-commodities']",210.42814539354356,99056659.13957968,99050213.99755707,6445.1420226,23.5485,-0.00694479,-2.63113028,-3.77790521,9.01311255,-39.7732644,-53.60736406,4222370939.736414,0.1909,4418991053.26,,2026-07-24T12:34:00.000Z,,,,,
2026-07-24 14:36:56.023571,36148.0,World Liberty Financial USD,USD1,usd1,False,4152511634.4574523,4152511634.4574523,,2025-04-13T05:37:56.000Z,1229.0,20.0,2026-07-24T12:35:00.000Z,,,,,4147785227.26,"['stablecoin', 'asset-backed-stablecoin', 'usd-stablecoin', 'tron20-ecosystem', 'made-in-america', 'world-liberty-financial-portfolio', 'binance-ecosystem', 'binance-listing', 'wlfi-ecosystem']",0.9988617955548543,944527818.8732162,907745899.7113711,36781919.16184517,35.766,-0.0061769,-0.02295837,-0.00687232,-0.0202671,-0.00394167,-0.09087516,4147785227.2565937,0.1874,4147785227.26,,2026-07-24T12:35:00.000Z,1027.0,ethereum,Ethereum,ETH,0x8d0D000Ee44948FC98c9B98A4FA4921476f08B0d
